Newtonsoft.Json.Utilities.BidirectionalDictionary`2::Set	CALL	v20 @ X23_v1 (System.Collections.Generic.IDictionary`2<TFirst, TSecond>)	v196 @ X1_v8 (Il2CppClass<System.Collections.Generic.IDictionary`2<TFirst, TSecond>>)	7	System.Collections.Generic.IDictionary`2::TryGetValue	0x06002DF5	RUNTIME_DISPATCH	TFirst,TSecond	EXACT	lookup(receiver, interface class, slot) reaches the dispatch pointer; slot = Il2CppMethodDefinition.slot
Newtonsoft.Json.Utilities.BidirectionalDictionary`2::Set	CALL	v172 @ X23_v5 (System.Collections.Generic.IDictionary`2<TSecond, TFirst>)	v370 @ X1_v11 (Il2CppClass<System.Collections.Generic.IDictionary`2<TSecond, TFirst>>)	7	System.Collections.Generic.IDictionary`2::TryGetValue	0x06002DF5	RUNTIME_DISPATCH	TSecond,TFirst	EXACT	lookup(receiver, interface class, slot) reaches the dispatch pointer; slot = Il2CppMethodDefinition.slot
Newtonsoft.Json.Utilities.BidirectionalDictionary`2::Set	CALL	v173 @ X23_v6 (System.Collections.Generic.IDictionary`2<TFirst, TSecond>)	v532 @ X1_v14 (Il2CppClass<System.Collections.Generic.IDictionary`2<TFirst, TSecond>>)	5	System.Collections.Generic.IDictionary`2::Add	0x06002DF3	RUNTIME_DISPATCH	TFirst,TSecond	EXACT	lookup(receiver, interface class, slot) reaches the dispatch pointer; slot = Il2CppMethodDefinition.slot
Newtonsoft.Json.Utilities.BidirectionalDictionary`2::Set	CALL	v161 @ X22_v5 (System.Collections.Generic.IDictionary`2<TSecond, TFirst>)	v611 @ X1_v17 (Il2CppClass<System.Collections.Generic.IDictionary`2<TSecond, TFirst>>)	5	System.Collections.Generic.IDictionary`2::Add	0x06002DF3	RUNTIME_DISPATCH	TSecond,TFirst	EXACT	lookup(receiver, interface class, slot) reaches the dispatch pointer; slot = Il2CppMethodDefinition.slot
Newtonsoft.Json.Utilities.BidirectionalDictionary`2::TryGetByFirst	TAIL	v14 @ X21_v1 (System.Collections.Generic.IDictionary`2<TFirst, TSecond>)	v46 @ X1_v2 (Il2CppClass<System.Collections.Generic.IDictionary`2<TFirst, TSecond>>)	7	System.Collections.Generic.IDictionary`2::TryGetValue	0x06002DF5	RUNTIME_DISPATCH	TFirst,TSecond	EXACT	lookup(receiver, interface class, slot) reaches the dispatch pointer; slot = Il2CppMethodDefinition.slot
Newtonsoft.Json.Utilities.BidirectionalDictionary`2::TryGetBySecond	TAIL	v14 @ X21_v1 (System.Collections.Generic.IDictionary`2<TSecond, TFirst>)	v46 @ X1_v2 (Il2CppClass<System.Collections.Generic.IDictionary`2<TSecond, TFirst>>)	7	System.Collections.Generic.IDictionary`2::TryGetValue	0x06002DF5	RUNTIME_DISPATCH	TSecond,TFirst	EXACT	lookup(receiver, interface class, slot) reaches the dispatch pointer; slot = Il2CppMethodDefinition.slot
Newtonsoft.Json.Utilities.CollectionUtils::IsNullOrEmpty	CALL	collection @ X0 (System.Collections.Generic.ICollection`1<T>)	v54 @ X1_v2 (Il2CppClass<System.Collections.Generic.ICollection`1<T>>)	0	System.Collections.Generic.ICollection`1::get_Count	0x06002DE6	RUNTIME_DISPATCH	T	EXACT	lookup(receiver, interface class, slot) reaches the dispatch pointer; slot = Il2CppMethodDefinition.slot
Newtonsoft.Json.Utilities.CollectionUtils::AddRange	CALL	collection @ X1 (System.Collections.Generic.IEnumerable`1<T>)	v183 @ X1_v11 (Il2CppClass<System.Collections.Generic.IEnumerable`1<T>>)	0	System.Collections.Generic.IEnumerable`1::GetEnumerator	0x06002DF6	RUNTIME_DISPATCH	T	EXACT	lookup(receiver, interface class, slot) reaches the dispatch pointer; slot = Il2CppMethodDefinition.slot
Newtonsoft.Json.Utilities.CollectionUtils::AddRange	CALL	initial @ X0 (System.Collections.Generic.IList`1<T>)	v691 @ X1_v21 (Il2CppClass<System.Collections.Generic.ICollection`1<T>>)	2	System.Collections.Generic.ICollection`1::Add	0x06002DE8	RUNTIME_DISPATCH	T	EXACT	lookup(receiver, interface class, slot) reaches the dispatch pointer; slot = Il2CppMethodDefinition.slot
Newtonsoft.Json.Utilities.CollectionUtils::AddRange	CALL	v325 @ X0_v36	v572 @ X1_v18 (Il2CppClass<System.Collections.Generic.IEnumerator`1<T>>)	0	System.Collections.Generic.IEnumerator`1::get_Current	0x06002DF7	RUNTIME_DISPATCH	T	EXACT	lookup(receiver, interface class, slot) reaches the dispatch pointer; slot = Il2CppMethodDefinition.slot
Newtonsoft.Json.Utilities.CollectionUtils::IndexOf	CALL	collection @ X0 (System.Collections.Generic.IEnumerable`1<T>)	v128 @ X1_v8 (Il2CppClass<System.Collections.Generic.IEnumerable`1<T>>)	0	System.Collections.Generic.IEnumerable`1::GetEnumerator	0x06002DF6	RUNTIME_DISPATCH	T	EXACT	lookup(receiver, interface class, slot) reaches the dispatch pointer; slot = Il2CppMethodDefinition.slot
Newtonsoft.Json.Utilities.CollectionUtils::IndexOf	CALL	v274 @ X0_v27	v612 @ X1_v16 (Il2CppClass<System.Collections.Generic.IEnumerator`1<T>>)	0	System.Collections.Generic.IEnumerator`1::get_Current	0x06002DF7	RUNTIME_DISPATCH	T	EXACT	lookup(receiver, interface class, slot) reaches the dispatch pointer; slot = Il2CppMethodDefinition.slot
Newtonsoft.Json.Utilities.CollectionWrapper`1::GetEnumerator	TAIL	v43 @ X19_v2 (System.Collections.Generic.ICollection`1<T>)	v55 @ X1_v3 (Il2CppClass<System.Collections.Generic.IEnumerable`1<T>>)	0	System.Collections.Generic.IEnumerable`1::GetEnumerator	0x06002DF6	RUNTIME_DISPATCH	T	EXACT	lookup(receiver, interface class, slot) reaches the dispatch pointer; slot = Il2CppMethodDefinition.slot
Newtonsoft.Json.Utilities.DictionaryWrapper`2::get_Keys	TAIL	v104 @ X0_v5 (System.Collections.Generic.IDictionary`2<TKey, TValue>)	v207 @ X1_v5 (Il2CppClass<System.Collections.Generic.IDictionary`2<TKey, TValue>>)	2	System.Collections.Generic.IDictionary`2::get_Keys	0x06002DF0	RUNTIME_DISPATCH	TKey,TValue	EXACT	lookup(receiver, interface class, slot) reaches the dispatch pointer; slot = Il2CppMethodDefinition.slot
Newtonsoft.Json.Utilities.DictionaryWrapper`2::get_Keys	CALL	this._readOnlyDictionary (System.Collections.Generic.IReadOnlyDictionary`2<TKey, TValue>)	Type: Il2CppClass<System.Collections.Generic.IReadOnlyDictionary`2<TKey, TValue>>	3	System.Collections.Generic.IReadOnlyDictionary`2::get_Keys	0x06002E03	RUNTIME_DISPATCH	TKey,TValue	EXACT	lookup(receiver, interface class, slot) reaches the dispatch pointer; slot = Il2CppMethodDefinition.slot
Newtonsoft.Json.Utilities.DictionaryWrapper`2::get_Values	TAIL	v104 @ X0_v5 (System.Collections.Generic.IDictionary`2<TKey, TValue>)	v207 @ X1_v5 (Il2CppClass<System.Collections.Generic.IDictionary`2<TKey, TValue>>)	3	System.Collections.Generic.IDictionary`2::get_Values	0x06002DF1	RUNTIME_DISPATCH	TKey,TValue	EXACT	lookup(receiver, interface class, slot) reaches the dispatch pointer; slot = Il2CppMethodDefinition.slot
Newtonsoft.Json.Utilities.DictionaryWrapper`2::get_Values	CALL	this._readOnlyDictionary (System.Collections.Generic.IReadOnlyDictionary`2<TKey, TValue>)	Type: Il2CppClass<System.Collections.Generic.IReadOnlyDictionary`2<TKey, TValue>>	4	System.Collections.Generic.IReadOnlyDictionary`2::get_Values	0x06002E04	RUNTIME_DISPATCH	TKey,TValue	EXACT	lookup(receiver, interface class, slot) reaches the dispatch pointer; slot = Il2CppMethodDefinition.slot
Newtonsoft.Json.Utilities.DictionaryWrapper`2::CopyTo	CALL	v214 @ X0_v34 (System.Collections.Generic.IDictionary`2<TKey, TValue>)	v343 @ X1_v14 (Il2CppClass<System.Collections.Generic.ICollection`1<System.Collections.Generic.KeyValuePair`2<TKey, TValue>>>)	5	System.Collections.Generic.ICollection`1::CopyTo	0x06002DEB	RUNTIME_DISPATCH	System.Collections.Generic.KeyValuePair`2<TKey, TValue>	EXACT	lookup(receiver, interface class, slot) reaches the dispatch pointer; slot = Il2CppMethodDefinition.slot
Newtonsoft.Json.Utilities.DictionaryWrapper`2::System.Collections.IDictionary.GetEnumerator	CALL	v51 @ X20_v3 (System.Collections.Generic.IReadOnlyDictionary`2<TKey, TValue>)	v129 @ X1_v11 (Il2CppClass<System.Collections.Generic.IEnumerable`1<System.Collections.Generic.KeyValuePair`2<TKey, TValue>>>)	0	System.Collections.Generic.IEnumerable`1::GetEnumerator	0x06002DF6	RUNTIME_DISPATCH	System.Collections.Generic.KeyValuePair`2<TKey, TValue>	EXACT	lookup(receiver, interface class, slot) reaches the dispatch pointer; slot = Il2CppMethodDefinition.slot
Newtonsoft.Json.Utilities.DictionaryWrapper`2::System.Collections.IDictionary.GetEnumerator	CALL	v104 @ X0_v9 (System.Collections.Generic.IDictionary`2<TKey, TValue>)	v208 @ X1_v6 (Il2CppClass<System.Collections.Generic.IEnumerable`1<System.Collections.Generic.KeyValuePair`2<TKey, TValue>>>)	0	System.Collections.Generic.IEnumerable`1::GetEnumerator	0x06002DF6	RUNTIME_DISPATCH	System.Collections.Generic.KeyValuePair`2<TKey, TValue>	EXACT	lookup(receiver, interface class, slot) reaches the dispatch pointer; slot = Il2CppMethodDefinition.slot
Newtonsoft.Json.Utilities.DictionaryWrapper`2::System.Collections.ICollection.CopyTo	TAIL	v105 @ X0_v14 (System.Collections.Generic.IDictionary`2<TKey, TValue>)	v349 @ X22_v6 (Il2CppClass<System.Collections.Generic.ICollection`1<System.Collections.Generic.KeyValuePair`2<TKey, TValue>>>)	5	System.Collections.Generic.ICollection`1::CopyTo	0x06002DEB	RUNTIME_DISPATCH	System.Collections.Generic.KeyValuePair`2<TKey, TValue>	EXACT	lookup(receiver, interface class, slot) reaches the dispatch pointer; slot = Il2CppMethodDefinition.slot
Newtonsoft.Json.Serialization.DefaultContractResolver+EnumerableDictionaryWrapper`2+<GetEnumerator>d__2::MoveNext	CALL	v256 @ X24_v11	v444 @ X1_v24 (Il2CppClass<System.Collections.Generic.IEnumerable`1<System.Collections.Generic.KeyValuePair`2<TEnumeratorKey, TEnumeratorValue>>>)	0	System.Collections.Generic.IEnumerable`1::GetEnumerator	0x06002DF6	RUNTIME_DISPATCH	System.Collections.Generic.KeyValuePair`2<TEnumeratorKey, TEnumeratorValue>	EXACT	lookup(receiver, interface class, slot) reaches the dispatch pointer; slot = Il2CppMethodDefinition.slot
Newtonsoft.Json.Linq.JEnumerable`1::GetEnumerator	CALL	v33 @ X20_v2 (System.Collections.Generic.IEnumerable`1<T>)	v186 @ X1_v4 (Il2CppClass<System.Collections.Generic.IEnumerable`1<T>>)	0	System.Collections.Generic.IEnumerable`1::GetEnumerator	0x06002DF6	RUNTIME_DISPATCH	T	EXACT	lookup(receiver, interface class, slot) reaches the dispatch pointer; slot = Il2CppMethodDefinition.slot
FluidPhysicsCoupler::Shuffle	CALL	list @ X1 (System.Collections.Generic.IList`1<T>)	v96 @ X1_v5 (Il2CppClass<System.Collections.Generic.ICollection`1<T>>)	0	System.Collections.Generic.ICollection`1::get_Count	0x06002DE6	RUNTIME_DISPATCH	T	EXACT	lookup(receiver, interface class, slot) reaches the dispatch pointer; slot = Il2CppMethodDefinition.slot
Facebook.Unity.FB+Windows::SetVirtualGamepadLayout	TAIL	v43 @ X0_v2 (Facebook.Unity.Windows.IWindowsFacebook)	[v46 @ X8_v3 (Il2CppClass<Facebook.Unity.Windows.IWindowsFacebook>)]	0	Facebook.Unity.Windows.IWindowsFacebook::SetVirtualGamepadLayout	0x0600034C	RUNTIME_DISPATCH		EXACT	lookup(receiver, interface class, slot) reaches the dispatch pointer; slot = Il2CppMethodDefinition.slot
Facebook.Unity.FB+Windows::SetSoftKeyboardOpen	TAIL	v43 @ X0_v2 (Facebook.Unity.Windows.IWindowsFacebook)	[v46 @ X8_v3 (Il2CppClass<Facebook.Unity.Windows.IWindowsFacebook>)]	1	Facebook.Unity.Windows.IWindowsFacebook::SetSoftKeyboardOpen	0x0600034D	RUNTIME_DISPATCH		EXACT	lookup(receiver, interface class, slot) reaches the dispatch pointer; slot = Il2CppMethodDefinition.slot
Facebook.Unity.FB+Windows::CreateReferral	TAIL	v43 @ X0_v2 (Facebook.Unity.Windows.IWindowsFacebook)	[v46 @ X8_v3 (Il2CppClass<Facebook.Unity.Windows.IWindowsFacebook>)]	2	Facebook.Unity.Windows.IWindowsFacebook::CreateReferral	0x0600034E	RUNTIME_DISPATCH		EXACT	lookup(receiver, interface class, slot) reaches the dispatch pointer; slot = Il2CppMethodDefinition.slot
Facebook.Unity.FB+Windows::GetDataReferral	TAIL	v38 @ X0_v2 (Facebook.Unity.Windows.IWindowsFacebook)	[v41 @ X8_v3 (Il2CppClass<Facebook.Unity.Windows.IWindowsFacebook>)]	3	Facebook.Unity.Windows.IWindowsFacebook::GetDataReferral	0x0600034F	RUNTIME_DISPATCH		EXACT	lookup(receiver, interface class, slot) reaches the dispatch pointer; slot = Il2CppMethodDefinition.slot
Newtonsoft.Json.Utilities.BidirectionalDictionary`2::Set	CALL	v20 @ X23_v1 (System.Collections.Generic.IDictionary`2<TFirst, TSecond>)	v196 @ X1_v8 (Il2CppClass<System.Collections.Generic.IDictionary`2<TFirst, TSecond>>)	7	System.Collections.Generic.IDictionary`2::TryGetValue	0x06002DF5	RUNTIME_DISPATCH	TFirst,TSecond	EXACT	lookup(receiver, interface class, slot) reaches the dispatch pointer; slot = Il2CppMethodDefinition.slot
Newtonsoft.Json.Utilities.BidirectionalDictionary`2::Set	CALL	v172 @ X23_v5 (System.Collections.Generic.IDictionary`2<TSecond, TFirst>)	v370 @ X1_v11 (Il2CppClass<System.Collections.Generic.IDictionary`2<TSecond, TFirst>>)	7	System.Collections.Generic.IDictionary`2::TryGetValue	0x06002DF5	RUNTIME_DISPATCH	TSecond,TFirst	EXACT	lookup(receiver, interface class, slot) reaches the dispatch pointer; slot = Il2CppMethodDefinition.slot
Newtonsoft.Json.Utilities.BidirectionalDictionary`2::Set	CALL	v173 @ X23_v6 (System.Collections.Generic.IDictionary`2<TFirst, TSecond>)	v532 @ X1_v14 (Il2CppClass<System.Collections.Generic.IDictionary`2<TFirst, TSecond>>)	5	System.Collections.Generic.IDictionary`2::Add	0x06002DF3	RUNTIME_DISPATCH	TFirst,TSecond	EXACT	lookup(receiver, interface class, slot) reaches the dispatch pointer; slot = Il2CppMethodDefinition.slot
Newtonsoft.Json.Utilities.BidirectionalDictionary`2::Set	CALL	v161 @ X22_v5 (System.Collections.Generic.IDictionary`2<TSecond, TFirst>)	v611 @ X1_v17 (Il2CppClass<System.Collections.Generic.IDictionary`2<TSecond, TFirst>>)	5	System.Collections.Generic.IDictionary`2::Add	0x06002DF3	RUNTIME_DISPATCH	TSecond,TFirst	EXACT	lookup(receiver, interface class, slot) reaches the dispatch pointer; slot = Il2CppMethodDefinition.slot
Newtonsoft.Json.Utilities.BidirectionalDictionary`2::TryGetByFirst	TAIL	v14 @ X21_v1 (System.Collections.Generic.IDictionary`2<TFirst, TSecond>)	v46 @ X1_v2 (Il2CppClass<System.Collections.Generic.IDictionary`2<TFirst, TSecond>>)	7	System.Collections.Generic.IDictionary`2::TryGetValue	0x06002DF5	RUNTIME_DISPATCH	TFirst,TSecond	EXACT	lookup(receiver, interface class, slot) reaches the dispatch pointer; slot = Il2CppMethodDefinition.slot
Newtonsoft.Json.Utilities.BidirectionalDictionary`2::TryGetBySecond	TAIL	v14 @ X21_v1 (System.Collections.Generic.IDictionary`2<TSecond, TFirst>)	v46 @ X1_v2 (Il2CppClass<System.Collections.Generic.IDictionary`2<TSecond, TFirst>>)	7	System.Collections.Generic.IDictionary`2::TryGetValue	0x06002DF5	RUNTIME_DISPATCH	TSecond,TFirst	EXACT	lookup(receiver, interface class, slot) reaches the dispatch pointer; slot = Il2CppMethodDefinition.slot
Newtonsoft.Json.Utilities.CollectionUtils::IsNullOrEmpty	CALL	collection @ X0 (System.Collections.Generic.ICollection`1<T>)	v54 @ X1_v2 (Il2CppClass<System.Collections.Generic.ICollection`1<T>>)	0	System.Collections.Generic.ICollection`1::get_Count	0x06002DE6	RUNTIME_DISPATCH	T	EXACT	lookup(receiver, interface class, slot) reaches the dispatch pointer; slot = Il2CppMethodDefinition.slot
Newtonsoft.Json.Utilities.CollectionUtils::AddRange	CALL	collection @ X1 (System.Collections.Generic.IEnumerable`1<T>)	v183 @ X1_v11 (Il2CppClass<System.Collections.Generic.IEnumerable`1<T>>)	0	System.Collections.Generic.IEnumerable`1::GetEnumerator	0x06002DF6	RUNTIME_DISPATCH	T	EXACT	lookup(receiver, interface class, slot) reaches the dispatch pointer; slot = Il2CppMethodDefinition.slot
Newtonsoft.Json.Utilities.CollectionUtils::AddRange	CALL	initial @ X0 (System.Collections.Generic.IList`1<T>)	v691 @ X1_v21 (Il2CppClass<System.Collections.Generic.ICollection`1<T>>)	2	System.Collections.Generic.ICollection`1::Add	0x06002DE8	RUNTIME_DISPATCH	T	EXACT	lookup(receiver, interface class, slot) reaches the dispatch pointer; slot = Il2CppMethodDefinition.slot
Newtonsoft.Json.Utilities.CollectionUtils::AddRange	CALL	v325 @ X0_v36	v572 @ X1_v18 (Il2CppClass<System.Collections.Generic.IEnumerator`1<T>>)	0	System.Collections.Generic.IEnumerator`1::get_Current	0x06002DF7	RUNTIME_DISPATCH	T	EXACT	lookup(receiver, interface class, slot) reaches the dispatch pointer; slot = Il2CppMethodDefinition.slot
Newtonsoft.Json.Utilities.CollectionUtils::IndexOf	CALL	collection @ X0 (System.Collections.Generic.IEnumerable`1<T>)	v128 @ X1_v8 (Il2CppClass<System.Collections.Generic.IEnumerable`1<T>>)	0	System.Collections.Generic.IEnumerable`1::GetEnumerator	0x06002DF6	RUNTIME_DISPATCH	T	EXACT	lookup(receiver, interface class, slot) reaches the dispatch pointer; slot = Il2CppMethodDefinition.slot
Newtonsoft.Json.Utilities.CollectionUtils::IndexOf	CALL	v274 @ X0_v27	v612 @ X1_v16 (Il2CppClass<System.Collections.Generic.IEnumerator`1<T>>)	0	System.Collections.Generic.IEnumerator`1::get_Current	0x06002DF7	RUNTIME_DISPATCH	T	EXACT	lookup(receiver, interface class, slot) reaches the dispatch pointer; slot = Il2CppMethodDefinition.slot
Newtonsoft.Json.Utilities.CollectionWrapper`1::GetEnumerator	TAIL	v43 @ X19_v2 (System.Collections.Generic.ICollection`1<T>)	v55 @ X1_v3 (Il2CppClass<System.Collections.Generic.IEnumerable`1<T>>)	0	System.Collections.Generic.IEnumerable`1::GetEnumerator	0x06002DF6	RUNTIME_DISPATCH	T	EXACT	lookup(receiver, interface class, slot) reaches the dispatch pointer; slot = Il2CppMethodDefinition.slot
Newtonsoft.Json.Serialization.DefaultContractResolver+EnumerableDictionaryWrapper`2+<GetEnumerator>d__2::MoveNext	CALL	v256 @ X24_v11	v444 @ X1_v24 (Il2CppClass<System.Collections.Generic.IEnumerable`1<System.Collections.Generic.KeyValuePair`2<TEnumeratorKey, TEnumeratorValue>>>)	0	System.Collections.Generic.IEnumerable`1::GetEnumerator	0x06002DF6	RUNTIME_DISPATCH	System.Collections.Generic.KeyValuePair`2<TEnumeratorKey, TEnumeratorValue>	EXACT	lookup(receiver, interface class, slot) reaches the dispatch pointer; slot = Il2CppMethodDefinition.slot
Newtonsoft.Json.Linq.JEnumerable`1::GetEnumerator	CALL	v33 @ X20_v2 (System.Collections.Generic.IEnumerable`1<T>)	v186 @ X1_v4 (Il2CppClass<System.Collections.Generic.IEnumerable`1<T>>)	0	System.Collections.Generic.IEnumerable`1::GetEnumerator	0x06002DF6	RUNTIME_DISPATCH	T	EXACT	lookup(receiver, interface class, slot) reaches the dispatch pointer; slot = Il2CppMethodDefinition.slot
Newtonsoft.Json.Utilities.DictionaryWrapper`2::get_Keys	TAIL	v104 @ X0_v5 (System.Collections.Generic.IDictionary`2<TKey, TValue>)	v207 @ X1_v5 (Il2CppClass<System.Collections.Generic.IDictionary`2<TKey, TValue>>)	2	System.Collections.Generic.IDictionary`2::get_Keys	0x06002DF0	RUNTIME_DISPATCH	TKey,TValue	EXACT	lookup(receiver, interface class, slot) reaches the dispatch pointer; slot = Il2CppMethodDefinition.slot
Newtonsoft.Json.Utilities.DictionaryWrapper`2::get_Keys	CALL	this._readOnlyDictionary (System.Collections.Generic.IReadOnlyDictionary`2<TKey, TValue>)	Type: Il2CppClass<System.Collections.Generic.IReadOnlyDictionary`2<TKey, TValue>>	3	System.Collections.Generic.IReadOnlyDictionary`2::get_Keys	0x06002E03	RUNTIME_DISPATCH	TKey,TValue	EXACT	lookup(receiver, interface class, slot) reaches the dispatch pointer; slot = Il2CppMethodDefinition.slot
Newtonsoft.Json.Utilities.DictionaryWrapper`2::get_Values	TAIL	v104 @ X0_v5 (System.Collections.Generic.IDictionary`2<TKey, TValue>)	v207 @ X1_v5 (Il2CppClass<System.Collections.Generic.IDictionary`2<TKey, TValue>>)	3	System.Collections.Generic.IDictionary`2::get_Values	0x06002DF1	RUNTIME_DISPATCH	TKey,TValue	EXACT	lookup(receiver, interface class, slot) reaches the dispatch pointer; slot = Il2CppMethodDefinition.slot
Newtonsoft.Json.Utilities.DictionaryWrapper`2::get_Values	CALL	this._readOnlyDictionary (System.Collections.Generic.IReadOnlyDictionary`2<TKey, TValue>)	Type: Il2CppClass<System.Collections.Generic.IReadOnlyDictionary`2<TKey, TValue>>	4	System.Collections.Generic.IReadOnlyDictionary`2::get_Values	0x06002E04	RUNTIME_DISPATCH	TKey,TValue	EXACT	lookup(receiver, interface class, slot) reaches the dispatch pointer; slot = Il2CppMethodDefinition.slot
Newtonsoft.Json.Utilities.DictionaryWrapper`2::CopyTo	CALL	v214 @ X0_v34 (System.Collections.Generic.IDictionary`2<TKey, TValue>)	v343 @ X1_v14 (Il2CppClass<System.Collections.Generic.ICollection`1<System.Collections.Generic.KeyValuePair`2<TKey, TValue>>>)	5	System.Collections.Generic.ICollection`1::CopyTo	0x06002DEB	RUNTIME_DISPATCH	System.Collections.Generic.KeyValuePair`2<TKey, TValue>	EXACT	lookup(receiver, interface class, slot) reaches the dispatch pointer; slot = Il2CppMethodDefinition.slot
Newtonsoft.Json.Utilities.DictionaryWrapper`2::System.Collections.IDictionary.GetEnumerator	CALL	v51 @ X20_v3 (System.Collections.Generic.IReadOnlyDictionary`2<TKey, TValue>)	v129 @ X1_v11 (Il2CppClass<System.Collections.Generic.IEnumerable`1<System.Collections.Generic.KeyValuePair`2<TKey, TValue>>>)	0	System.Collections.Generic.IEnumerable`1::GetEnumerator	0x06002DF6	RUNTIME_DISPATCH	System.Collections.Generic.KeyValuePair`2<TKey, TValue>	EXACT	lookup(receiver, interface class, slot) reaches the dispatch pointer; slot = Il2CppMethodDefinition.slot
Newtonsoft.Json.Utilities.DictionaryWrapper`2::System.Collections.IDictionary.GetEnumerator	CALL	v104 @ X0_v9 (System.Collections.Generic.IDictionary`2<TKey, TValue>)	v208 @ X1_v6 (Il2CppClass<System.Collections.Generic.IEnumerable`1<System.Collections.Generic.KeyValuePair`2<TKey, TValue>>>)	0	System.Collections.Generic.IEnumerable`1::GetEnumerator	0x06002DF6	RUNTIME_DISPATCH	System.Collections.Generic.KeyValuePair`2<TKey, TValue>	EXACT	lookup(receiver, interface class, slot) reaches the dispatch pointer; slot = Il2CppMethodDefinition.slot
Newtonsoft.Json.Utilities.DictionaryWrapper`2::System.Collections.ICollection.CopyTo	TAIL	v105 @ X0_v14 (System.Collections.Generic.IDictionary`2<TKey, TValue>)	v349 @ X22_v6 (Il2CppClass<System.Collections.Generic.ICollection`1<System.Collections.Generic.KeyValuePair`2<TKey, TValue>>>)	5	System.Collections.Generic.ICollection`1::CopyTo	0x06002DEB	RUNTIME_DISPATCH	System.Collections.Generic.KeyValuePair`2<TKey, TValue>	EXACT	lookup(receiver, interface class, slot) reaches the dispatch pointer; slot = Il2CppMethodDefinition.slot
FluidPhysicsCoupler::Shuffle	CALL	list @ X1 (System.Collections.Generic.IList`1<T>)	v96 @ X1_v5 (Il2CppClass<System.Collections.Generic.ICollection`1<T>>)	0	System.Collections.Generic.ICollection`1::get_Count	0x06002DE6	RUNTIME_DISPATCH	T	EXACT	lookup(receiver, interface class, slot) reaches the dispatch pointer; slot = Il2CppMethodDefinition.slot
Facebook.Unity.FB+Windows::SetVirtualGamepadLayout	TAIL	v43 @ X0_v2 (Facebook.Unity.Windows.IWindowsFacebook)	[v46 @ X8_v3 (Il2CppClass<Facebook.Unity.Windows.IWindowsFacebook>)]	0	Facebook.Unity.Windows.IWindowsFacebook::SetVirtualGamepadLayout	0x0600034C	RUNTIME_DISPATCH		EXACT	lookup(receiver, interface class, slot) reaches the dispatch pointer; slot = Il2CppMethodDefinition.slot
Facebook.Unity.FB+Windows::SetSoftKeyboardOpen	TAIL	v43 @ X0_v2 (Facebook.Unity.Windows.IWindowsFacebook)	[v46 @ X8_v3 (Il2CppClass<Facebook.Unity.Windows.IWindowsFacebook>)]	1	Facebook.Unity.Windows.IWindowsFacebook::SetSoftKeyboardOpen	0x0600034D	RUNTIME_DISPATCH		EXACT	lookup(receiver, interface class, slot) reaches the dispatch pointer; slot = Il2CppMethodDefinition.slot
Facebook.Unity.FB+Windows::CreateReferral	TAIL	v43 @ X0_v2 (Facebook.Unity.Windows.IWindowsFacebook)	[v46 @ X8_v3 (Il2CppClass<Facebook.Unity.Windows.IWindowsFacebook>)]	2	Facebook.Unity.Windows.IWindowsFacebook::CreateReferral	0x0600034E	RUNTIME_DISPATCH		EXACT	lookup(receiver, interface class, slot) reaches the dispatch pointer; slot = Il2CppMethodDefinition.slot
Facebook.Unity.FB+Windows::GetDataReferral	TAIL	v38 @ X0_v2 (Facebook.Unity.Windows.IWindowsFacebook)	[v41 @ X8_v3 (Il2CppClass<Facebook.Unity.Windows.IWindowsFacebook>)]	3	Facebook.Unity.Windows.IWindowsFacebook::GetDataReferral	0x0600034F	RUNTIME_DISPATCH		EXACT	lookup(receiver, interface class, slot) reaches the dispatch pointer; slot = Il2CppMethodDefinition.slot
