Newtonsoft.Json.JsonConvert::DeserializeObject	CALL	v258 @ X19_v5 (Newtonsoft.Json.JsonTextReader)	[v262 @ X23_v6 (Il2CppClass<System.IDisposable>)]	0	System.IDisposable::Dispose	0x06000742	RUNTIME_DISPATCH		EXACT	lookup(receiver, interface class, slot) reaches the dispatch pointer; slot = Il2CppMethodDefinition.slot
Newtonsoft.Json.JsonConvert::DeserializeObject	CALL	v258 @ X19_v5 (Newtonsoft.Json.JsonTextReader)	[v262 @ X23_v6 (Il2CppClass<System.IDisposable>)]	0	System.IDisposable::Dispose	0x06000742	RUNTIME_DISPATCH		EXACT	lookup(receiver, interface class, slot) reaches the dispatch pointer; slot = Il2CppMethodDefinition.slot
Newtonsoft.Json.JsonConvert::DeserializeObject	CALL	v258 @ X19_v5 (Newtonsoft.Json.JsonTextReader)	[v262 @ X23_v6 (Il2CppClass<System.IDisposable>)]	0	System.IDisposable::Dispose	0x06000742	RUNTIME_DISPATCH		EXACT	lookup(receiver, interface class, slot) reaches the dispatch pointer; slot = Il2CppMethodDefinition.slot
Newtonsoft.Json.JsonConvert::DeserializeObject	CALL	v258 @ X19_v5 (Newtonsoft.Json.JsonTextReader)	[v262 @ X23_v6 (Il2CppClass<System.IDisposable>)]	0	System.IDisposable::Dispose	0x06000742	RUNTIME_DISPATCH		EXACT	lookup(receiver, interface class, slot) reaches the dispatch pointer; slot = Il2CppMethodDefinition.slot
Newtonsoft.Json.JsonValidatingReader::get_CurrentMemberSchemas	CALL	v183 @ X21_v1 (System.IDisposable)	v928 @ X1_v23 (Il2CppClass<System.IDisposable>)	0	System.IDisposable::Dispose	0x06000742	RUNTIME_DISPATCH		EXACT	lookup(receiver, interface class, slot) reaches the dispatch pointer; slot = Il2CppMethodDefinition.slot
Newtonsoft.Json.Utilities.BidirectionalDictionary`2::Set	CALL	v14 @ X23_v1 (System.Collections.Generic.IDictionary`2<TFirst, TSecond>)	v161 @ X1_v8 (Il2CppClass<System.Collections.Generic.IDictionary`2<TFirst, TSecond>>)	7	System.Collections.Generic.IDictionary`2::TryGetValue	0x06002E05	RUNTIME_DISPATCH	TFirst,TSecond	EXACT	lookup(receiver, interface class, slot) reaches the dispatch pointer; slot = Il2CppMethodDefinition.slot
Newtonsoft.Json.Utilities.BidirectionalDictionary`2::Set	CALL	v139 @ X23_v5 (System.Collections.Generic.IDictionary`2<TSecond, TFirst>)	v322 @ X1_v12 (Il2CppClass<System.Collections.Generic.IDictionary`2<TSecond, TFirst>>)	7	System.Collections.Generic.IDictionary`2::TryGetValue	0x06002E05	RUNTIME_DISPATCH	TSecond,TFirst	EXACT	lookup(receiver, interface class, slot) reaches the dispatch pointer; slot = Il2CppMethodDefinition.slot
Newtonsoft.Json.Utilities.BidirectionalDictionary`2::Set	CALL	v140 @ X23_v6 (System.Collections.Generic.IDictionary`2<TFirst, TSecond>)	v467 @ X1_v16 (Il2CppClass<System.Collections.Generic.IDictionary`2<TFirst, TSecond>>)	5	System.Collections.Generic.IDictionary`2::Add	0x06002E03	RUNTIME_DISPATCH	TFirst,TSecond	EXACT	lookup(receiver, interface class, slot) reaches the dispatch pointer; slot = Il2CppMethodDefinition.slot
Newtonsoft.Json.Utilities.BidirectionalDictionary`2::Set	CALL	v121 @ X22_v5 (System.Collections.Generic.IDictionary`2<TSecond, TFirst>)	v545 @ X1_v19 (Il2CppClass<System.Collections.Generic.IDictionary`2<TSecond, TFirst>>)	5	System.Collections.Generic.IDictionary`2::Add	0x06002E03	RUNTIME_DISPATCH	TSecond,TFirst	EXACT	lookup(receiver, interface class, slot) reaches the dispatch pointer; slot = Il2CppMethodDefinition.slot
Newtonsoft.Json.Utilities.BidirectionalDictionary`2::TryGetByFirst	TAIL	v8 @ X21_v1 (System.Collections.Generic.IDictionary`2<TFirst, TSecond>)	v39 @ X1_v2 (Il2CppClass<System.Collections.Generic.IDictionary`2<TFirst, TSecond>>)	7	System.Collections.Generic.IDictionary`2::TryGetValue	0x06002E05	RUNTIME_DISPATCH	TFirst,TSecond	EXACT	lookup(receiver, interface class, slot) reaches the dispatch pointer; slot = Il2CppMethodDefinition.slot
Newtonsoft.Json.Utilities.BidirectionalDictionary`2::TryGetBySecond	TAIL	v8 @ X21_v1 (System.Collections.Generic.IDictionary`2<TSecond, TFirst>)	v39 @ X1_v2 (Il2CppClass<System.Collections.Generic.IDictionary`2<TSecond, TFirst>>)	7	System.Collections.Generic.IDictionary`2::TryGetValue	0x06002E05	RUNTIME_DISPATCH	TSecond,TFirst	EXACT	lookup(receiver, interface class, slot) reaches the dispatch pointer; slot = Il2CppMethodDefinition.slot
Newtonsoft.Json.Utilities.CollectionUtils::IsNullOrEmpty	CALL	collection @ X0 (System.Collections.Generic.ICollection`1<T>)	v45 @ X1_v3 (Il2CppClass<System.Collections.Generic.ICollection`1<T>>)	0	System.Collections.Generic.ICollection`1::get_Count	0x06002DF6	RUNTIME_DISPATCH	T	EXACT	lookup(receiver, interface class, slot) reaches the dispatch pointer; slot = Il2CppMethodDefinition.slot
Newtonsoft.Json.Utilities.CollectionUtils::AddRange	CALL	collection @ X1 (System.Collections.Generic.IEnumerable`1<T>)	v127 @ X1_v14 (Il2CppClass<System.Collections.Generic.IEnumerable`1<T>>)	0	System.Collections.Generic.IEnumerable`1::GetEnumerator	0x06002E06	RUNTIME_DISPATCH	T	EXACT	lookup(receiver, interface class, slot) reaches the dispatch pointer; slot = Il2CppMethodDefinition.slot
Newtonsoft.Json.Utilities.CollectionUtils::AddRange	CALL	v264 @ X0_v45 (System.Collections.IEnumerator)	v480 @ X1_v20 (Il2CppClass<System.Collections.Generic.IEnumerator`1<T>>)	0	System.Collections.Generic.IEnumerator`1::get_Current	0x06002E07	RUNTIME_DISPATCH	T	EXACT	lookup(receiver, interface class, slot) reaches the dispatch pointer; slot = Il2CppMethodDefinition.slot
Newtonsoft.Json.Utilities.CollectionUtils::AddRange	CALL	initial @ X0 (System.Collections.Generic.IList`1<T>)	v726 @ X1_v23 (Il2CppClass<System.Collections.Generic.ICollection`1<T>>)	2	System.Collections.Generic.ICollection`1::Add	0x06002DF8	RUNTIME_DISPATCH	T	EXACT	lookup(receiver, interface class, slot) reaches the dispatch pointer; slot = Il2CppMethodDefinition.slot
Newtonsoft.Json.Utilities.CollectionUtils::ContainsValue	CALL	source @ X0 (System.Collections.Generic.IEnumerable`1<TSource>)	v137 @ X1_v15 (Il2CppClass<System.Collections.Generic.IEnumerable`1<TSource>>)	0	System.Collections.Generic.IEnumerable`1::GetEnumerator	0x06002E06	RUNTIME_DISPATCH	TSource	EXACT	lookup(receiver, interface class, slot) reaches the dispatch pointer; slot = Il2CppMethodDefinition.slot
Newtonsoft.Json.Utilities.CollectionUtils::ContainsValue	CALL	v226 @ X0_v47 (System.Collections.IEnumerator)	v454 @ X1_v21 (Il2CppClass<System.Collections.Generic.IEnumerator`1<TSource>>)	0	System.Collections.Generic.IEnumerator`1::get_Current	0x06002E07	RUNTIME_DISPATCH	TSource	EXACT	lookup(receiver, interface class, slot) reaches the dispatch pointer; slot = Il2CppMethodDefinition.slot
Newtonsoft.Json.Utilities.CollectionUtils::ContainsValue	CALL	v62 @ X22_v2 (System.Collections.Generic.IEqualityComparer`1<TSource>)	v807 @ X1_v24 (Il2CppClass<System.Collections.Generic.IEqualityComparer`1<TSource>>)	0	System.Collections.Generic.IEqualityComparer`1::Equals	0x06002E08	RUNTIME_DISPATCH	TSource	EXACT	lookup(receiver, interface class, slot) reaches the dispatch pointer; slot = Il2CppMethodDefinition.slot
Newtonsoft.Json.Utilities.CollectionUtils::AddRangeDistinct	CALL	values @ X1 (System.Collections.Generic.IEnumerable`1<T>)	v60 @ X1_v11 (Il2CppClass<System.Collections.Generic.IEnumerable`1<T>>)	0	System.Collections.Generic.IEnumerable`1::GetEnumerator	0x06002E06	RUNTIME_DISPATCH	T	EXACT	lookup(receiver, interface class, slot) reaches the dispatch pointer; slot = Il2CppMethodDefinition.slot
Newtonsoft.Json.Utilities.CollectionUtils::AddRangeDistinct	CALL	v110 @ X0_v36 (System.Collections.IEnumerator)	v566 @ X1_v17 (Il2CppClass<System.Collections.Generic.IEnumerator`1<T>>)	0	System.Collections.Generic.IEnumerator`1::get_Current	0x06002E07	RUNTIME_DISPATCH	T	EXACT	lookup(receiver, interface class, slot) reaches the dispatch pointer; slot = Il2CppMethodDefinition.slot
Newtonsoft.Json.Utilities.CollectionUtils::IndexOf	CALL	collection @ X0 (System.Collections.Generic.IEnumerable`1<T>)	v112 @ X1_v13 (Il2CppClass<System.Collections.Generic.IEnumerable`1<T>>)	0	System.Collections.Generic.IEnumerable`1::GetEnumerator	0x06002E06	RUNTIME_DISPATCH	T	EXACT	lookup(receiver, interface class, slot) reaches the dispatch pointer; slot = Il2CppMethodDefinition.slot
Newtonsoft.Json.Utilities.CollectionUtils::IndexOf	CALL	v151 @ X0_v38 (System.Collections.IEnumerator)	v609 @ X1_v19 (Il2CppClass<System.Collections.Generic.IEnumerator`1<T>>)	0	System.Collections.Generic.IEnumerator`1::get_Current	0x06002E07	RUNTIME_DISPATCH	T	EXACT	lookup(receiver, interface class, slot) reaches the dispatch pointer; slot = Il2CppMethodDefinition.slot
Newtonsoft.Json.Utilities.CollectionWrapper`1::GetEnumerator	TAIL	v39 @ X19_v2 (System.Collections.Generic.ICollection`1<T>)	v50 @ X1_v3 (Il2CppClass<System.Collections.Generic.IEnumerable`1<T>>)	0	System.Collections.Generic.IEnumerable`1::GetEnumerator	0x06002E06	RUNTIME_DISPATCH	T	EXACT	lookup(receiver, interface class, slot) reaches the dispatch pointer; slot = Il2CppMethodDefinition.slot
Newtonsoft.Json.Utilities.DictionaryWrapper`2::get_Keys	CALL	this._readOnlyDictionary (System.Collections.Generic.IReadOnlyDictionary`2<TKey, TValue>)	Type: Il2CppClass<System.Collections.Generic.IReadOnlyDictionary`2<TKey, TValue>>	3	System.Collections.Generic.IReadOnlyDictionary`2::get_Keys	0x06002E13	RUNTIME_DISPATCH	TKey,TValue	EXACT	lookup(receiver, interface class, slot) reaches the dispatch pointer; slot = Il2CppMethodDefinition.slot
Newtonsoft.Json.Utilities.DictionaryWrapper`2::get_Values	CALL	this._readOnlyDictionary (System.Collections.Generic.IReadOnlyDictionary`2<TKey, TValue>)	Type: Il2CppClass<System.Collections.Generic.IReadOnlyDictionary`2<TKey, TValue>>	4	System.Collections.Generic.IReadOnlyDictionary`2::get_Values	0x06002E14	RUNTIME_DISPATCH	TKey,TValue	EXACT	lookup(receiver, interface class, slot) reaches the dispatch pointer; slot = Il2CppMethodDefinition.slot
Newtonsoft.Json.Utilities.DictionaryWrapper`2::CopyTo	CALL	v241 @ X0_v47 (System.Collections.Generic.IDictionary`2<TKey, TValue>)	v425 @ X1_v20 (Il2CppClass<System.Collections.Generic.ICollection`1<System.Collections.Generic.KeyValuePair`2<TKey, TValue>>>)	5	System.Collections.Generic.ICollection`1::CopyTo	0x06002DFB	RUNTIME_DISPATCH	System.Collections.Generic.KeyValuePair`2<TKey, TValue>	EXACT	lookup(receiver, interface class, slot) reaches the dispatch pointer; slot = Il2CppMethodDefinition.slot
Newtonsoft.Json.Utilities.DictionaryWrapper`2::CopyTo	CALL	v542 @ X0_v13 (System.OutOfMemoryException)	[v156 @ X26_v2 (Il2CppClass<System.IDisposable>)]	0	System.IDisposable::Dispose	0x06000742	RUNTIME_DISPATCH		EXACT	lookup(receiver, interface class, slot) reaches the dispatch pointer; slot = Il2CppMethodDefinition.slot
Newtonsoft.Json.Utilities.DictionaryWrapper`2::System.Collections.IDictionary.GetEnumerator	CALL	v216 @ X20_v7 (System.Collections.Generic.IReadOnlyDictionary`2<TKey, TValue>)	v200 @ X1_v6 (Il2CppClass<System.Collections.Generic.IEnumerable`1<System.Collections.Generic.KeyValuePair`2<TKey, TValue>>>)	0	System.Collections.Generic.IEnumerable`1::GetEnumerator	0x06002E06	RUNTIME_DISPATCH	System.Collections.Generic.KeyValuePair`2<TKey, TValue>	EXACT	lookup(receiver, interface class, slot) reaches the dispatch pointer; slot = Il2CppMethodDefinition.slot
Newtonsoft.Json.Utilities.DictionaryWrapper`2::System.Collections.ICollection.CopyTo	TAIL	v100 @ X0_v16 (System.Collections.Generic.IDictionary`2<TKey, TValue>)	Type: Il2CppClass<System.Collections.Generic.ICollection`1<System.Collections.Generic.KeyValuePair`2<TKey, TValue>>>	5	System.Collections.Generic.ICollection`1::CopyTo	0x06002DFB	RUNTIME_DISPATCH	System.Collections.Generic.KeyValuePair`2<TKey, TValue>	EXACT	lookup(receiver, interface class, slot) reaches the dispatch pointer; slot = Il2CppMethodDefinition.slot
Newtonsoft.Json.Utilities.EnumUtils::GetFlagsValues	CALL	v229 @ X0_v92 (System.Collections.Generic.IList`1<T>)	v115 @ X24_v10 (Il2CppClass<System.Collections.Generic.ICollection`1<T>>)	2	System.Collections.Generic.ICollection`1::Add	0x06002DF8	RUNTIME_DISPATCH	T	EXACT	lookup(receiver, interface class, slot) reaches the dispatch pointer; slot = Il2CppMethodDefinition.slot
Newtonsoft.Json.Utilities.EnumUtils::GetFlagsValues	CALL	v242 @ X20_v2 (System.Collections.Generic.IList`1<T>)	v367 @ X1_v5 (Il2CppClass<System.Collections.Generic.ICollection`1<T>>)	0	System.Collections.Generic.ICollection`1::get_Count	0x06002DF6	RUNTIME_DISPATCH	T	EXACT	lookup(receiver, interface class, slot) reaches the dispatch pointer; slot = Il2CppMethodDefinition.slot
Newtonsoft.Json.Utilities.EnumUtils::GetFlagsValues	CALL	v242 @ X20_v2 (System.Collections.Generic.IList`1<T>)	Type: Il2CppClass<System.Collections.Generic.ICollection`1<T>>	2	System.Collections.Generic.ICollection`1::Add	0x06002DF8	RUNTIME_DISPATCH	T	EXACT	lookup(receiver, interface class, slot) reaches the dispatch pointer; slot = Il2CppMethodDefinition.slot
Newtonsoft.Json.Utilities.JavaScriptUtils::.cctor	CALL	v1672 @ X20_v28 (System.Collections.Generic.IEnumerator`1<System.Char>)	[v1630 @ X24_v18 (Il2CppClass<System.IDisposable>)]	0	System.IDisposable::Dispose	0x06000742	RUNTIME_DISPATCH		EXACT	lookup(receiver, interface class, slot) reaches the dispatch pointer; slot = Il2CppMethodDefinition.slot
Newtonsoft.Json.Utilities.JavaScriptUtils::.cctor	CALL	v326 @ X0_v46	[v121 @ X25_v3 (Il2CppClass<System.Collections.Generic.IEnumerable`1<System.Char>>)]	0	System.Collections.Generic.IEnumerable`1::GetEnumerator	0x06002E06	RUNTIME_DISPATCH	System.Char	EXACT	lookup(receiver, interface class, slot) reaches the dispatch pointer; slot = Il2CppMethodDefinition.slot
Newtonsoft.Json.Utilities.JavaScriptUtils::.cctor	CALL	v1394 @ X20_v27 (System.Collections.IEnumerator)	[v1630 @ X24_v18 (Il2CppClass<System.IDisposable>)]	0	System.IDisposable::Dispose	0x06000742	RUNTIME_DISPATCH		EXACT	lookup(receiver, interface class, slot) reaches the dispatch pointer; slot = Il2CppMethodDefinition.slot
Newtonsoft.Json.Utilities.JavaScriptUtils::.cctor	CALL	v327 @ X0_v22	[v683 @ X25_v1 (Il2CppClass<System.Collections.Generic.IEnumerable`1<System.Char>>)]	0	System.Collections.Generic.IEnumerable`1::GetEnumerator	0x06002E06	RUNTIME_DISPATCH	System.Char	EXACT	lookup(receiver, interface class, slot) reaches the dispatch pointer; slot = Il2CppMethodDefinition.slot
Newtonsoft.Json.Utilities.JavaScriptUtils::.cctor	CALL	v1671 @ X19_v23 (System.Collections.Generic.List`1<System.Char>)	[v681 @ X24_v1 (Il2CppClass<System.IDisposable>)]	0	System.IDisposable::Dispose	0x06000742	RUNTIME_DISPATCH		EXACT	lookup(receiver, interface class, slot) reaches the dispatch pointer; slot = Il2CppMethodDefinition.slot
Newtonsoft.Json.Utilities.JavaScriptUtils::.cctor	CALL	v1671 @ X19_v23 (System.Collections.Generic.List`1<System.Char>)	[v681 @ X24_v1 (Il2CppClass<System.IDisposable>)]	0	System.IDisposable::Dispose	0x06000742	RUNTIME_DISPATCH		EXACT	lookup(receiver, interface class, slot) reaches the dispatch pointer; slot = Il2CppMethodDefinition.slot
Newtonsoft.Json.Utilities.JavaScriptUtils::.cctor	CALL	0	[v1630 @ X24_v18 (Il2CppClass<System.IDisposable>)]	0	System.IDisposable::Dispose	0x06000742	RUNTIME_DISPATCH		EXACT	lookup(receiver, interface class, slot) reaches the dispatch pointer; slot = Il2CppMethodDefinition.slot
Newtonsoft.Json.Utilities.JavaScriptUtils::.cctor	CALL	0	[v1630 @ X24_v18 (Il2CppClass<System.IDisposable>)]	0	System.IDisposable::Dispose	0x06000742	RUNTIME_DISPATCH		EXACT	lookup(receiver, interface class, slot) reaches the dispatch pointer; slot = Il2CppMethodDefinition.slot
Newtonsoft.Json.Utilities.ReflectionUtils::GetChildPrivateProperties	CALL	initialProperties @ X0 (System.Collections.Generic.IList`1<System.Reflection.PropertyInfo>)	v617 @ X1_v13 (Il2CppClass<System.Collections.Generic.ICollection`1<System.Reflection.PropertyInfo>>)	2	System.Collections.Generic.ICollection`1::Add	0x06002DF8	RUNTIME_DISPATCH	System.Reflection.PropertyInfo	EXACT	lookup(receiver, interface class, slot) reaches the dispatch pointer; slot = Il2CppMethodDefinition.slot
Newtonsoft.Json.Serialization.DiagnosticsTraceWriter::Trace	CALL	v642 @ X0_v10 (System.Collections.IEnumerator)	[v133 @ X25_v3 (Il2CppClass<System.IDisposable>)]	0	System.IDisposable::Dispose	0x06000742	RUNTIME_DISPATCH		EXACT	lookup(receiver, interface class, slot) reaches the dispatch pointer; slot = Il2CppMethodDefinition.slot
Newtonsoft.Json.Serialization.JsonSerializerInternalReader::CreateJToken	CALL	v416 @ X21_v4 (Newtonsoft.Json.Linq.JTokenWriter)	[v304 @ X24_v3 (Il2CppClass<System.IDisposable>)]	0	System.IDisposable::Dispose	0x06000742	RUNTIME_DISPATCH		EXACT	lookup(receiver, interface class, slot) reaches the dispatch pointer; slot = Il2CppMethodDefinition.slot
Newtonsoft.Json.Serialization.JsonSerializerInternalReader::CreateJToken	CALL	v458 @ X0_v21 (System.Globalization.CultureInfo)	[v304 @ X24_v3 (Il2CppClass<System.IDisposable>)]	0	System.IDisposable::Dispose	0x06000742	RUNTIME_DISPATCH		EXACT	lookup(receiver, interface class, slot) reaches the dispatch pointer; slot = Il2CppMethodDefinition.slot
Newtonsoft.Json.Serialization.JsonSerializerInternalWriter::SerializeDictionary	CALL	v822 @ X0_v9 (System.Collections.IDictionaryEnumerator)	[v323 @ X26_v2 (Il2CppClass<System.IDisposable>)]	0	System.IDisposable::Dispose	0x06000742	RUNTIME_DISPATCH		EXACT	lookup(receiver, interface class, slot) reaches the dispatch pointer; slot = Il2CppMethodDefinition.slot
Newtonsoft.Json.Schema.Extensions::Validate	CALL	v136 @ X19_v5 (Newtonsoft.Json.JsonValidatingReader)	[v146 @ X23_v5 (Il2CppClass<System.IDisposable>)]	0	System.IDisposable::Dispose	0x06000742	RUNTIME_DISPATCH		EXACT	lookup(receiver, interface class, slot) reaches the dispatch pointer; slot = Il2CppMethodDefinition.slot
Newtonsoft.Json.Schema.Extensions::Validate	CALL	v136 @ X19_v5 (Newtonsoft.Json.JsonValidatingReader)	[v146 @ X23_v5 (Il2CppClass<System.IDisposable>)]	0	System.IDisposable::Dispose	0x06000742	RUNTIME_DISPATCH		EXACT	lookup(receiver, interface class, slot) reaches the dispatch pointer; slot = Il2CppMethodDefinition.slot
Newtonsoft.Json.Schema.JsonSchemaBuilder::ProcessExtends	CALL	v53 @ X0_v3 (System.Collections.Generic.List`1<Newtonsoft.Json.Schema.JsonSchema>)	[v176 @ X25_v3 (Il2CppClass<System.Collections.Generic.ICollection`1<Newtonsoft.Json.Schema.JsonSchema>>)]	2	System.Collections.Generic.ICollection`1::Add	0x06002DF8	RUNTIME_DISPATCH	Newtonsoft.Json.Schema.JsonSchema	EXACT	lookup(receiver, interface class, slot) reaches the dispatch pointer; slot = Il2CppMethodDefinition.slot
Newtonsoft.Json.Schema.JsonSchemaBuilder::ProcessExtends	CALL	v53 @ X0_v3 (System.Collections.Generic.List`1<Newtonsoft.Json.Schema.JsonSchema>)	[v176 @ X25_v3 (Il2CppClass<System.Collections.Generic.ICollection`1<Newtonsoft.Json.Schema.JsonSchema>>)]	0	System.Collections.Generic.ICollection`1::get_Count	0x06002DF6	RUNTIME_DISPATCH	Newtonsoft.Json.Schema.JsonSchema	EXACT	lookup(receiver, interface class, slot) reaches the dispatch pointer; slot = Il2CppMethodDefinition.slot
Newtonsoft.Json.Schema.JsonSchemaBuilder::ProcessEnum	CALL	v276 @ X0_v68 (System.Collections.Generic.IEnumerator`1<Newtonsoft.Json.Linq.JToken>)	[v377 @ X23_v3 (Il2CppClass<System.IDisposable>)]	0	System.IDisposable::Dispose	0x06000742	RUNTIME_DISPATCH		EXACT	lookup(receiver, interface class, slot) reaches the dispatch pointer; slot = Il2CppMethodDefinition.slot
Newtonsoft.Json.Schema.JsonSchemaBuilder::ProcessEnum	CALL	v276 @ X0_v68 (System.Collections.Generic.IEnumerator`1<Newtonsoft.Json.Linq.JToken>)	[v377 @ X23_v3 (Il2CppClass<System.IDisposable>)]	0	System.IDisposable::Dispose	0x06000742	RUNTIME_DISPATCH		EXACT	lookup(receiver, interface class, slot) reaches the dispatch pointer; slot = Il2CppMethodDefinition.slot
Newtonsoft.Json.Schema.JsonSchemaBuilder::ProcessProperties	CALL	v283 @ X0_v68 (System.Collections.Generic.IEnumerator`1<Newtonsoft.Json.Linq.JToken>)	[v387 @ X24_v3 (Il2CppClass<System.IDisposable>)]	0	System.IDisposable::Dispose	0x06000742	RUNTIME_DISPATCH		EXACT	lookup(receiver, interface class, slot) reaches the dispatch pointer; slot = Il2CppMethodDefinition.slot
Newtonsoft.Json.Schema.JsonSchemaBuilder::ProcessProperties	CALL	v283 @ X0_v68 (System.Collections.Generic.IEnumerator`1<Newtonsoft.Json.Linq.JToken>)	[v387 @ X24_v3 (Il2CppClass<System.IDisposable>)]	0	System.IDisposable::Dispose	0x06000742	RUNTIME_DISPATCH		EXACT	lookup(receiver, interface class, slot) reaches the dispatch pointer; slot = Il2CppMethodDefinition.slot
Newtonsoft.Json.Schema.JsonSchemaGenerator::GenerateObjectSchema	CALL	v500 @ X21_v7 (System.Collections.Generic.IEnumerator`1<Newtonsoft.Json.Serialization.JsonProperty>)	[v495 @ X25_v6 (Il2CppClass<System.IDisposable>)]	0	System.IDisposable::Dispose	0x06000742	RUNTIME_DISPATCH		EXACT	lookup(receiver, interface class, slot) reaches the dispatch pointer; slot = Il2CppMethodDefinition.slot
Newtonsoft.Json.Schema.JsonSchemaGenerator::GenerateObjectSchema	CALL	v250 @ X21_v4 (System.Collections.Generic.IEnumerator`1<Newtonsoft.Json.Serialization.JsonProperty>)	[v243 @ X25_v3 (Il2CppClass<System.IDisposable>)]	0	System.IDisposable::Dispose	0x06000742	RUNTIME_DISPATCH		EXACT	lookup(receiver, interface class, slot) reaches the dispatch pointer; slot = Il2CppMethodDefinition.slot
Newtonsoft.Json.Schema.JsonSchemaModel::Create	CALL	v210 @ X20_v2 (System.Collections.Generic.IEnumerator`1<Newtonsoft.Json.Schema.JsonSchema>)	[v174 @ X22_v1 (Il2CppClass<System.IDisposable>)]	0	System.IDisposable::Dispose	0x06000742	RUNTIME_DISPATCH		EXACT	lookup(receiver, interface class, slot) reaches the dispatch pointer; slot = Il2CppMethodDefinition.slot
Newtonsoft.Json.Schema.JsonSchemaModel::Create	CALL	v209 @ X20_v4 (System.Collections.Generic.IEnumerator`1<Newtonsoft.Json.Schema.JsonSchema>)	[v173 @ X22_v3 (Il2CppClass<System.IDisposable>)]	0	System.IDisposable::Dispose	0x06000742	RUNTIME_DISPATCH		EXACT	lookup(receiver, interface class, slot) reaches the dispatch pointer; slot = Il2CppMethodDefinition.slot
Newtonsoft.Json.Schema.JsonSchemaWriter::WriteSchema	CALL	v473.<Extends>k__BackingField (System.Collections.Generic.IList`1<Newtonsoft.Json.Schema.JsonSchema>)	[v228 @ X26_v6 (Il2CppClass<System.Collections.Generic.ICollection`1<Newtonsoft.Json.Schema.JsonSchema>>)]	0	System.Collections.Generic.ICollection`1::get_Count	0x06002DF6	RUNTIME_DISPATCH	Newtonsoft.Json.Schema.JsonSchema	EXACT	lookup(receiver, interface class, slot) reaches the dispatch pointer; slot = Il2CppMethodDefinition.slot
Newtonsoft.Json.Schema.JsonSchemaWriter::WriteSchema	CALL	v522 @ X21_v10 (System.Collections.Generic.IList`1<Newtonsoft.Json.Schema.JsonSchema>)	[v228 @ X26_v6 (Il2CppClass<System.Collections.Generic.ICollection`1<Newtonsoft.Json.Schema.JsonSchema>>)]	0	System.Collections.Generic.ICollection`1::get_Count	0x06002DF6	RUNTIME_DISPATCH	Newtonsoft.Json.Schema.JsonSchema	EXACT	lookup(receiver, interface class, slot) reaches the dispatch pointer; slot = Il2CppMethodDefinition.slot
Newtonsoft.Json.Linq.JContainer::.ctor	CALL	v164 @ X19_v2 (System.Collections.Generic.IEnumerator`1<Newtonsoft.Json.Linq.JToken>)	[v172 @ X23_v2 (Il2CppClass<System.IDisposable>)]	0	System.IDisposable::Dispose	0x06000742	RUNTIME_DISPATCH		EXACT	lookup(receiver, interface class, slot) reaches the dispatch pointer; slot = Il2CppMethodDefinition.slot
Newtonsoft.Json.Linq.JContainer::.ctor	CALL	v164 @ X19_v2 (System.Collections.Generic.IEnumerator`1<Newtonsoft.Json.Linq.JToken>)	[v172 @ X23_v2 (Il2CppClass<System.IDisposable>)]	0	System.IDisposable::Dispose	0x06000742	RUNTIME_DISPATCH		EXACT	lookup(receiver, interface class, slot) reaches the dispatch pointer; slot = Il2CppMethodDefinition.slot
Newtonsoft.Json.Linq.JContainer::ClearItems	CALL	v224 @ X21_v1 (System.Collections.Generic.IEnumerator`1<Newtonsoft.Json.Linq.JToken>)	[v222 @ X23_v1 (Il2CppClass<System.IDisposable>)]	0	System.IDisposable::Dispose	0x06000742	RUNTIME_DISPATCH		EXACT	lookup(receiver, interface class, slot) reaches the dispatch pointer; slot = Il2CppMethodDefinition.slot
Newtonsoft.Json.Linq.JContainer::ClearItems	CALL	v223 @ X21_v4 (System.Collections.Generic.IEnumerator`1<Newtonsoft.Json.Linq.JToken>)	[v221 @ X23_v4 (Il2CppClass<System.IDisposable>)]	0	System.IDisposable::Dispose	0x06000742	RUNTIME_DISPATCH		EXACT	lookup(receiver, interface class, slot) reaches the dispatch pointer; slot = Il2CppMethodDefinition.slot
Newtonsoft.Json.Linq.JContainer::CopyItemsTo	CALL	v297 @ X0_v77 (System.Collections.Generic.IEnumerator`1<Newtonsoft.Json.Linq.JToken>)	[v382 @ X22_v4 (Il2CppClass<System.IDisposable>)]	0	System.IDisposable::Dispose	0x06000742	RUNTIME_DISPATCH		EXACT	lookup(receiver, interface class, slot) reaches the dispatch pointer; slot = Il2CppMethodDefinition.slot
Newtonsoft.Json.Linq.JContainer::CopyItemsTo	CALL	v297 @ X0_v77 (System.Collections.Generic.IEnumerator`1<Newtonsoft.Json.Linq.JToken>)	[v382 @ X22_v4 (Il2CppClass<System.IDisposable>)]	0	System.IDisposable::Dispose	0x06000742	RUNTIME_DISPATCH		EXACT	lookup(receiver, interface class, slot) reaches the dispatch pointer; slot = Il2CppMethodDefinition.slot
Newtonsoft.Json.Linq.JContainer::ContentsHashCode	CALL	v254 @ X19_v2 (System.Collections.Generic.IEnumerator`1<Newtonsoft.Json.Linq.JToken>)	[v216 @ X22_v1 (Il2CppClass<System.IDisposable>)]	0	System.IDisposable::Dispose	0x06000742	RUNTIME_DISPATCH		EXACT	lookup(receiver, interface class, slot) reaches the dispatch pointer; slot = Il2CppMethodDefinition.slot
Newtonsoft.Json.Linq.JContainer::ContentsHashCode	CALL	v253 @ X19_v4 (System.Collections.Generic.IEnumerator`1<Newtonsoft.Json.Linq.JToken>)	[v215 @ X22_v3 (Il2CppClass<System.IDisposable>)]	0	System.IDisposable::Dispose	0x06000742	RUNTIME_DISPATCH		EXACT	lookup(receiver, interface class, slot) reaches the dispatch pointer; slot = Il2CppMethodDefinition.slot
Newtonsoft.Json.Linq.JEnumerable`1::GetEnumerator	CALL	v29 @ X20_v2 (System.Collections.Generic.IEnumerable`1<T>)	v73 @ X1_v3 (Il2CppClass<System.Collections.Generic.IEnumerable`1<T>>)	0	System.Collections.Generic.IEnumerable`1::GetEnumerator	0x06002E06	RUNTIME_DISPATCH	T	EXACT	lookup(receiver, interface class, slot) reaches the dispatch pointer; slot = Il2CppMethodDefinition.slot
Newtonsoft.Json.Linq.JObject::System.Collections.Generic.ICollection<System.Collections.Generic.KeyValuePair<System.String,Newtonsoft.Json.Linq.JToken>>.CopyTo	CALL	v223 @ X0_v71 (System.Collections.Generic.IEnumerator`1<Newtonsoft.Json.Linq.JToken>)	[v418 @ X22_v4 (Il2CppClass<System.IDisposable>)]	0	System.IDisposable::Dispose	0x06000742	RUNTIME_DISPATCH		EXACT	lookup(receiver, interface class, slot) reaches the dispatch pointer; slot = Il2CppMethodDefinition.slot
Newtonsoft.Json.Linq.JObject::System.Collections.Generic.ICollection<System.Collections.Generic.KeyValuePair<System.String,Newtonsoft.Json.Linq.JToken>>.CopyTo	CALL	v223 @ X0_v71 (System.Collections.Generic.IEnumerator`1<Newtonsoft.Json.Linq.JToken>)	[v418 @ X22_v4 (Il2CppClass<System.IDisposable>)]	0	System.IDisposable::Dispose	0x06000742	RUNTIME_DISPATCH		EXACT	lookup(receiver, interface class, slot) reaches the dispatch pointer; slot = Il2CppMethodDefinition.slot
Newtonsoft.Json.Linq.JToken::SelectToken	CALL	v174 @ X19_v2 (System.Collections.Generic.IEnumerator`1<Newtonsoft.Json.Linq.JToken>)	[v180 @ X22_v3 (Il2CppClass<System.IDisposable>)]	0	System.IDisposable::Dispose	0x06000742	RUNTIME_DISPATCH		EXACT	lookup(receiver, interface class, slot) reaches the dispatch pointer; slot = Il2CppMethodDefinition.slot
Newtonsoft.Json.Linq.JToken::SelectToken	CALL	v173 @ X19_v4 (System.Collections.Generic.IEnumerator`1<Newtonsoft.Json.Linq.JToken>)	[v179 @ X22_v5 (Il2CppClass<System.IDisposable>)]	0	System.IDisposable::Dispose	0x06000742	RUNTIME_DISPATCH		EXACT	lookup(receiver, interface class, slot) reaches the dispatch pointer; slot = Il2CppMethodDefinition.slot
Newtonsoft.Json.Converters.DataSetConverter::WriteJson	CALL	v551 @ X0_v4 (System.Object)	[v384 @ X25_v5 (Il2CppClass<System.IDisposable>)]	0	System.IDisposable::Dispose	0x06000742	RUNTIME_DISPATCH		EXACT	lookup(receiver, interface class, slot) reaches the dispatch pointer; slot = Il2CppMethodDefinition.slot
Newtonsoft.Json.Converters.DataSetConverter::WriteJson	CALL	v503 @ X0_v18	[v384 @ X25_v5 (Il2CppClass<System.IDisposable>)]	0	System.IDisposable::Dispose	0x06000742	RUNTIME_DISPATCH		EXACT	lookup(receiver, interface class, slot) reaches the dispatch pointer; slot = Il2CppMethodDefinition.slot
Newtonsoft.Json.Converters.DataTableConverter::WriteJson	CALL	v1077 @ X0_v4 (System.Object)	[v262 @ X26_v1 (Il2CppClass<System.IDisposable>)]	0	System.IDisposable::Dispose	0x06000742	RUNTIME_DISPATCH		EXACT	lookup(receiver, interface class, slot) reaches the dispatch pointer; slot = Il2CppMethodDefinition.slot
Newtonsoft.Json.Converters.XmlNodeConverter::DeserializeValue	TAIL	currentNode @ X5 (Newtonsoft.Json.Converters.IXmlNode)	v626 @ X1_v6 (Il2CppClass<Newtonsoft.Json.Converters.IXmlNode>)	7	Newtonsoft.Json.Converters.IXmlNode::AppendChild	0x06000F4F	RUNTIME_DISPATCH		EXACT	lookup(receiver, interface class, slot) reaches the dispatch pointer; slot = Il2CppMethodDefinition.slot
Newtonsoft.Json.Converters.XmlNodeConverter::CreateInstruction	TAIL	currentNode @ X3 (Newtonsoft.Json.Converters.IXmlNode)	v648 @ X1_v16 (Il2CppClass<Newtonsoft.Json.Converters.IXmlNode>)	7	Newtonsoft.Json.Converters.IXmlNode::AppendChild	0x06000F4F	RUNTIME_DISPATCH		EXACT	lookup(receiver, interface class, slot) reaches the dispatch pointer; slot = Il2CppMethodDefinition.slot
Mono.Security.X509.PKCS12::get_Keys	CALL	v736 @ X0_v9 (System.Collections.ArrayList)	[v94 @ X23_v4 (Il2CppClass<System.IDisposable>)]	0	System.IDisposable::Dispose	0x06000742	RUNTIME_DISPATCH		EXACT	lookup(receiver, interface class, slot) reaches the dispatch pointer; slot = Il2CppMethodDefinition.slot
Mono.Security.X509.PKCS12::get_Certificates	CALL	v544 @ X0_v8 (System.Collections.IEnumerator)	[v318 @ X24_v5 (Il2CppClass<System.IDisposable>)]	0	System.IDisposable::Dispose	0x06000742	RUNTIME_DISPATCH		EXACT	lookup(receiver, interface class, slot) reaches the dispatch pointer; slot = Il2CppMethodDefinition.slot
Mono.Security.X509.PKCS12::get_Certificates	CALL	v487 @ X0_v20	[v318 @ X24_v5 (Il2CppClass<System.IDisposable>)]	0	System.IDisposable::Dispose	0x06000742	RUNTIME_DISPATCH		EXACT	lookup(receiver, interface class, slot) reaches the dispatch pointer; slot = Il2CppMethodDefinition.slot
Mono.Security.X509.PKCS12::GetExistingParameters	CALL	v228 @ X0_v6 (System.Security.Cryptography.DSAParameters)	[v156 @ X24_v1 (Il2CppClass<System.IDisposable>)]	0	System.IDisposable::Dispose	0x06000742	RUNTIME_DISPATCH		EXACT	lookup(receiver, interface class, slot) reaches the dispatch pointer; slot = Il2CppMethodDefinition.slot
Mono.Security.X509.PKCS12::GetExistingParameters	CALL	v236 @ X0_v18	[v155 @ X24_v3 (Il2CppClass<System.IDisposable>)]	0	System.IDisposable::Dispose	0x06000742	RUNTIME_DISPATCH		EXACT	lookup(receiver, interface class, slot) reaches the dispatch pointer; slot = Il2CppMethodDefinition.slot
Mono.Security.X509.PKCS12::RemoveCertificate	CALL	v709 @ X19_v16 (System.Collections.IDictionary)	[v706 @ X20_v18 (Il2CppClass<System.Collections.IDictionary>)]	0	System.Collections.IDictionary::get_Item	0x06002AE2	RUNTIME_DISPATCH		EXACT	lookup(receiver, interface class, slot) reaches the dispatch pointer; slot = Il2CppMethodDefinition.slot
Mono.Security.X509.X509Chain::FindCertificateParent	CALL	v193 @ X0_v6 (Mono.Security.X509.X509CertificateCollection+X509CertificateEnumerator)	[v112 @ X23_v2 (Il2CppClass<System.IDisposable>)]	0	System.IDisposable::Dispose	0x06000742	RUNTIME_DISPATCH		EXACT	lookup(receiver, interface class, slot) reaches the dispatch pointer; slot = Il2CppMethodDefinition.slot
Mono.Security.X509.X509Chain::FindCertificateParent	CALL	v196 @ X0_v19	[v111 @ X23_v4 (Il2CppClass<System.IDisposable>)]	0	System.IDisposable::Dispose	0x06000742	RUNTIME_DISPATCH		EXACT	lookup(receiver, interface class, slot) reaches the dispatch pointer; slot = Il2CppMethodDefinition.slot
Mono.Security.Authenticode.AuthenticodeDeformatter::VerifySignature	CALL	v1630 @ X0_v40 (Mono.Security.ASN1)	[v550 @ X29_v7 (Il2CppClass<System.IDisposable>)]	0	System.IDisposable::Dispose	0x06000742	RUNTIME_DISPATCH		EXACT	lookup(receiver, interface class, slot) reaches the dispatch pointer; slot = Il2CppMethodDefinition.slot
Mono.Security.Authenticode.AuthenticodeDeformatter::VerifySignature	CALL	v1549 @ X0_v72	[v550 @ X29_v7 (Il2CppClass<System.IDisposable>)]	0	System.IDisposable::Dispose	0x06000742	RUNTIME_DISPATCH		EXACT	lookup(receiver, interface class, slot) reaches the dispatch pointer; slot = Il2CppMethodDefinition.slot
Mono.Security.Authenticode.AuthenticodeDeformatter::VerifyCounterSignature	CALL	v1801 @ X0_v4 (System.String)	[v193 @ X29_v2 (Il2CppClass<System.IDisposable>)]	0	System.IDisposable::Dispose	0x06000742	RUNTIME_DISPATCH		EXACT	lookup(receiver, interface class, slot) reaches the dispatch pointer; slot = Il2CppMethodDefinition.slot
Mono.Security.Authenticode.AuthenticodeDeformatter::VerifyCounterSignature	CALL	v1865 @ X0_v46 (Mono.Security.PKCS7+SignerInfo)	[v427 @ X26_v6 (Il2CppClass<System.IDisposable>)]	0	System.IDisposable::Dispose	0x06000742	RUNTIME_DISPATCH		EXACT	lookup(receiver, interface class, slot) reaches the dispatch pointer; slot = Il2CppMethodDefinition.slot
Mono.Security.Authenticode.AuthenticodeDeformatter::VerifyCounterSignature	CALL	v1724 @ X0_v59 (Mono.Security.PKCS7+SignerInfo)	[v445 @ X29_v3 (Il2CppClass<System.IDisposable>)]	0	System.IDisposable::Dispose	0x06000742	RUNTIME_DISPATCH		EXACT	lookup(receiver, interface class, slot) reaches the dispatch pointer; slot = Il2CppMethodDefinition.slot
Newtonsoft.Json.JsonConvert::DeserializeObject	CALL	v258 @ X19_v5 (Newtonsoft.Json.JsonTextReader)	[v262 @ X23_v6 (Il2CppClass<System.IDisposable>)]	0	System.IDisposable::Dispose	0x06000742	RUNTIME_DISPATCH		EXACT	lookup(receiver, interface class, slot) reaches the dispatch pointer; slot = Il2CppMethodDefinition.slot
Newtonsoft.Json.JsonConvert::DeserializeObject	CALL	v258 @ X19_v5 (Newtonsoft.Json.JsonTextReader)	[v262 @ X23_v6 (Il2CppClass<System.IDisposable>)]	0	System.IDisposable::Dispose	0x06000742	RUNTIME_DISPATCH		EXACT	lookup(receiver, interface class, slot) reaches the dispatch pointer; slot = Il2CppMethodDefinition.slot
Newtonsoft.Json.JsonValidatingReader::get_CurrentMemberSchemas	CALL	v183 @ X21_v1 (System.IDisposable)	v928 @ X1_v23 (Il2CppClass<System.IDisposable>)	0	System.IDisposable::Dispose	0x06000742	RUNTIME_DISPATCH		EXACT	lookup(receiver, interface class, slot) reaches the dispatch pointer; slot = Il2CppMethodDefinition.slot
Newtonsoft.Json.Utilities.BidirectionalDictionary`2::Set	CALL	v14 @ X23_v1 (System.Collections.Generic.IDictionary`2<TFirst, TSecond>)	v161 @ X1_v8 (Il2CppClass<System.Collections.Generic.IDictionary`2<TFirst, TSecond>>)	7	System.Collections.Generic.IDictionary`2::TryGetValue	0x06002E05	RUNTIME_DISPATCH	TFirst,TSecond	EXACT	lookup(receiver, interface class, slot) reaches the dispatch pointer; slot = Il2CppMethodDefinition.slot
Newtonsoft.Json.Utilities.BidirectionalDictionary`2::Set	CALL	v139 @ X23_v5 (System.Collections.Generic.IDictionary`2<TSecond, TFirst>)	v322 @ X1_v12 (Il2CppClass<System.Collections.Generic.IDictionary`2<TSecond, TFirst>>)	7	System.Collections.Generic.IDictionary`2::TryGetValue	0x06002E05	RUNTIME_DISPATCH	TSecond,TFirst	EXACT	lookup(receiver, interface class, slot) reaches the dispatch pointer; slot = Il2CppMethodDefinition.slot
Newtonsoft.Json.Utilities.BidirectionalDictionary`2::Set	CALL	v140 @ X23_v6 (System.Collections.Generic.IDictionary`2<TFirst, TSecond>)	v467 @ X1_v16 (Il2CppClass<System.Collections.Generic.IDictionary`2<TFirst, TSecond>>)	5	System.Collections.Generic.IDictionary`2::Add	0x06002E03	RUNTIME_DISPATCH	TFirst,TSecond	EXACT	lookup(receiver, interface class, slot) reaches the dispatch pointer; slot = Il2CppMethodDefinition.slot
Newtonsoft.Json.Utilities.BidirectionalDictionary`2::Set	CALL	v121 @ X22_v5 (System.Collections.Generic.IDictionary`2<TSecond, TFirst>)	v545 @ X1_v19 (Il2CppClass<System.Collections.Generic.IDictionary`2<TSecond, TFirst>>)	5	System.Collections.Generic.IDictionary`2::Add	0x06002E03	RUNTIME_DISPATCH	TSecond,TFirst	EXACT	lookup(receiver, interface class, slot) reaches the dispatch pointer; slot = Il2CppMethodDefinition.slot
Newtonsoft.Json.Utilities.BidirectionalDictionary`2::TryGetByFirst	TAIL	v8 @ X21_v1 (System.Collections.Generic.IDictionary`2<TFirst, TSecond>)	v39 @ X1_v2 (Il2CppClass<System.Collections.Generic.IDictionary`2<TFirst, TSecond>>)	7	System.Collections.Generic.IDictionary`2::TryGetValue	0x06002E05	RUNTIME_DISPATCH	TFirst,TSecond	EXACT	lookup(receiver, interface class, slot) reaches the dispatch pointer; slot = Il2CppMethodDefinition.slot
Newtonsoft.Json.Utilities.BidirectionalDictionary`2::TryGetBySecond	TAIL	v8 @ X21_v1 (System.Collections.Generic.IDictionary`2<TSecond, TFirst>)	v39 @ X1_v2 (Il2CppClass<System.Collections.Generic.IDictionary`2<TSecond, TFirst>>)	7	System.Collections.Generic.IDictionary`2::TryGetValue	0x06002E05	RUNTIME_DISPATCH	TSecond,TFirst	EXACT	lookup(receiver, interface class, slot) reaches the dispatch pointer; slot = Il2CppMethodDefinition.slot
Newtonsoft.Json.Utilities.CollectionUtils::IsNullOrEmpty	CALL	collection @ X0 (System.Collections.Generic.ICollection`1<T>)	v45 @ X1_v3 (Il2CppClass<System.Collections.Generic.ICollection`1<T>>)	0	System.Collections.Generic.ICollection`1::get_Count	0x06002DF6	RUNTIME_DISPATCH	T	EXACT	lookup(receiver, interface class, slot) reaches the dispatch pointer; slot = Il2CppMethodDefinition.slot
Newtonsoft.Json.Utilities.CollectionUtils::AddRange	CALL	collection @ X1 (System.Collections.Generic.IEnumerable`1<T>)	v127 @ X1_v14 (Il2CppClass<System.Collections.Generic.IEnumerable`1<T>>)	0	System.Collections.Generic.IEnumerable`1::GetEnumerator	0x06002E06	RUNTIME_DISPATCH	T	EXACT	lookup(receiver, interface class, slot) reaches the dispatch pointer; slot = Il2CppMethodDefinition.slot
Newtonsoft.Json.Utilities.CollectionUtils::AddRange	CALL	v264 @ X0_v45 (System.Collections.IEnumerator)	v480 @ X1_v20 (Il2CppClass<System.Collections.Generic.IEnumerator`1<T>>)	0	System.Collections.Generic.IEnumerator`1::get_Current	0x06002E07	RUNTIME_DISPATCH	T	EXACT	lookup(receiver, interface class, slot) reaches the dispatch pointer; slot = Il2CppMethodDefinition.slot
Newtonsoft.Json.Utilities.CollectionUtils::AddRange	CALL	initial @ X0 (System.Collections.Generic.IList`1<T>)	v726 @ X1_v23 (Il2CppClass<System.Collections.Generic.ICollection`1<T>>)	2	System.Collections.Generic.ICollection`1::Add	0x06002DF8	RUNTIME_DISPATCH	T	EXACT	lookup(receiver, interface class, slot) reaches the dispatch pointer; slot = Il2CppMethodDefinition.slot
Newtonsoft.Json.Utilities.CollectionUtils::ContainsValue	CALL	source @ X0 (System.Collections.Generic.IEnumerable`1<TSource>)	v137 @ X1_v15 (Il2CppClass<System.Collections.Generic.IEnumerable`1<TSource>>)	0	System.Collections.Generic.IEnumerable`1::GetEnumerator	0x06002E06	RUNTIME_DISPATCH	TSource	EXACT	lookup(receiver, interface class, slot) reaches the dispatch pointer; slot = Il2CppMethodDefinition.slot
Newtonsoft.Json.Utilities.CollectionUtils::ContainsValue	CALL	v226 @ X0_v47 (System.Collections.IEnumerator)	v454 @ X1_v21 (Il2CppClass<System.Collections.Generic.IEnumerator`1<TSource>>)	0	System.Collections.Generic.IEnumerator`1::get_Current	0x06002E07	RUNTIME_DISPATCH	TSource	EXACT	lookup(receiver, interface class, slot) reaches the dispatch pointer; slot = Il2CppMethodDefinition.slot
Newtonsoft.Json.Utilities.CollectionUtils::ContainsValue	CALL	v62 @ X22_v2 (System.Collections.Generic.IEqualityComparer`1<TSource>)	v807 @ X1_v24 (Il2CppClass<System.Collections.Generic.IEqualityComparer`1<TSource>>)	0	System.Collections.Generic.IEqualityComparer`1::Equals	0x06002E08	RUNTIME_DISPATCH	TSource	EXACT	lookup(receiver, interface class, slot) reaches the dispatch pointer; slot = Il2CppMethodDefinition.slot
Newtonsoft.Json.Utilities.DictionaryWrapper`2::get_Keys	CALL	this._readOnlyDictionary (System.Collections.Generic.IReadOnlyDictionary`2<TKey, TValue>)	Type: Il2CppClass<System.Collections.Generic.IReadOnlyDictionary`2<TKey, TValue>>	3	System.Collections.Generic.IReadOnlyDictionary`2::get_Keys	0x06002E13	RUNTIME_DISPATCH	TKey,TValue	EXACT	lookup(receiver, interface class, slot) reaches the dispatch pointer; slot = Il2CppMethodDefinition.slot
Newtonsoft.Json.Utilities.CollectionUtils::AddRangeDistinct	CALL	values @ X1 (System.Collections.Generic.IEnumerable`1<T>)	v60 @ X1_v11 (Il2CppClass<System.Collections.Generic.IEnumerable`1<T>>)	0	System.Collections.Generic.IEnumerable`1::GetEnumerator	0x06002E06	RUNTIME_DISPATCH	T	EXACT	lookup(receiver, interface class, slot) reaches the dispatch pointer; slot = Il2CppMethodDefinition.slot
Newtonsoft.Json.Utilities.CollectionUtils::AddRangeDistinct	CALL	v110 @ X0_v36 (System.Collections.IEnumerator)	v566 @ X1_v17 (Il2CppClass<System.Collections.Generic.IEnumerator`1<T>>)	0	System.Collections.Generic.IEnumerator`1::get_Current	0x06002E07	RUNTIME_DISPATCH	T	EXACT	lookup(receiver, interface class, slot) reaches the dispatch pointer; slot = Il2CppMethodDefinition.slot
Newtonsoft.Json.Utilities.EnumUtils::GetFlagsValues	CALL	v229 @ X0_v92 (System.Collections.Generic.IList`1<T>)	v115 @ X24_v10 (Il2CppClass<System.Collections.Generic.ICollection`1<T>>)	2	System.Collections.Generic.ICollection`1::Add	0x06002DF8	RUNTIME_DISPATCH	T	EXACT	lookup(receiver, interface class, slot) reaches the dispatch pointer; slot = Il2CppMethodDefinition.slot
Newtonsoft.Json.Utilities.EnumUtils::GetFlagsValues	CALL	v242 @ X20_v2 (System.Collections.Generic.IList`1<T>)	v367 @ X1_v5 (Il2CppClass<System.Collections.Generic.ICollection`1<T>>)	0	System.Collections.Generic.ICollection`1::get_Count	0x06002DF6	RUNTIME_DISPATCH	T	EXACT	lookup(receiver, interface class, slot) reaches the dispatch pointer; slot = Il2CppMethodDefinition.slot
Newtonsoft.Json.Utilities.EnumUtils::GetFlagsValues	CALL	v242 @ X20_v2 (System.Collections.Generic.IList`1<T>)	Type: Il2CppClass<System.Collections.Generic.ICollection`1<T>>	2	System.Collections.Generic.ICollection`1::Add	0x06002DF8	RUNTIME_DISPATCH	T	EXACT	lookup(receiver, interface class, slot) reaches the dispatch pointer; slot = Il2CppMethodDefinition.slot
Newtonsoft.Json.Utilities.CollectionUtils::IndexOf	CALL	collection @ X0 (System.Collections.Generic.IEnumerable`1<T>)	v112 @ X1_v13 (Il2CppClass<System.Collections.Generic.IEnumerable`1<T>>)	0	System.Collections.Generic.IEnumerable`1::GetEnumerator	0x06002E06	RUNTIME_DISPATCH	T	EXACT	lookup(receiver, interface class, slot) reaches the dispatch pointer; slot = Il2CppMethodDefinition.slot
Newtonsoft.Json.Utilities.CollectionUtils::IndexOf	CALL	v151 @ X0_v38 (System.Collections.IEnumerator)	v609 @ X1_v19 (Il2CppClass<System.Collections.Generic.IEnumerator`1<T>>)	0	System.Collections.Generic.IEnumerator`1::get_Current	0x06002E07	RUNTIME_DISPATCH	T	EXACT	lookup(receiver, interface class, slot) reaches the dispatch pointer; slot = Il2CppMethodDefinition.slot
Newtonsoft.Json.Utilities.DictionaryWrapper`2::get_Values	CALL	this._readOnlyDictionary (System.Collections.Generic.IReadOnlyDictionary`2<TKey, TValue>)	Type: Il2CppClass<System.Collections.Generic.IReadOnlyDictionary`2<TKey, TValue>>	4	System.Collections.Generic.IReadOnlyDictionary`2::get_Values	0x06002E14	RUNTIME_DISPATCH	TKey,TValue	EXACT	lookup(receiver, interface class, slot) reaches the dispatch pointer; slot = Il2CppMethodDefinition.slot
Newtonsoft.Json.Utilities.DictionaryWrapper`2::CopyTo	CALL	v241 @ X0_v47 (System.Collections.Generic.IDictionary`2<TKey, TValue>)	v425 @ X1_v20 (Il2CppClass<System.Collections.Generic.ICollection`1<System.Collections.Generic.KeyValuePair`2<TKey, TValue>>>)	5	System.Collections.Generic.ICollection`1::CopyTo	0x06002DFB	RUNTIME_DISPATCH	System.Collections.Generic.KeyValuePair`2<TKey, TValue>	EXACT	lookup(receiver, interface class, slot) reaches the dispatch pointer; slot = Il2CppMethodDefinition.slot
Newtonsoft.Json.Utilities.DictionaryWrapper`2::CopyTo	CALL	v542 @ X0_v13 (System.OutOfMemoryException)	[v156 @ X26_v2 (Il2CppClass<System.IDisposable>)]	0	System.IDisposable::Dispose	0x06000742	RUNTIME_DISPATCH		EXACT	lookup(receiver, interface class, slot) reaches the dispatch pointer; slot = Il2CppMethodDefinition.slot
Newtonsoft.Json.Utilities.DictionaryWrapper`2::System.Collections.IDictionary.GetEnumerator	CALL	v216 @ X20_v7 (System.Collections.Generic.IReadOnlyDictionary`2<TKey, TValue>)	v200 @ X1_v6 (Il2CppClass<System.Collections.Generic.IEnumerable`1<System.Collections.Generic.KeyValuePair`2<TKey, TValue>>>)	0	System.Collections.Generic.IEnumerable`1::GetEnumerator	0x06002E06	RUNTIME_DISPATCH	System.Collections.Generic.KeyValuePair`2<TKey, TValue>	EXACT	lookup(receiver, interface class, slot) reaches the dispatch pointer; slot = Il2CppMethodDefinition.slot
Newtonsoft.Json.Utilities.DictionaryWrapper`2::System.Collections.ICollection.CopyTo	TAIL	v100 @ X0_v16 (System.Collections.Generic.IDictionary`2<TKey, TValue>)	Type: Il2CppClass<System.Collections.Generic.ICollection`1<System.Collections.Generic.KeyValuePair`2<TKey, TValue>>>	5	System.Collections.Generic.ICollection`1::CopyTo	0x06002DFB	RUNTIME_DISPATCH	System.Collections.Generic.KeyValuePair`2<TKey, TValue>	EXACT	lookup(receiver, interface class, slot) reaches the dispatch pointer; slot = Il2CppMethodDefinition.slot
Newtonsoft.Json.Utilities.ReflectionUtils::GetChildPrivateProperties	CALL	initialProperties @ X0 (System.Collections.Generic.IList`1<System.Reflection.PropertyInfo>)	v617 @ X1_v13 (Il2CppClass<System.Collections.Generic.ICollection`1<System.Reflection.PropertyInfo>>)	2	System.Collections.Generic.ICollection`1::Add	0x06002DF8	RUNTIME_DISPATCH	System.Reflection.PropertyInfo	EXACT	lookup(receiver, interface class, slot) reaches the dispatch pointer; slot = Il2CppMethodDefinition.slot
Newtonsoft.Json.Utilities.JavaScriptUtils::.cctor	CALL	v1672 @ X20_v28 (System.Collections.Generic.IEnumerator`1<System.Char>)	[v1630 @ X24_v18 (Il2CppClass<System.IDisposable>)]	0	System.IDisposable::Dispose	0x06000742	RUNTIME_DISPATCH		EXACT	lookup(receiver, interface class, slot) reaches the dispatch pointer; slot = Il2CppMethodDefinition.slot
Newtonsoft.Json.Utilities.JavaScriptUtils::.cctor	CALL	v326 @ X0_v46	[v121 @ X25_v3 (Il2CppClass<System.Collections.Generic.IEnumerable`1<System.Char>>)]	0	System.Collections.Generic.IEnumerable`1::GetEnumerator	0x06002E06	RUNTIME_DISPATCH	System.Char	EXACT	lookup(receiver, interface class, slot) reaches the dispatch pointer; slot = Il2CppMethodDefinition.slot
Newtonsoft.Json.Utilities.JavaScriptUtils::.cctor	CALL	v1394 @ X20_v27 (System.Collections.IEnumerator)	[v1630 @ X24_v18 (Il2CppClass<System.IDisposable>)]	0	System.IDisposable::Dispose	0x06000742	RUNTIME_DISPATCH		EXACT	lookup(receiver, interface class, slot) reaches the dispatch pointer; slot = Il2CppMethodDefinition.slot
Newtonsoft.Json.Utilities.JavaScriptUtils::.cctor	CALL	v327 @ X0_v22	[v683 @ X25_v1 (Il2CppClass<System.Collections.Generic.IEnumerable`1<System.Char>>)]	0	System.Collections.Generic.IEnumerable`1::GetEnumerator	0x06002E06	RUNTIME_DISPATCH	System.Char	EXACT	lookup(receiver, interface class, slot) reaches the dispatch pointer; slot = Il2CppMethodDefinition.slot
Newtonsoft.Json.Utilities.JavaScriptUtils::.cctor	CALL	v1671 @ X19_v23 (System.Collections.Generic.List`1<System.Char>)	[v681 @ X24_v1 (Il2CppClass<System.IDisposable>)]	0	System.IDisposable::Dispose	0x06000742	RUNTIME_DISPATCH		EXACT	lookup(receiver, interface class, slot) reaches the dispatch pointer; slot = Il2CppMethodDefinition.slot
Newtonsoft.Json.Utilities.JavaScriptUtils::.cctor	CALL	v1671 @ X19_v23 (System.Collections.Generic.List`1<System.Char>)	[v681 @ X24_v1 (Il2CppClass<System.IDisposable>)]	0	System.IDisposable::Dispose	0x06000742	RUNTIME_DISPATCH		EXACT	lookup(receiver, interface class, slot) reaches the dispatch pointer; slot = Il2CppMethodDefinition.slot
Newtonsoft.Json.Utilities.JavaScriptUtils::.cctor	CALL	0	[v1630 @ X24_v18 (Il2CppClass<System.IDisposable>)]	0	System.IDisposable::Dispose	0x06000742	RUNTIME_DISPATCH		EXACT	lookup(receiver, interface class, slot) reaches the dispatch pointer; slot = Il2CppMethodDefinition.slot
Newtonsoft.Json.Utilities.JavaScriptUtils::.cctor	CALL	0	[v1630 @ X24_v18 (Il2CppClass<System.IDisposable>)]	0	System.IDisposable::Dispose	0x06000742	RUNTIME_DISPATCH		EXACT	lookup(receiver, interface class, slot) reaches the dispatch pointer; slot = Il2CppMethodDefinition.slot
Newtonsoft.Json.Serialization.DiagnosticsTraceWriter::Trace	CALL	v642 @ X0_v10 (System.Collections.IEnumerator)	[v133 @ X25_v3 (Il2CppClass<System.IDisposable>)]	0	System.IDisposable::Dispose	0x06000742	RUNTIME_DISPATCH		EXACT	lookup(receiver, interface class, slot) reaches the dispatch pointer; slot = Il2CppMethodDefinition.slot
Newtonsoft.Json.Serialization.JsonSerializerInternalReader::CreateJToken	CALL	v416 @ X21_v4 (Newtonsoft.Json.Linq.JTokenWriter)	[v304 @ X24_v3 (Il2CppClass<System.IDisposable>)]	0	System.IDisposable::Dispose	0x06000742	RUNTIME_DISPATCH		EXACT	lookup(receiver, interface class, slot) reaches the dispatch pointer; slot = Il2CppMethodDefinition.slot
Newtonsoft.Json.Serialization.JsonSerializerInternalReader::CreateJToken	CALL	v458 @ X0_v21 (System.Globalization.CultureInfo)	[v304 @ X24_v3 (Il2CppClass<System.IDisposable>)]	0	System.IDisposable::Dispose	0x06000742	RUNTIME_DISPATCH		EXACT	lookup(receiver, interface class, slot) reaches the dispatch pointer; slot = Il2CppMethodDefinition.slot
Newtonsoft.Json.Serialization.JsonSerializerInternalWriter::SerializeDictionary	CALL	v822 @ X0_v9 (System.Collections.IDictionaryEnumerator)	[v323 @ X26_v2 (Il2CppClass<System.IDisposable>)]	0	System.IDisposable::Dispose	0x06000742	RUNTIME_DISPATCH		EXACT	lookup(receiver, interface class, slot) reaches the dispatch pointer; slot = Il2CppMethodDefinition.slot
Newtonsoft.Json.Schema.Extensions::Validate	CALL	v136 @ X19_v5 (Newtonsoft.Json.JsonValidatingReader)	[v146 @ X23_v5 (Il2CppClass<System.IDisposable>)]	0	System.IDisposable::Dispose	0x06000742	RUNTIME_DISPATCH		EXACT	lookup(receiver, interface class, slot) reaches the dispatch pointer; slot = Il2CppMethodDefinition.slot
Newtonsoft.Json.Schema.Extensions::Validate	CALL	v136 @ X19_v5 (Newtonsoft.Json.JsonValidatingReader)	[v146 @ X23_v5 (Il2CppClass<System.IDisposable>)]	0	System.IDisposable::Dispose	0x06000742	RUNTIME_DISPATCH		EXACT	lookup(receiver, interface class, slot) reaches the dispatch pointer; slot = Il2CppMethodDefinition.slot
Newtonsoft.Json.Schema.JsonSchemaModel::Create	CALL	v210 @ X20_v2 (System.Collections.Generic.IEnumerator`1<Newtonsoft.Json.Schema.JsonSchema>)	[v174 @ X22_v1 (Il2CppClass<System.IDisposable>)]	0	System.IDisposable::Dispose	0x06000742	RUNTIME_DISPATCH		EXACT	lookup(receiver, interface class, slot) reaches the dispatch pointer; slot = Il2CppMethodDefinition.slot
Newtonsoft.Json.Schema.JsonSchemaModel::Create	CALL	v209 @ X20_v4 (System.Collections.Generic.IEnumerator`1<Newtonsoft.Json.Schema.JsonSchema>)	[v173 @ X22_v3 (Il2CppClass<System.IDisposable>)]	0	System.IDisposable::Dispose	0x06000742	RUNTIME_DISPATCH		EXACT	lookup(receiver, interface class, slot) reaches the dispatch pointer; slot = Il2CppMethodDefinition.slot
Newtonsoft.Json.Linq.JContainer::ClearItems	CALL	v224 @ X21_v1 (System.Collections.Generic.IEnumerator`1<Newtonsoft.Json.Linq.JToken>)	[v222 @ X23_v1 (Il2CppClass<System.IDisposable>)]	0	System.IDisposable::Dispose	0x06000742	RUNTIME_DISPATCH		EXACT	lookup(receiver, interface class, slot) reaches the dispatch pointer; slot = Il2CppMethodDefinition.slot
Newtonsoft.Json.Linq.JContainer::ClearItems	CALL	v223 @ X21_v4 (System.Collections.Generic.IEnumerator`1<Newtonsoft.Json.Linq.JToken>)	[v221 @ X23_v4 (Il2CppClass<System.IDisposable>)]	0	System.IDisposable::Dispose	0x06000742	RUNTIME_DISPATCH		EXACT	lookup(receiver, interface class, slot) reaches the dispatch pointer; slot = Il2CppMethodDefinition.slot
Newtonsoft.Json.Linq.JContainer::CopyItemsTo	CALL	v297 @ X0_v77 (System.Collections.Generic.IEnumerator`1<Newtonsoft.Json.Linq.JToken>)	[v382 @ X22_v4 (Il2CppClass<System.IDisposable>)]	0	System.IDisposable::Dispose	0x06000742	RUNTIME_DISPATCH		EXACT	lookup(receiver, interface class, slot) reaches the dispatch pointer; slot = Il2CppMethodDefinition.slot
Newtonsoft.Json.Linq.JContainer::CopyItemsTo	CALL	v297 @ X0_v77 (System.Collections.Generic.IEnumerator`1<Newtonsoft.Json.Linq.JToken>)	[v382 @ X22_v4 (Il2CppClass<System.IDisposable>)]	0	System.IDisposable::Dispose	0x06000742	RUNTIME_DISPATCH		EXACT	lookup(receiver, interface class, slot) reaches the dispatch pointer; slot = Il2CppMethodDefinition.slot
Newtonsoft.Json.Schema.JsonSchemaBuilder::ProcessExtends	CALL	v53 @ X0_v3 (System.Collections.Generic.List`1<Newtonsoft.Json.Schema.JsonSchema>)	[v176 @ X25_v3 (Il2CppClass<System.Collections.Generic.ICollection`1<Newtonsoft.Json.Schema.JsonSchema>>)]	2	System.Collections.Generic.ICollection`1::Add	0x06002DF8	RUNTIME_DISPATCH	Newtonsoft.Json.Schema.JsonSchema	EXACT	lookup(receiver, interface class, slot) reaches the dispatch pointer; slot = Il2CppMethodDefinition.slot
Newtonsoft.Json.Schema.JsonSchemaBuilder::ProcessExtends	CALL	v53 @ X0_v3 (System.Collections.Generic.List`1<Newtonsoft.Json.Schema.JsonSchema>)	[v176 @ X25_v3 (Il2CppClass<System.Collections.Generic.ICollection`1<Newtonsoft.Json.Schema.JsonSchema>>)]	0	System.Collections.Generic.ICollection`1::get_Count	0x06002DF6	RUNTIME_DISPATCH	Newtonsoft.Json.Schema.JsonSchema	EXACT	lookup(receiver, interface class, slot) reaches the dispatch pointer; slot = Il2CppMethodDefinition.slot
Newtonsoft.Json.Linq.JContainer::ContentsHashCode	CALL	v254 @ X19_v2 (System.Collections.Generic.IEnumerator`1<Newtonsoft.Json.Linq.JToken>)	[v216 @ X22_v1 (Il2CppClass<System.IDisposable>)]	0	System.IDisposable::Dispose	0x06000742	RUNTIME_DISPATCH		EXACT	lookup(receiver, interface class, slot) reaches the dispatch pointer; slot = Il2CppMethodDefinition.slot
Newtonsoft.Json.Linq.JContainer::ContentsHashCode	CALL	v253 @ X19_v4 (System.Collections.Generic.IEnumerator`1<Newtonsoft.Json.Linq.JToken>)	[v215 @ X22_v3 (Il2CppClass<System.IDisposable>)]	0	System.IDisposable::Dispose	0x06000742	RUNTIME_DISPATCH		EXACT	lookup(receiver, interface class, slot) reaches the dispatch pointer; slot = Il2CppMethodDefinition.slot
Newtonsoft.Json.Schema.JsonSchemaBuilder::ProcessEnum	CALL	v276 @ X0_v68 (System.Collections.Generic.IEnumerator`1<Newtonsoft.Json.Linq.JToken>)	[v377 @ X23_v3 (Il2CppClass<System.IDisposable>)]	0	System.IDisposable::Dispose	0x06000742	RUNTIME_DISPATCH		EXACT	lookup(receiver, interface class, slot) reaches the dispatch pointer; slot = Il2CppMethodDefinition.slot
Newtonsoft.Json.Schema.JsonSchemaBuilder::ProcessEnum	CALL	v276 @ X0_v68 (System.Collections.Generic.IEnumerator`1<Newtonsoft.Json.Linq.JToken>)	[v377 @ X23_v3 (Il2CppClass<System.IDisposable>)]	0	System.IDisposable::Dispose	0x06000742	RUNTIME_DISPATCH		EXACT	lookup(receiver, interface class, slot) reaches the dispatch pointer; slot = Il2CppMethodDefinition.slot
Newtonsoft.Json.Schema.JsonSchemaBuilder::ProcessProperties	CALL	v283 @ X0_v68 (System.Collections.Generic.IEnumerator`1<Newtonsoft.Json.Linq.JToken>)	[v387 @ X24_v3 (Il2CppClass<System.IDisposable>)]	0	System.IDisposable::Dispose	0x06000742	RUNTIME_DISPATCH		EXACT	lookup(receiver, interface class, slot) reaches the dispatch pointer; slot = Il2CppMethodDefinition.slot
Newtonsoft.Json.Schema.JsonSchemaBuilder::ProcessProperties	CALL	v283 @ X0_v68 (System.Collections.Generic.IEnumerator`1<Newtonsoft.Json.Linq.JToken>)	[v387 @ X24_v3 (Il2CppClass<System.IDisposable>)]	0	System.IDisposable::Dispose	0x06000742	RUNTIME_DISPATCH		EXACT	lookup(receiver, interface class, slot) reaches the dispatch pointer; slot = Il2CppMethodDefinition.slot
Newtonsoft.Json.Schema.JsonSchemaWriter::WriteSchema	CALL	v473.<Extends>k__BackingField (System.Collections.Generic.IList`1<Newtonsoft.Json.Schema.JsonSchema>)	[v228 @ X26_v6 (Il2CppClass<System.Collections.Generic.ICollection`1<Newtonsoft.Json.Schema.JsonSchema>>)]	0	System.Collections.Generic.ICollection`1::get_Count	0x06002DF6	RUNTIME_DISPATCH	Newtonsoft.Json.Schema.JsonSchema	EXACT	lookup(receiver, interface class, slot) reaches the dispatch pointer; slot = Il2CppMethodDefinition.slot
Newtonsoft.Json.Schema.JsonSchemaWriter::WriteSchema	CALL	v522 @ X21_v10 (System.Collections.Generic.IList`1<Newtonsoft.Json.Schema.JsonSchema>)	[v228 @ X26_v6 (Il2CppClass<System.Collections.Generic.ICollection`1<Newtonsoft.Json.Schema.JsonSchema>>)]	0	System.Collections.Generic.ICollection`1::get_Count	0x06002DF6	RUNTIME_DISPATCH	Newtonsoft.Json.Schema.JsonSchema	EXACT	lookup(receiver, interface class, slot) reaches the dispatch pointer; slot = Il2CppMethodDefinition.slot
Newtonsoft.Json.Schema.JsonSchemaGenerator::GenerateObjectSchema	CALL	v500 @ X21_v7 (System.Collections.Generic.IEnumerator`1<Newtonsoft.Json.Serialization.JsonProperty>)	[v495 @ X25_v6 (Il2CppClass<System.IDisposable>)]	0	System.IDisposable::Dispose	0x06000742	RUNTIME_DISPATCH		EXACT	lookup(receiver, interface class, slot) reaches the dispatch pointer; slot = Il2CppMethodDefinition.slot
Newtonsoft.Json.Schema.JsonSchemaGenerator::GenerateObjectSchema	CALL	v250 @ X21_v4 (System.Collections.Generic.IEnumerator`1<Newtonsoft.Json.Serialization.JsonProperty>)	[v243 @ X25_v3 (Il2CppClass<System.IDisposable>)]	0	System.IDisposable::Dispose	0x06000742	RUNTIME_DISPATCH		EXACT	lookup(receiver, interface class, slot) reaches the dispatch pointer; slot = Il2CppMethodDefinition.slot
Newtonsoft.Json.Linq.JEnumerable`1::GetEnumerator	CALL	v29 @ X20_v2 (System.Collections.Generic.IEnumerable`1<T>)	v73 @ X1_v3 (Il2CppClass<System.Collections.Generic.IEnumerable`1<T>>)	0	System.Collections.Generic.IEnumerable`1::GetEnumerator	0x06002E06	RUNTIME_DISPATCH	T	EXACT	lookup(receiver, interface class, slot) reaches the dispatch pointer; slot = Il2CppMethodDefinition.slot
Newtonsoft.Json.Linq.JObject::System.Collections.Generic.ICollection<System.Collections.Generic.KeyValuePair<System.String,Newtonsoft.Json.Linq.JToken>>.CopyTo	CALL	v223 @ X0_v71 (System.Collections.Generic.IEnumerator`1<Newtonsoft.Json.Linq.JToken>)	[v418 @ X22_v4 (Il2CppClass<System.IDisposable>)]	0	System.IDisposable::Dispose	0x06000742	RUNTIME_DISPATCH		EXACT	lookup(receiver, interface class, slot) reaches the dispatch pointer; slot = Il2CppMethodDefinition.slot
Newtonsoft.Json.Linq.JObject::System.Collections.Generic.ICollection<System.Collections.Generic.KeyValuePair<System.String,Newtonsoft.Json.Linq.JToken>>.CopyTo	CALL	v223 @ X0_v71 (System.Collections.Generic.IEnumerator`1<Newtonsoft.Json.Linq.JToken>)	[v418 @ X22_v4 (Il2CppClass<System.IDisposable>)]	0	System.IDisposable::Dispose	0x06000742	RUNTIME_DISPATCH		EXACT	lookup(receiver, interface class, slot) reaches the dispatch pointer; slot = Il2CppMethodDefinition.slot
Newtonsoft.Json.Linq.JContainer::.ctor	CALL	v164 @ X19_v2 (System.Collections.Generic.IEnumerator`1<Newtonsoft.Json.Linq.JToken>)	[v172 @ X23_v2 (Il2CppClass<System.IDisposable>)]	0	System.IDisposable::Dispose	0x06000742	RUNTIME_DISPATCH		EXACT	lookup(receiver, interface class, slot) reaches the dispatch pointer; slot = Il2CppMethodDefinition.slot
Newtonsoft.Json.Linq.JContainer::.ctor	CALL	v164 @ X19_v2 (System.Collections.Generic.IEnumerator`1<Newtonsoft.Json.Linq.JToken>)	[v172 @ X23_v2 (Il2CppClass<System.IDisposable>)]	0	System.IDisposable::Dispose	0x06000742	RUNTIME_DISPATCH		EXACT	lookup(receiver, interface class, slot) reaches the dispatch pointer; slot = Il2CppMethodDefinition.slot
Newtonsoft.Json.Converters.DataSetConverter::WriteJson	CALL	v551 @ X0_v4 (System.Object)	[v384 @ X25_v5 (Il2CppClass<System.IDisposable>)]	0	System.IDisposable::Dispose	0x06000742	RUNTIME_DISPATCH		EXACT	lookup(receiver, interface class, slot) reaches the dispatch pointer; slot = Il2CppMethodDefinition.slot
Newtonsoft.Json.Converters.DataSetConverter::WriteJson	CALL	v503 @ X0_v18	[v384 @ X25_v5 (Il2CppClass<System.IDisposable>)]	0	System.IDisposable::Dispose	0x06000742	RUNTIME_DISPATCH		EXACT	lookup(receiver, interface class, slot) reaches the dispatch pointer; slot = Il2CppMethodDefinition.slot
Newtonsoft.Json.Linq.JToken::SelectToken	CALL	v174 @ X19_v2 (System.Collections.Generic.IEnumerator`1<Newtonsoft.Json.Linq.JToken>)	[v180 @ X22_v3 (Il2CppClass<System.IDisposable>)]	0	System.IDisposable::Dispose	0x06000742	RUNTIME_DISPATCH		EXACT	lookup(receiver, interface class, slot) reaches the dispatch pointer; slot = Il2CppMethodDefinition.slot
Newtonsoft.Json.Linq.JToken::SelectToken	CALL	v173 @ X19_v4 (System.Collections.Generic.IEnumerator`1<Newtonsoft.Json.Linq.JToken>)	[v179 @ X22_v5 (Il2CppClass<System.IDisposable>)]	0	System.IDisposable::Dispose	0x06000742	RUNTIME_DISPATCH		EXACT	lookup(receiver, interface class, slot) reaches the dispatch pointer; slot = Il2CppMethodDefinition.slot
Newtonsoft.Json.Converters.DataTableConverter::WriteJson	CALL	v1077 @ X0_v4 (System.Object)	[v262 @ X26_v1 (Il2CppClass<System.IDisposable>)]	0	System.IDisposable::Dispose	0x06000742	RUNTIME_DISPATCH		EXACT	lookup(receiver, interface class, slot) reaches the dispatch pointer; slot = Il2CppMethodDefinition.slot
Newtonsoft.Json.Converters.XmlNodeConverter::DeserializeValue	TAIL	currentNode @ X5 (Newtonsoft.Json.Converters.IXmlNode)	v626 @ X1_v6 (Il2CppClass<Newtonsoft.Json.Converters.IXmlNode>)	7	Newtonsoft.Json.Converters.IXmlNode::AppendChild	0x06000F4F	RUNTIME_DISPATCH		EXACT	lookup(receiver, interface class, slot) reaches the dispatch pointer; slot = Il2CppMethodDefinition.slot
Newtonsoft.Json.Converters.XmlNodeConverter::CreateInstruction	TAIL	currentNode @ X3 (Newtonsoft.Json.Converters.IXmlNode)	v648 @ X1_v16 (Il2CppClass<Newtonsoft.Json.Converters.IXmlNode>)	7	Newtonsoft.Json.Converters.IXmlNode::AppendChild	0x06000F4F	RUNTIME_DISPATCH		EXACT	lookup(receiver, interface class, slot) reaches the dispatch pointer; slot = Il2CppMethodDefinition.slot
Mono.Security.X509.PKCS12::get_Keys	CALL	v736 @ X0_v9 (System.Collections.ArrayList)	[v94 @ X23_v4 (Il2CppClass<System.IDisposable>)]	0	System.IDisposable::Dispose	0x06000742	RUNTIME_DISPATCH		EXACT	lookup(receiver, interface class, slot) reaches the dispatch pointer; slot = Il2CppMethodDefinition.slot
Newtonsoft.Json.Utilities.CollectionWrapper`1::GetEnumerator	TAIL	v39 @ X19_v2 (System.Collections.Generic.ICollection`1<T>)	v50 @ X1_v3 (Il2CppClass<System.Collections.Generic.IEnumerable`1<T>>)	0	System.Collections.Generic.IEnumerable`1::GetEnumerator	0x06002E06	RUNTIME_DISPATCH	T	EXACT	lookup(receiver, interface class, slot) reaches the dispatch pointer; slot = Il2CppMethodDefinition.slot
Mono.Security.X509.PKCS12::get_Certificates	CALL	v544 @ X0_v8 (System.Collections.IEnumerator)	[v318 @ X24_v5 (Il2CppClass<System.IDisposable>)]	0	System.IDisposable::Dispose	0x06000742	RUNTIME_DISPATCH		EXACT	lookup(receiver, interface class, slot) reaches the dispatch pointer; slot = Il2CppMethodDefinition.slot
Mono.Security.X509.PKCS12::get_Certificates	CALL	v487 @ X0_v20	[v318 @ X24_v5 (Il2CppClass<System.IDisposable>)]	0	System.IDisposable::Dispose	0x06000742	RUNTIME_DISPATCH		EXACT	lookup(receiver, interface class, slot) reaches the dispatch pointer; slot = Il2CppMethodDefinition.slot
Mono.Security.X509.PKCS12::GetExistingParameters	CALL	v228 @ X0_v6 (System.Security.Cryptography.DSAParameters)	[v156 @ X24_v1 (Il2CppClass<System.IDisposable>)]	0	System.IDisposable::Dispose	0x06000742	RUNTIME_DISPATCH		EXACT	lookup(receiver, interface class, slot) reaches the dispatch pointer; slot = Il2CppMethodDefinition.slot
Mono.Security.X509.PKCS12::GetExistingParameters	CALL	v236 @ X0_v18	[v155 @ X24_v3 (Il2CppClass<System.IDisposable>)]	0	System.IDisposable::Dispose	0x06000742	RUNTIME_DISPATCH		EXACT	lookup(receiver, interface class, slot) reaches the dispatch pointer; slot = Il2CppMethodDefinition.slot
Mono.Security.Authenticode.AuthenticodeDeformatter::VerifySignature	CALL	v1630 @ X0_v40 (Mono.Security.ASN1)	[v550 @ X29_v7 (Il2CppClass<System.IDisposable>)]	0	System.IDisposable::Dispose	0x06000742	RUNTIME_DISPATCH		EXACT	lookup(receiver, interface class, slot) reaches the dispatch pointer; slot = Il2CppMethodDefinition.slot
Mono.Security.Authenticode.AuthenticodeDeformatter::VerifySignature	CALL	v1549 @ X0_v72	[v550 @ X29_v7 (Il2CppClass<System.IDisposable>)]	0	System.IDisposable::Dispose	0x06000742	RUNTIME_DISPATCH		EXACT	lookup(receiver, interface class, slot) reaches the dispatch pointer; slot = Il2CppMethodDefinition.slot
Mono.Security.Authenticode.AuthenticodeDeformatter::VerifyCounterSignature	CALL	v1801 @ X0_v4 (System.String)	[v193 @ X29_v2 (Il2CppClass<System.IDisposable>)]	0	System.IDisposable::Dispose	0x06000742	RUNTIME_DISPATCH		EXACT	lookup(receiver, interface class, slot) reaches the dispatch pointer; slot = Il2CppMethodDefinition.slot
Mono.Security.Authenticode.AuthenticodeDeformatter::VerifyCounterSignature	CALL	v1865 @ X0_v46 (Mono.Security.PKCS7+SignerInfo)	[v427 @ X26_v6 (Il2CppClass<System.IDisposable>)]	0	System.IDisposable::Dispose	0x06000742	RUNTIME_DISPATCH		EXACT	lookup(receiver, interface class, slot) reaches the dispatch pointer; slot = Il2CppMethodDefinition.slot
Mono.Security.Authenticode.AuthenticodeDeformatter::VerifyCounterSignature	CALL	v1724 @ X0_v59 (Mono.Security.PKCS7+SignerInfo)	[v445 @ X29_v3 (Il2CppClass<System.IDisposable>)]	0	System.IDisposable::Dispose	0x06000742	RUNTIME_DISPATCH		EXACT	lookup(receiver, interface class, slot) reaches the dispatch pointer; slot = Il2CppMethodDefinition.slot
Mono.Security.X509.PKCS12::GetBytes	CALL	returnVal2 @ X0_v517 (System.Byte[])	[v583 @ X25_v12 (Il2CppClass<System.IDisposable>)]	0	System.IDisposable::Dispose	0x06000742	RUNTIME_DISPATCH		EXACT	lookup(receiver, interface class, slot) reaches the dispatch pointer; slot = Il2CppMethodDefinition.slot
Mono.Security.X509.PKCS12::RemoveCertificate	CALL	v709 @ X19_v16 (System.Collections.IDictionary)	[v706 @ X20_v18 (Il2CppClass<System.Collections.IDictionary>)]	0	System.Collections.IDictionary::get_Item	0x06002AE2	RUNTIME_DISPATCH		EXACT	lookup(receiver, interface class, slot) reaches the dispatch pointer; slot = Il2CppMethodDefinition.slot
Mono.Security.X509.X509Chain::FindCertificateParent	CALL	v193 @ X0_v6 (Mono.Security.X509.X509CertificateCollection+X509CertificateEnumerator)	[v112 @ X23_v2 (Il2CppClass<System.IDisposable>)]	0	System.IDisposable::Dispose	0x06000742	RUNTIME_DISPATCH		EXACT	lookup(receiver, interface class, slot) reaches the dispatch pointer; slot = Il2CppMethodDefinition.slot
Mono.Security.X509.X509Chain::FindCertificateParent	CALL	v196 @ X0_v19	[v111 @ X23_v4 (Il2CppClass<System.IDisposable>)]	0	System.IDisposable::Dispose	0x06000742	RUNTIME_DISPATCH		EXACT	lookup(receiver, interface class, slot) reaches the dispatch pointer; slot = Il2CppMethodDefinition.slot
