Mono.Security.X509.PKCS12::get_Keys	CALL	v285 @ X0_v77 (System.Collections.IEnumerator)	[v244 @ X25_v26 (Il2CppClass<System.Collections.IEnumerator>)]	0	System.Collections.IEnumerator::MoveNext	0x060028DC	RUNTIME_DISPATCH		EXACT	lookup(receiver, interface class, slot) reaches the dispatch pointer; slot = Il2CppMethodDefinition.slot
Mono.Security.X509.PKCS12::get_Keys	CALL	v285 @ X0_v77 (System.Collections.IEnumerator)	[v244 @ X25_v26 (Il2CppClass<System.Collections.IEnumerator>)]	1	System.Collections.IEnumerator::get_Current	0x060028DD	RUNTIME_DISPATCH		EXACT	lookup(receiver, interface class, slot) reaches the dispatch pointer; slot = Il2CppMethodDefinition.slot
Mono.Security.X509.PKCS12::GetBytes	CALL	v2069 @ X0_v117 (Il2CppClass<Mono.Security.X509.SafeBag>)	[v761 @ X19_v21 (Il2CppClass<System.IDisposable>)]	0	System.IDisposable::Dispose	0x06000921	RUNTIME_DISPATCH		EXACT	lookup(receiver, interface class, slot) reaches the dispatch pointer; slot = Il2CppMethodDefinition.slot
Mono.Security.X509.PKCS12::GetBytes	CALL	v2910 @ X0_v123	[v469 @ X19_v22 (Il2CppClass<System.IDisposable>)]	0	System.IDisposable::Dispose	0x06000921	RUNTIME_DISPATCH		EXACT	lookup(receiver, interface class, slot) reaches the dispatch pointer; slot = Il2CppMethodDefinition.slot
Mono.Security.X509.PKCS12::get_Keys	CALL	v285 @ X0_v77 (System.Collections.IEnumerator)	[v244 @ X25_v26 (Il2CppClass<System.Collections.IEnumerator>)]	0	System.Collections.IEnumerator::MoveNext	0x060028DC	RUNTIME_DISPATCH		EXACT	lookup(receiver, interface class, slot) reaches the dispatch pointer; slot = Il2CppMethodDefinition.slot
Mono.Security.X509.PKCS12::get_Keys	CALL	v285 @ X0_v77 (System.Collections.IEnumerator)	[v244 @ X25_v26 (Il2CppClass<System.Collections.IEnumerator>)]	1	System.Collections.IEnumerator::get_Current	0x060028DD	RUNTIME_DISPATCH		EXACT	lookup(receiver, interface class, slot) reaches the dispatch pointer; slot = Il2CppMethodDefinition.slot
Mono.Security.X509.PKCS12::GetBytes	CALL	v2069 @ X0_v117 (Il2CppClass<Mono.Security.X509.SafeBag>)	[v761 @ X19_v21 (Il2CppClass<System.IDisposable>)]	0	System.IDisposable::Dispose	0x06000921	RUNTIME_DISPATCH		EXACT	lookup(receiver, interface class, slot) reaches the dispatch pointer; slot = Il2CppMethodDefinition.slot
Mono.Security.X509.PKCS12::GetBytes	CALL	v2910 @ X0_v123	[v469 @ X19_v22 (Il2CppClass<System.IDisposable>)]	0	System.IDisposable::Dispose	0x06000921	RUNTIME_DISPATCH		EXACT	lookup(receiver, interface class, slot) reaches the dispatch pointer; slot = Il2CppMethodDefinition.slot
IronSource::setGender	TAIL	v216 @ X19_v6 (IronSourceIAgent)	v208 @ X1_v6 (Il2CppClass<IronSourceIAgent>)	2	IronSourceIAgent::setGender	0x06000144	RUNTIME_DISPATCH		EXACT	lookup(receiver, interface class, slot) reaches the dispatch pointer; slot = Il2CppMethodDefinition.slot
UnityEngine.Purchasing.SubscriptionManager::getAppleAppStoreSubInfo	CALL	v575 @ X22_v17 (UnityEngine.ILogger)	v565 @ X1_v24 (Il2CppClass<UnityEngine.ILogger>)	5	UnityEngine.ILogger::Log	0x060003C2	RUNTIME_DISPATCH		EXACT	lookup(receiver, interface class, slot) reaches the dispatch pointer; slot = Il2CppMethodDefinition.slot
EasyMobile.Internal.RuntimeHelper::GetKeyForValue	CALL	dict @ X0 (System.Collections.Generic.IDictionary`2<TKey, TVal>)	Type: Il2CppClass<System.Collections.Generic.IEnumerable`1<System.Collections.Generic.KeyValuePair`2<TKey, TVal>>>	0	System.Collections.Generic.IEnumerable`1::GetEnumerator	0x06002AA2	RUNTIME_DISPATCH	System.Collections.Generic.KeyValuePair`2<TKey, TVal>	EXACT	lookup(receiver, interface class, slot) reaches the dispatch pointer; slot = Il2CppMethodDefinition.slot
EasyMobile.Internal.RuntimeHelper::GetKeyForValue	CALL	v215 @ X0_v23 (System.Collections.IEnumerator)	Type: Il2CppClass<System.Collections.Generic.IEnumerator`1<System.Collections.Generic.KeyValuePair`2<TKey, TVal>>>	0	System.Collections.Generic.IEnumerator`1::get_Current	0x06002AA3	RUNTIME_DISPATCH	System.Collections.Generic.KeyValuePair`2<TKey, TVal>	EXACT	lookup(receiver, interface class, slot) reaches the dispatch pointer; slot = Il2CppMethodDefinition.slot
EasyMobile.Internal.Privacy.EditorConsentDialogClickableText::GetOutputText	CALL	v1381 @ X21_v1 (System.Collections.IEnumerator)	[v871 @ X28_v37 (Il2CppClass<System.Collections.IEnumerator>)]	1	System.Collections.IEnumerator::get_Current	0x060028DD	RUNTIME_DISPATCH		EXACT	lookup(receiver, interface class, slot) reaches the dispatch pointer; slot = Il2CppMethodDefinition.slot
EasyMobile.Internal.Privacy.EditorConsentDialogClickableText::GetOutputText	CALL	v1381 @ X21_v1 (System.Collections.IEnumerator)	[v871 @ X28_v37 (Il2CppClass<System.Collections.IEnumerator>)]	1	System.Collections.IEnumerator::get_Current	0x060028DD	RUNTIME_DISPATCH		EXACT	lookup(receiver, interface class, slot) reaches the dispatch pointer; slot = Il2CppMethodDefinition.slot
LunarConsolePluginInternal.Iterator`1::Current	TAIL	v12 @ X19_v1 (System.Collections.Generic.IList`1<T>)	Type: Il2CppClass<System.Collections.Generic.IList`1<T>>	0	System.Collections.Generic.IList`1::get_Item	0x06002AA6	RUNTIME_DISPATCH	T	EXACT	lookup(receiver, interface class, slot) reaches the dispatch pointer; slot = Il2CppMethodDefinition.slot
LunarConsolePluginInternal.Iterator`1::get_Count	TAIL	v10 @ X19_v1 (System.Collections.Generic.IList`1<T>)	Type: Il2CppClass<System.Collections.Generic.ICollection`1<T>>	0	System.Collections.Generic.ICollection`1::get_Count	0x06002A93	RUNTIME_DISPATCH	T	EXACT	lookup(receiver, interface class, slot) reaches the dispatch pointer; slot = Il2CppMethodDefinition.slot
LunarConsolePluginInternal.StringUtils::Join	CALL	list @ X0 (System.Collections.Generic.IList`1<T>)	Type: Il2CppClass<System.Collections.Generic.IList`1<T>>	0	System.Collections.Generic.IList`1::get_Item	0x06002AA6	RUNTIME_DISPATCH	T	EXACT	lookup(receiver, interface class, slot) reaches the dispatch pointer; slot = Il2CppMethodDefinition.slot
LunarConsolePluginInternal.StringUtils::Join	CALL	list @ X0 (System.Collections.Generic.IList`1<T>)	Type: Il2CppClass<System.Collections.Generic.ICollection`1<T>>	0	System.Collections.Generic.ICollection`1::get_Count	0x06002A93	RUNTIME_DISPATCH	T	EXACT	lookup(receiver, interface class, slot) reaches the dispatch pointer; slot = Il2CppMethodDefinition.slot
LunarConsolePluginInternal.StringUtils::Join	CALL	list @ X0 (System.Collections.Generic.IList`1<T>)	Type: Il2CppClass<System.Collections.Generic.ICollection`1<T>>	0	System.Collections.Generic.ICollection`1::get_Count	0x06002A93	RUNTIME_DISPATCH	T	EXACT	lookup(receiver, interface class, slot) reaches the dispatch pointer; slot = Il2CppMethodDefinition.slot
Morpeh.Utils.ListExtensions::RemoveAtFast	CALL	list @ X0 (System.Collections.Generic.IList`1<T>)	Type: Il2CppClass<System.Collections.Generic.ICollection`1<T>>	0	System.Collections.Generic.ICollection`1::get_Count	0x06002A93	RUNTIME_DISPATCH	T	EXACT	lookup(receiver, interface class, slot) reaches the dispatch pointer; slot = Il2CppMethodDefinition.slot
Morpeh.Utils.ListExtensions::RemoveAtFast	CALL	list @ X0 (System.Collections.Generic.IList`1<T>)	Type: Il2CppClass<System.Collections.Generic.IList`1<T>>	0	System.Collections.Generic.IList`1::get_Item	0x06002AA6	RUNTIME_DISPATCH	T	EXACT	lookup(receiver, interface class, slot) reaches the dispatch pointer; slot = Il2CppMethodDefinition.slot
Morpeh.Utils.ListExtensions::RemoveAtFast	CALL	list @ X0 (System.Collections.Generic.IList`1<T>)	Type: Il2CppClass<System.Collections.Generic.IList`1<T>>	1	System.Collections.Generic.IList`1::set_Item	0x06002AA7	RUNTIME_DISPATCH	T	EXACT	lookup(receiver, interface class, slot) reaches the dispatch pointer; slot = Il2CppMethodDefinition.slot
Morpeh.Utils.ListExtensions::RemoveAtFast	TAIL	list @ X0 (System.Collections.Generic.IList`1<T>)	Type: Il2CppClass<System.Collections.Generic.IList`1<T>>	4	System.Collections.Generic.IList`1::RemoveAt	0x06002AAA	RUNTIME_DISPATCH	T	EXACT	lookup(receiver, interface class, slot) reaches the dispatch pointer; slot = Il2CppMethodDefinition.slot
Morpeh.Utils.ListExtensions::RemoveFast	CALL	list @ X0 (System.Collections.Generic.IList`1<T>)	Type: Il2CppClass<System.Collections.Generic.ICollection`1<T>>	0	System.Collections.Generic.ICollection`1::get_Count	0x06002A93	RUNTIME_DISPATCH	T	EXACT	lookup(receiver, interface class, slot) reaches the dispatch pointer; slot = Il2CppMethodDefinition.slot
Morpeh.Utils.ListExtensions::RemoveFast	CALL	list @ X0 (System.Collections.Generic.IList`1<T>)	Type: Il2CppClass<System.Collections.Generic.IList`1<T>>	2	System.Collections.Generic.IList`1::IndexOf	0x06002AA8	RUNTIME_DISPATCH	T	EXACT	lookup(receiver, interface class, slot) reaches the dispatch pointer; slot = Il2CppMethodDefinition.slot
Morpeh.Utils.ListExtensions::RemoveFast	CALL	list @ X0 (System.Collections.Generic.IList`1<T>)	Type: Il2CppClass<System.Collections.Generic.IList`1<T>>	0	System.Collections.Generic.IList`1::get_Item	0x06002AA6	RUNTIME_DISPATCH	T	EXACT	lookup(receiver, interface class, slot) reaches the dispatch pointer; slot = Il2CppMethodDefinition.slot
Morpeh.Utils.ListExtensions::RemoveFast	CALL	list @ X0 (System.Collections.Generic.IList`1<T>)	Type: Il2CppClass<System.Collections.Generic.IList`1<T>>	1	System.Collections.Generic.IList`1::set_Item	0x06002AA7	RUNTIME_DISPATCH	T	EXACT	lookup(receiver, interface class, slot) reaches the dispatch pointer; slot = Il2CppMethodDefinition.slot
Morpeh.Utils.ListExtensions::RemoveFast	TAIL	list @ X0 (System.Collections.Generic.IList`1<T>)	Type: Il2CppClass<System.Collections.Generic.IList`1<T>>	4	System.Collections.Generic.IList`1::RemoveAt	0x06002AAA	RUNTIME_DISPATCH	T	EXACT	lookup(receiver, interface class, slot) reaches the dispatch pointer; slot = Il2CppMethodDefinition.slot
Sirenix.Utilities.LinqExtensions::IsNullOrEmpty	CALL	list @ X0 (System.Collections.Generic.IList`1<T>)	Type: Il2CppClass<System.Collections.Generic.ICollection`1<T>>	0	System.Collections.Generic.ICollection`1::get_Count	0x06002A93	RUNTIME_DISPATCH	T	EXACT	lookup(receiver, interface class, slot) reaches the dispatch pointer; slot = Il2CppMethodDefinition.slot
Facebook.Unity.Utilities::AddAllKVPFrom	CALL	source @ X1 (System.Collections.Generic.IDictionary`2<T1, T2>)	Type: Il2CppClass<System.Collections.Generic.IDictionary`2<T1, T2>>	2	System.Collections.Generic.IDictionary`2::get_Keys	0x06002A9D	RUNTIME_DISPATCH	T1,T2	EXACT	lookup(receiver, interface class, slot) reaches the dispatch pointer; slot = Il2CppMethodDefinition.slot
Facebook.Unity.Utilities::AddAllKVPFrom	CALL	v169 @ X0_v23 (System.Collections.IEnumerator)	Type: Il2CppClass<System.Collections.Generic.IEnumerable`1<T1>>	0	System.Collections.Generic.IEnumerable`1::GetEnumerator	0x06002AA2	RUNTIME_DISPATCH	T1	EXACT	lookup(receiver, interface class, slot) reaches the dispatch pointer; slot = Il2CppMethodDefinition.slot
Facebook.Unity.Utilities::AddAllKVPFrom	CALL	v555 @ X0_v27 (System.Collections.IEnumerator)	Type: Il2CppClass<System.Collections.Generic.IEnumerator`1<T1>>	0	System.Collections.Generic.IEnumerator`1::get_Current	0x06002AA3	RUNTIME_DISPATCH	T1	EXACT	lookup(receiver, interface class, slot) reaches the dispatch pointer; slot = Il2CppMethodDefinition.slot
Facebook.Unity.Utilities::AddAllKVPFrom	CALL	source @ X1 (System.Collections.Generic.IDictionary`2<T1, T2>)	Type: Il2CppClass<System.Collections.Generic.IDictionary`2<T1, T2>>	0	System.Collections.Generic.IDictionary`2::get_Item	0x06002A9B	RUNTIME_DISPATCH	T1,T2	EXACT	lookup(receiver, interface class, slot) reaches the dispatch pointer; slot = Il2CppMethodDefinition.slot
Facebook.Unity.Utilities::AddAllKVPFrom	CALL	dest @ X0 (System.Collections.Generic.IDictionary`2<T1, T2>)	Type: Il2CppClass<System.Collections.Generic.IDictionary`2<T1, T2>>	1	System.Collections.Generic.IDictionary`2::set_Item	0x06002A9C	RUNTIME_DISPATCH	T1,T2	EXACT	lookup(receiver, interface class, slot) reaches the dispatch pointer; slot = Il2CppMethodDefinition.slot
Obi.ObiShapeMatchingConstraintsBatch::OnAddToSolver	CALL	constraints @ X1 (Obi.IObiConstraints)	[v363 @ X23_v2 (Il2CppClass<Obi.IObiConstraints>)]	0	Obi.IObiConstraints::GetActor	0x06000199	RUNTIME_DISPATCH		EXACT	lookup(receiver, interface class, slot) reaches the dispatch pointer; slot = Il2CppMethodDefinition.slot
Obi.CastedList`2::System.Collections.IEnumerable.GetEnumerator	TAIL	v10 @ X19_v1 (System.Collections.Generic.IList`1<TFrom>)	Type: Il2CppClass<System.Collections.Generic.IEnumerable`1<TFrom>>	0	System.Collections.Generic.IEnumerable`1::GetEnumerator	0x06002AA2	RUNTIME_DISPATCH	TFrom	EXACT	lookup(receiver, interface class, slot) reaches the dispatch pointer; slot = Il2CppMethodDefinition.slot
Obi.CastedList`2::GetEnumerator	CALL	v12 @ X20_v1 (System.Collections.Generic.IList`1<TFrom>)	Type: Il2CppClass<System.Collections.Generic.IEnumerable`1<TFrom>>	0	System.Collections.Generic.IEnumerable`1::GetEnumerator	0x06002AA2	RUNTIME_DISPATCH	TFrom	EXACT	lookup(receiver, interface class, slot) reaches the dispatch pointer; slot = Il2CppMethodDefinition.slot
Obi.CastedList`2::get_Count	TAIL	v10 @ X19_v1 (System.Collections.Generic.IList`1<TFrom>)	Type: Il2CppClass<System.Collections.Generic.ICollection`1<TFrom>>	0	System.Collections.Generic.ICollection`1::get_Count	0x06002A93	RUNTIME_DISPATCH	TFrom	EXACT	lookup(receiver, interface class, slot) reaches the dispatch pointer; slot = Il2CppMethodDefinition.slot
Obi.CastedList`2::get_IsReadOnly	TAIL	v10 @ X19_v1 (System.Collections.Generic.IList`1<TFrom>)	Type: Il2CppClass<System.Collections.Generic.ICollection`1<TFrom>>	1	System.Collections.Generic.ICollection`1::get_IsReadOnly	0x06002A94	RUNTIME_DISPATCH	TFrom	EXACT	lookup(receiver, interface class, slot) reaches the dispatch pointer; slot = Il2CppMethodDefinition.slot
Obi.CastedList`2::Add	TAIL	v16 @ X19_v1 (System.Collections.Generic.IList`1<TFrom>)	Type: Il2CppClass<System.Collections.Generic.ICollection`1<TFrom>>	2	System.Collections.Generic.ICollection`1::Add	0x06002A95	RUNTIME_DISPATCH	TFrom	EXACT	lookup(receiver, interface class, slot) reaches the dispatch pointer; slot = Il2CppMethodDefinition.slot
Obi.CastedList`2::Clear	TAIL	v10 @ X19_v1 (System.Collections.Generic.IList`1<TFrom>)	Type: Il2CppClass<System.Collections.Generic.ICollection`1<TFrom>>	3	System.Collections.Generic.ICollection`1::Clear	0x06002A96	RUNTIME_DISPATCH	TFrom	EXACT	lookup(receiver, interface class, slot) reaches the dispatch pointer; slot = Il2CppMethodDefinition.slot
Obi.CastedList`2::Contains	TAIL	v16 @ X19_v1 (System.Collections.Generic.IList`1<TFrom>)	Type: Il2CppClass<System.Collections.Generic.ICollection`1<TFrom>>	4	System.Collections.Generic.ICollection`1::Contains	0x06002A97	RUNTIME_DISPATCH	TFrom	EXACT	lookup(receiver, interface class, slot) reaches the dispatch pointer; slot = Il2CppMethodDefinition.slot
Obi.CastedList`2::CopyTo	TAIL	v18 @ X20_v1 (System.Collections.Generic.IList`1<TFrom>)	Type: Il2CppClass<System.Collections.Generic.ICollection`1<TFrom>>	5	System.Collections.Generic.ICollection`1::CopyTo	0x06002A98	RUNTIME_DISPATCH	TFrom	EXACT	lookup(receiver, interface class, slot) reaches the dispatch pointer; slot = Il2CppMethodDefinition.slot
Obi.CastedList`2::Remove	TAIL	v16 @ X19_v1 (System.Collections.Generic.IList`1<TFrom>)	Type: Il2CppClass<System.Collections.Generic.ICollection`1<TFrom>>	6	System.Collections.Generic.ICollection`1::Remove	0x06002A99	RUNTIME_DISPATCH	TFrom	EXACT	lookup(receiver, interface class, slot) reaches the dispatch pointer; slot = Il2CppMethodDefinition.slot
Obi.CastedList`2::get_Item	CALL	v14 @ X21_v1 (System.Collections.Generic.IList`1<TFrom>)	Type: Il2CppClass<System.Collections.Generic.IList`1<TFrom>>	0	System.Collections.Generic.IList`1::get_Item	0x06002AA6	RUNTIME_DISPATCH	TFrom	EXACT	lookup(receiver, interface class, slot) reaches the dispatch pointer; slot = Il2CppMethodDefinition.slot
Obi.CastedList`2::set_Item	TAIL	v18 @ X20_v1 (System.Collections.Generic.IList`1<TFrom>)	Type: Il2CppClass<System.Collections.Generic.IList`1<TFrom>>	1	System.Collections.Generic.IList`1::set_Item	0x06002AA7	RUNTIME_DISPATCH	TFrom	EXACT	lookup(receiver, interface class, slot) reaches the dispatch pointer; slot = Il2CppMethodDefinition.slot
Obi.CastedList`2::IndexOf	TAIL	v16 @ X19_v1 (System.Collections.Generic.IList`1<TFrom>)	Type: Il2CppClass<System.Collections.Generic.IList`1<TFrom>>	2	System.Collections.Generic.IList`1::IndexOf	0x06002AA8	RUNTIME_DISPATCH	TFrom	EXACT	lookup(receiver, interface class, slot) reaches the dispatch pointer; slot = Il2CppMethodDefinition.slot
Obi.CastedList`2::Insert	TAIL	v18 @ X20_v1 (System.Collections.Generic.IList`1<TFrom>)	Type: Il2CppClass<System.Collections.Generic.IList`1<TFrom>>	3	System.Collections.Generic.IList`1::Insert	0x06002AA9	RUNTIME_DISPATCH	TFrom	EXACT	lookup(receiver, interface class, slot) reaches the dispatch pointer; slot = Il2CppMethodDefinition.slot
Obi.CastedList`2::RemoveAt	TAIL	v12 @ X20_v1 (System.Collections.Generic.IList`1<TFrom>)	Type: Il2CppClass<System.Collections.Generic.IList`1<TFrom>>	4	System.Collections.Generic.IList`1::RemoveAt	0x06002AAA	RUNTIME_DISPATCH	TFrom	EXACT	lookup(receiver, interface class, slot) reaches the dispatch pointer; slot = Il2CppMethodDefinition.slot
Obi.CastedEnumerator`2::System.Collections.IEnumerator.get_Current	TAIL	v10 @ X19_v1 (System.Collections.Generic.IEnumerator`1<TFrom>)	Type: Il2CppClass<System.Collections.Generic.IEnumerator`1<TFrom>>	0	System.Collections.Generic.IEnumerator`1::get_Current	0x06002AA3	RUNTIME_DISPATCH	TFrom	EXACT	lookup(receiver, interface class, slot) reaches the dispatch pointer; slot = Il2CppMethodDefinition.slot
Obi.CastedEnumerator`2::get_Current	CALL	v12 @ X20_v1 (System.Collections.Generic.IEnumerator`1<TFrom>)	Type: Il2CppClass<System.Collections.Generic.IEnumerator`1<TFrom>>	0	System.Collections.Generic.IEnumerator`1::get_Current	0x06002AA3	RUNTIME_DISPATCH	TFrom	EXACT	lookup(receiver, interface class, slot) reaches the dispatch pointer; slot = Il2CppMethodDefinition.slot
Obi.ObiNativeList`1::AddRange	CALL	v59 @ X0_v4 (System.Collections.IEnumerator)	Type: Il2CppClass<System.Collections.Generic.ICollection`1<T>>	0	System.Collections.Generic.ICollection`1::get_Count	0x06002A93	RUNTIME_DISPATCH	T	EXACT	lookup(receiver, interface class, slot) reaches the dispatch pointer; slot = Il2CppMethodDefinition.slot
Obi.ObiNativeList`1::AddRange	CALL	v59 @ X0_v4 (System.Collections.IEnumerator)	Type: Il2CppClass<System.Collections.Generic.ICollection`1<T>>	0	System.Collections.Generic.ICollection`1::get_Count	0x06002A93	RUNTIME_DISPATCH	T	EXACT	lookup(receiver, interface class, slot) reaches the dispatch pointer; slot = Il2CppMethodDefinition.slot
Obi.ObiNativeList`1::AddRange	CALL	v59 @ X0_v4 (System.Collections.IEnumerator)	Type: Il2CppClass<System.Collections.Generic.IEnumerable`1<T>>	0	System.Collections.Generic.IEnumerable`1::GetEnumerator	0x06002AA2	RUNTIME_DISPATCH	T	EXACT	lookup(receiver, interface class, slot) reaches the dispatch pointer; slot = Il2CppMethodDefinition.slot
Obi.ObiNativeList`1::AddRange	CALL	v678 @ X0_v30 (System.Collections.IEnumerator)	Type: Il2CppClass<System.Collections.Generic.IEnumerator`1<T>>	0	System.Collections.Generic.IEnumerator`1::get_Current	0x06002AA3	RUNTIME_DISPATCH	T	EXACT	lookup(receiver, interface class, slot) reaches the dispatch pointer; slot = Il2CppMethodDefinition.slot
Obi.ObiUtils::Swap	CALL	list @ X0 (System.Collections.Generic.IList`1<T>)	Type: Il2CppClass<System.Collections.Generic.ICollection`1<T>>	0	System.Collections.Generic.ICollection`1::get_Count	0x06002A93	RUNTIME_DISPATCH	T	EXACT	lookup(receiver, interface class, slot) reaches the dispatch pointer; slot = Il2CppMethodDefinition.slot
Obi.ObiUtils::Swap	CALL	list @ X0 (System.Collections.Generic.IList`1<T>)	Type: Il2CppClass<System.Collections.Generic.ICollection`1<T>>	0	System.Collections.Generic.ICollection`1::get_Count	0x06002A93	RUNTIME_DISPATCH	T	EXACT	lookup(receiver, interface class, slot) reaches the dispatch pointer; slot = Il2CppMethodDefinition.slot
Obi.ObiUtils::Swap	CALL	list @ X0 (System.Collections.Generic.IList`1<T>)	Type: Il2CppClass<System.Collections.Generic.IList`1<T>>	0	System.Collections.Generic.IList`1::get_Item	0x06002AA6	RUNTIME_DISPATCH	T	EXACT	lookup(receiver, interface class, slot) reaches the dispatch pointer; slot = Il2CppMethodDefinition.slot
Obi.ObiUtils::Swap	CALL	list @ X0 (System.Collections.Generic.IList`1<T>)	Type: Il2CppClass<System.Collections.Generic.IList`1<T>>	0	System.Collections.Generic.IList`1::get_Item	0x06002AA6	RUNTIME_DISPATCH	T	EXACT	lookup(receiver, interface class, slot) reaches the dispatch pointer; slot = Il2CppMethodDefinition.slot
Obi.ObiUtils::Swap	CALL	list @ X0 (System.Collections.Generic.IList`1<T>)	Type: Il2CppClass<System.Collections.Generic.IList`1<T>>	1	System.Collections.Generic.IList`1::set_Item	0x06002AA7	RUNTIME_DISPATCH	T	EXACT	lookup(receiver, interface class, slot) reaches the dispatch pointer; slot = Il2CppMethodDefinition.slot
Obi.ObiUtils::Swap	TAIL	list @ X0 (System.Collections.Generic.IList`1<T>)	Type: Il2CppClass<System.Collections.Generic.IList`1<T>>	1	System.Collections.Generic.IList`1::set_Item	0x06002AA7	RUNTIME_DISPATCH	T	EXACT	lookup(receiver, interface class, slot) reaches the dispatch pointer; slot = Il2CppMethodDefinition.slot
UnityEngine.Purchasing.IAPConfigurationHelper::PopulateConfigurationBuilder	CALL	v465 @ X0_v37 (System.Collections.Generic.IEnumerator`1<UnityEngine.Purchasing.ProductCatalogItem>)	[v201 @ X28_v12 (Il2CppClass<System.Collections.IEnumerator>)]	0	System.Collections.IEnumerator::MoveNext	0x060028DC	RUNTIME_DISPATCH		EXACT	lookup(receiver, interface class, slot) reaches the dispatch pointer; slot = Il2CppMethodDefinition.slot
UnityEngine.Purchasing.IAPConfigurationHelper::PopulateConfigurationBuilder	CALL	v465 @ X0_v37 (System.Collections.Generic.IEnumerator`1<UnityEngine.Purchasing.ProductCatalogItem>)	[v254 @ X20_v14 (Il2CppClass<System.Collections.Generic.IEnumerator`1<UnityEngine.Purchasing.ProductCatalogItem>>)]	0	System.Collections.Generic.IEnumerator`1::get_Current	0x06002AA3	RUNTIME_DISPATCH	UnityEngine.Purchasing.ProductCatalogItem	EXACT	lookup(receiver, interface class, slot) reaches the dispatch pointer; slot = Il2CppMethodDefinition.slot
UnityEngine.Purchasing.IAPConfigurationHelper::PopulateConfigurationBuilder	CALL	v1508 @ X0_v127 (System.Collections.Generic.IEnumerator`1<UnityEngine.Purchasing.StoreID>)	[v201 @ X28_v12 (Il2CppClass<System.Collections.IEnumerator>)]	0	System.Collections.IEnumerator::MoveNext	0x060028DC	RUNTIME_DISPATCH		EXACT	lookup(receiver, interface class, slot) reaches the dispatch pointer; slot = Il2CppMethodDefinition.slot
UnityEngine.Purchasing.IAPConfigurationHelper::PopulateConfigurationBuilder	CALL	v1508 @ X0_v127 (System.Collections.Generic.IEnumerator`1<UnityEngine.Purchasing.StoreID>)	[v1059 @ X21_v4 (Il2CppClass<System.IDisposable>)]	0	System.IDisposable::Dispose	0x06000921	RUNTIME_DISPATCH		EXACT	lookup(receiver, interface class, slot) reaches the dispatch pointer; slot = Il2CppMethodDefinition.slot
UnityEngine.Purchasing.IAPConfigurationHelper::PopulateConfigurationBuilder	CALL	v1083 @ X19_v5 (System.Collections.Generic.IEnumerator`1<UnityEngine.Purchasing.ProductCatalogItem>)	[v1059 @ X21_v4 (Il2CppClass<System.IDisposable>)]	0	System.IDisposable::Dispose	0x06000921	RUNTIME_DISPATCH		EXACT	lookup(receiver, interface class, slot) reaches the dispatch pointer; slot = Il2CppMethodDefinition.slot
Mono.Security.X509.PKCS12::get_Keys	CALL	v285 @ X0_v77 (System.Collections.IEnumerator)	[v244 @ X25_v26 (Il2CppClass<System.Collections.IEnumerator>)]	0	System.Collections.IEnumerator::MoveNext	0x060028DC	RUNTIME_DISPATCH		EXACT	lookup(receiver, interface class, slot) reaches the dispatch pointer; slot = Il2CppMethodDefinition.slot
Mono.Security.X509.PKCS12::get_Keys	CALL	v285 @ X0_v77 (System.Collections.IEnumerator)	[v244 @ X25_v26 (Il2CppClass<System.Collections.IEnumerator>)]	1	System.Collections.IEnumerator::get_Current	0x060028DD	RUNTIME_DISPATCH		EXACT	lookup(receiver, interface class, slot) reaches the dispatch pointer; slot = Il2CppMethodDefinition.slot
Mono.Security.X509.PKCS12::GetBytes	CALL	v2069 @ X0_v117 (Il2CppClass<Mono.Security.X509.SafeBag>)	[v761 @ X19_v21 (Il2CppClass<System.IDisposable>)]	0	System.IDisposable::Dispose	0x06000921	RUNTIME_DISPATCH		EXACT	lookup(receiver, interface class, slot) reaches the dispatch pointer; slot = Il2CppMethodDefinition.slot
Mono.Security.X509.PKCS12::GetBytes	CALL	v2910 @ X0_v123	[v469 @ X19_v22 (Il2CppClass<System.IDisposable>)]	0	System.IDisposable::Dispose	0x06000921	RUNTIME_DISPATCH		EXACT	lookup(receiver, interface class, slot) reaches the dispatch pointer; slot = Il2CppMethodDefinition.slot
IronSource::setGender	TAIL	v216 @ X19_v6 (IronSourceIAgent)	v208 @ X1_v6 (Il2CppClass<IronSourceIAgent>)	2	IronSourceIAgent::setGender	0x06000144	RUNTIME_DISPATCH		EXACT	lookup(receiver, interface class, slot) reaches the dispatch pointer; slot = Il2CppMethodDefinition.slot
UnityEngine.Purchasing.SubscriptionManager::getAppleAppStoreSubInfo	CALL	v575 @ X22_v17 (UnityEngine.ILogger)	v565 @ X1_v24 (Il2CppClass<UnityEngine.ILogger>)	5	UnityEngine.ILogger::Log	0x060003C2	RUNTIME_DISPATCH		EXACT	lookup(receiver, interface class, slot) reaches the dispatch pointer; slot = Il2CppMethodDefinition.slot
EasyMobile.Internal.RuntimeHelper::GetKeyForValue	CALL	dict @ X0 (System.Collections.Generic.IDictionary`2<TKey, TVal>)	Type: Il2CppClass<System.Collections.Generic.IEnumerable`1<System.Collections.Generic.KeyValuePair`2<TKey, TVal>>>	0	System.Collections.Generic.IEnumerable`1::GetEnumerator	0x06002AA2	RUNTIME_DISPATCH	System.Collections.Generic.KeyValuePair`2<TKey, TVal>	EXACT	lookup(receiver, interface class, slot) reaches the dispatch pointer; slot = Il2CppMethodDefinition.slot
EasyMobile.Internal.RuntimeHelper::GetKeyForValue	CALL	v215 @ X0_v23 (System.Collections.IEnumerator)	Type: Il2CppClass<System.Collections.Generic.IEnumerator`1<System.Collections.Generic.KeyValuePair`2<TKey, TVal>>>	0	System.Collections.Generic.IEnumerator`1::get_Current	0x06002AA3	RUNTIME_DISPATCH	System.Collections.Generic.KeyValuePair`2<TKey, TVal>	EXACT	lookup(receiver, interface class, slot) reaches the dispatch pointer; slot = Il2CppMethodDefinition.slot
EasyMobile.Internal.Privacy.EditorConsentDialogClickableText::GetOutputText	CALL	v1381 @ X21_v1 (System.Collections.IEnumerator)	[v871 @ X28_v37 (Il2CppClass<System.Collections.IEnumerator>)]	1	System.Collections.IEnumerator::get_Current	0x060028DD	RUNTIME_DISPATCH		EXACT	lookup(receiver, interface class, slot) reaches the dispatch pointer; slot = Il2CppMethodDefinition.slot
EasyMobile.Internal.Privacy.EditorConsentDialogClickableText::GetOutputText	CALL	v1381 @ X21_v1 (System.Collections.IEnumerator)	[v871 @ X28_v37 (Il2CppClass<System.Collections.IEnumerator>)]	1	System.Collections.IEnumerator::get_Current	0x060028DD	RUNTIME_DISPATCH		EXACT	lookup(receiver, interface class, slot) reaches the dispatch pointer; slot = Il2CppMethodDefinition.slot
LunarConsolePluginInternal.Iterator`1::Current	TAIL	v12 @ X19_v1 (System.Collections.Generic.IList`1<T>)	Type: Il2CppClass<System.Collections.Generic.IList`1<T>>	0	System.Collections.Generic.IList`1::get_Item	0x06002AA6	RUNTIME_DISPATCH	T	EXACT	lookup(receiver, interface class, slot) reaches the dispatch pointer; slot = Il2CppMethodDefinition.slot
LunarConsolePluginInternal.Iterator`1::get_Count	TAIL	v10 @ X19_v1 (System.Collections.Generic.IList`1<T>)	Type: Il2CppClass<System.Collections.Generic.ICollection`1<T>>	0	System.Collections.Generic.ICollection`1::get_Count	0x06002A93	RUNTIME_DISPATCH	T	EXACT	lookup(receiver, interface class, slot) reaches the dispatch pointer; slot = Il2CppMethodDefinition.slot
LunarConsolePluginInternal.StringUtils::Join	CALL	list @ X0 (System.Collections.Generic.IList`1<T>)	Type: Il2CppClass<System.Collections.Generic.IList`1<T>>	0	System.Collections.Generic.IList`1::get_Item	0x06002AA6	RUNTIME_DISPATCH	T	EXACT	lookup(receiver, interface class, slot) reaches the dispatch pointer; slot = Il2CppMethodDefinition.slot
LunarConsolePluginInternal.StringUtils::Join	CALL	list @ X0 (System.Collections.Generic.IList`1<T>)	Type: Il2CppClass<System.Collections.Generic.ICollection`1<T>>	0	System.Collections.Generic.ICollection`1::get_Count	0x06002A93	RUNTIME_DISPATCH	T	EXACT	lookup(receiver, interface class, slot) reaches the dispatch pointer; slot = Il2CppMethodDefinition.slot
LunarConsolePluginInternal.StringUtils::Join	CALL	list @ X0 (System.Collections.Generic.IList`1<T>)	Type: Il2CppClass<System.Collections.Generic.ICollection`1<T>>	0	System.Collections.Generic.ICollection`1::get_Count	0x06002A93	RUNTIME_DISPATCH	T	EXACT	lookup(receiver, interface class, slot) reaches the dispatch pointer; slot = Il2CppMethodDefinition.slot
Morpeh.Utils.ListExtensions::RemoveAtFast	CALL	list @ X0 (System.Collections.Generic.IList`1<T>)	Type: Il2CppClass<System.Collections.Generic.ICollection`1<T>>	0	System.Collections.Generic.ICollection`1::get_Count	0x06002A93	RUNTIME_DISPATCH	T	EXACT	lookup(receiver, interface class, slot) reaches the dispatch pointer; slot = Il2CppMethodDefinition.slot
Morpeh.Utils.ListExtensions::RemoveAtFast	CALL	list @ X0 (System.Collections.Generic.IList`1<T>)	Type: Il2CppClass<System.Collections.Generic.IList`1<T>>	0	System.Collections.Generic.IList`1::get_Item	0x06002AA6	RUNTIME_DISPATCH	T	EXACT	lookup(receiver, interface class, slot) reaches the dispatch pointer; slot = Il2CppMethodDefinition.slot
Morpeh.Utils.ListExtensions::RemoveAtFast	CALL	list @ X0 (System.Collections.Generic.IList`1<T>)	Type: Il2CppClass<System.Collections.Generic.IList`1<T>>	1	System.Collections.Generic.IList`1::set_Item	0x06002AA7	RUNTIME_DISPATCH	T	EXACT	lookup(receiver, interface class, slot) reaches the dispatch pointer; slot = Il2CppMethodDefinition.slot
Morpeh.Utils.ListExtensions::RemoveAtFast	TAIL	list @ X0 (System.Collections.Generic.IList`1<T>)	Type: Il2CppClass<System.Collections.Generic.IList`1<T>>	4	System.Collections.Generic.IList`1::RemoveAt	0x06002AAA	RUNTIME_DISPATCH	T	EXACT	lookup(receiver, interface class, slot) reaches the dispatch pointer; slot = Il2CppMethodDefinition.slot
Morpeh.Utils.ListExtensions::RemoveFast	CALL	list @ X0 (System.Collections.Generic.IList`1<T>)	Type: Il2CppClass<System.Collections.Generic.ICollection`1<T>>	0	System.Collections.Generic.ICollection`1::get_Count	0x06002A93	RUNTIME_DISPATCH	T	EXACT	lookup(receiver, interface class, slot) reaches the dispatch pointer; slot = Il2CppMethodDefinition.slot
Morpeh.Utils.ListExtensions::RemoveFast	CALL	list @ X0 (System.Collections.Generic.IList`1<T>)	Type: Il2CppClass<System.Collections.Generic.IList`1<T>>	2	System.Collections.Generic.IList`1::IndexOf	0x06002AA8	RUNTIME_DISPATCH	T	EXACT	lookup(receiver, interface class, slot) reaches the dispatch pointer; slot = Il2CppMethodDefinition.slot
Morpeh.Utils.ListExtensions::RemoveFast	CALL	list @ X0 (System.Collections.Generic.IList`1<T>)	Type: Il2CppClass<System.Collections.Generic.IList`1<T>>	0	System.Collections.Generic.IList`1::get_Item	0x06002AA6	RUNTIME_DISPATCH	T	EXACT	lookup(receiver, interface class, slot) reaches the dispatch pointer; slot = Il2CppMethodDefinition.slot
Morpeh.Utils.ListExtensions::RemoveFast	CALL	list @ X0 (System.Collections.Generic.IList`1<T>)	Type: Il2CppClass<System.Collections.Generic.IList`1<T>>	1	System.Collections.Generic.IList`1::set_Item	0x06002AA7	RUNTIME_DISPATCH	T	EXACT	lookup(receiver, interface class, slot) reaches the dispatch pointer; slot = Il2CppMethodDefinition.slot
Morpeh.Utils.ListExtensions::RemoveFast	TAIL	list @ X0 (System.Collections.Generic.IList`1<T>)	Type: Il2CppClass<System.Collections.Generic.IList`1<T>>	4	System.Collections.Generic.IList`1::RemoveAt	0x06002AAA	RUNTIME_DISPATCH	T	EXACT	lookup(receiver, interface class, slot) reaches the dispatch pointer; slot = Il2CppMethodDefinition.slot
Sirenix.Utilities.LinqExtensions::IsNullOrEmpty	CALL	list @ X0 (System.Collections.Generic.IList`1<T>)	Type: Il2CppClass<System.Collections.Generic.ICollection`1<T>>	0	System.Collections.Generic.ICollection`1::get_Count	0x06002A93	RUNTIME_DISPATCH	T	EXACT	lookup(receiver, interface class, slot) reaches the dispatch pointer; slot = Il2CppMethodDefinition.slot
Facebook.Unity.Utilities::AddAllKVPFrom	CALL	source @ X1 (System.Collections.Generic.IDictionary`2<T1, T2>)	Type: Il2CppClass<System.Collections.Generic.IDictionary`2<T1, T2>>	2	System.Collections.Generic.IDictionary`2::get_Keys	0x06002A9D	RUNTIME_DISPATCH	T1,T2	EXACT	lookup(receiver, interface class, slot) reaches the dispatch pointer; slot = Il2CppMethodDefinition.slot
Facebook.Unity.Utilities::AddAllKVPFrom	CALL	v169 @ X0_v23 (System.Collections.IEnumerator)	Type: Il2CppClass<System.Collections.Generic.IEnumerable`1<T1>>	0	System.Collections.Generic.IEnumerable`1::GetEnumerator	0x06002AA2	RUNTIME_DISPATCH	T1	EXACT	lookup(receiver, interface class, slot) reaches the dispatch pointer; slot = Il2CppMethodDefinition.slot
Facebook.Unity.Utilities::AddAllKVPFrom	CALL	v555 @ X0_v27 (System.Collections.IEnumerator)	Type: Il2CppClass<System.Collections.Generic.IEnumerator`1<T1>>	0	System.Collections.Generic.IEnumerator`1::get_Current	0x06002AA3	RUNTIME_DISPATCH	T1	EXACT	lookup(receiver, interface class, slot) reaches the dispatch pointer; slot = Il2CppMethodDefinition.slot
Facebook.Unity.Utilities::AddAllKVPFrom	CALL	source @ X1 (System.Collections.Generic.IDictionary`2<T1, T2>)	Type: Il2CppClass<System.Collections.Generic.IDictionary`2<T1, T2>>	0	System.Collections.Generic.IDictionary`2::get_Item	0x06002A9B	RUNTIME_DISPATCH	T1,T2	EXACT	lookup(receiver, interface class, slot) reaches the dispatch pointer; slot = Il2CppMethodDefinition.slot
Facebook.Unity.Utilities::AddAllKVPFrom	CALL	dest @ X0 (System.Collections.Generic.IDictionary`2<T1, T2>)	Type: Il2CppClass<System.Collections.Generic.IDictionary`2<T1, T2>>	1	System.Collections.Generic.IDictionary`2::set_Item	0x06002A9C	RUNTIME_DISPATCH	T1,T2	EXACT	lookup(receiver, interface class, slot) reaches the dispatch pointer; slot = Il2CppMethodDefinition.slot
Obi.CastedEnumerator`2::get_Current	CALL	v12 @ X20_v1 (System.Collections.Generic.IEnumerator`1<TFrom>)	Type: Il2CppClass<System.Collections.Generic.IEnumerator`1<TFrom>>	0	System.Collections.Generic.IEnumerator`1::get_Current	0x06002AA3	RUNTIME_DISPATCH	TFrom	EXACT	lookup(receiver, interface class, slot) reaches the dispatch pointer; slot = Il2CppMethodDefinition.slot
Obi.ObiNativeList`1::AddRange	CALL	v59 @ X0_v4 (System.Collections.IEnumerator)	Type: Il2CppClass<System.Collections.Generic.ICollection`1<T>>	0	System.Collections.Generic.ICollection`1::get_Count	0x06002A93	RUNTIME_DISPATCH	T	EXACT	lookup(receiver, interface class, slot) reaches the dispatch pointer; slot = Il2CppMethodDefinition.slot
Obi.ObiNativeList`1::AddRange	CALL	v59 @ X0_v4 (System.Collections.IEnumerator)	Type: Il2CppClass<System.Collections.Generic.ICollection`1<T>>	0	System.Collections.Generic.ICollection`1::get_Count	0x06002A93	RUNTIME_DISPATCH	T	EXACT	lookup(receiver, interface class, slot) reaches the dispatch pointer; slot = Il2CppMethodDefinition.slot
Obi.ObiNativeList`1::AddRange	CALL	v59 @ X0_v4 (System.Collections.IEnumerator)	Type: Il2CppClass<System.Collections.Generic.IEnumerable`1<T>>	0	System.Collections.Generic.IEnumerable`1::GetEnumerator	0x06002AA2	RUNTIME_DISPATCH	T	EXACT	lookup(receiver, interface class, slot) reaches the dispatch pointer; slot = Il2CppMethodDefinition.slot
Obi.ObiNativeList`1::AddRange	CALL	v678 @ X0_v30 (System.Collections.IEnumerator)	Type: Il2CppClass<System.Collections.Generic.IEnumerator`1<T>>	0	System.Collections.Generic.IEnumerator`1::get_Current	0x06002AA3	RUNTIME_DISPATCH	T	EXACT	lookup(receiver, interface class, slot) reaches the dispatch pointer; slot = Il2CppMethodDefinition.slot
Obi.CastedList`2::System.Collections.IEnumerable.GetEnumerator	TAIL	v10 @ X19_v1 (System.Collections.Generic.IList`1<TFrom>)	Type: Il2CppClass<System.Collections.Generic.IEnumerable`1<TFrom>>	0	System.Collections.Generic.IEnumerable`1::GetEnumerator	0x06002AA2	RUNTIME_DISPATCH	TFrom	EXACT	lookup(receiver, interface class, slot) reaches the dispatch pointer; slot = Il2CppMethodDefinition.slot
Obi.CastedList`2::GetEnumerator	CALL	v12 @ X20_v1 (System.Collections.Generic.IList`1<TFrom>)	Type: Il2CppClass<System.Collections.Generic.IEnumerable`1<TFrom>>	0	System.Collections.Generic.IEnumerable`1::GetEnumerator	0x06002AA2	RUNTIME_DISPATCH	TFrom	EXACT	lookup(receiver, interface class, slot) reaches the dispatch pointer; slot = Il2CppMethodDefinition.slot
Obi.CastedList`2::get_Count	TAIL	v10 @ X19_v1 (System.Collections.Generic.IList`1<TFrom>)	Type: Il2CppClass<System.Collections.Generic.ICollection`1<TFrom>>	0	System.Collections.Generic.ICollection`1::get_Count	0x06002A93	RUNTIME_DISPATCH	TFrom	EXACT	lookup(receiver, interface class, slot) reaches the dispatch pointer; slot = Il2CppMethodDefinition.slot
Obi.CastedList`2::get_IsReadOnly	TAIL	v10 @ X19_v1 (System.Collections.Generic.IList`1<TFrom>)	Type: Il2CppClass<System.Collections.Generic.ICollection`1<TFrom>>	1	System.Collections.Generic.ICollection`1::get_IsReadOnly	0x06002A94	RUNTIME_DISPATCH	TFrom	EXACT	lookup(receiver, interface class, slot) reaches the dispatch pointer; slot = Il2CppMethodDefinition.slot
Obi.CastedList`2::Add	TAIL	v16 @ X19_v1 (System.Collections.Generic.IList`1<TFrom>)	Type: Il2CppClass<System.Collections.Generic.ICollection`1<TFrom>>	2	System.Collections.Generic.ICollection`1::Add	0x06002A95	RUNTIME_DISPATCH	TFrom	EXACT	lookup(receiver, interface class, slot) reaches the dispatch pointer; slot = Il2CppMethodDefinition.slot
Obi.ObiShapeMatchingConstraintsBatch::OnAddToSolver	CALL	constraints @ X1 (Obi.IObiConstraints)	[v363 @ X23_v2 (Il2CppClass<Obi.IObiConstraints>)]	0	Obi.IObiConstraints::GetActor	0x06000199	RUNTIME_DISPATCH		EXACT	lookup(receiver, interface class, slot) reaches the dispatch pointer; slot = Il2CppMethodDefinition.slot
Obi.CastedList`2::Clear	TAIL	v10 @ X19_v1 (System.Collections.Generic.IList`1<TFrom>)	Type: Il2CppClass<System.Collections.Generic.ICollection`1<TFrom>>	3	System.Collections.Generic.ICollection`1::Clear	0x06002A96	RUNTIME_DISPATCH	TFrom	EXACT	lookup(receiver, interface class, slot) reaches the dispatch pointer; slot = Il2CppMethodDefinition.slot
Obi.CastedList`2::Contains	TAIL	v16 @ X19_v1 (System.Collections.Generic.IList`1<TFrom>)	Type: Il2CppClass<System.Collections.Generic.ICollection`1<TFrom>>	4	System.Collections.Generic.ICollection`1::Contains	0x06002A97	RUNTIME_DISPATCH	TFrom	EXACT	lookup(receiver, interface class, slot) reaches the dispatch pointer; slot = Il2CppMethodDefinition.slot
Obi.CastedList`2::CopyTo	TAIL	v18 @ X20_v1 (System.Collections.Generic.IList`1<TFrom>)	Type: Il2CppClass<System.Collections.Generic.ICollection`1<TFrom>>	5	System.Collections.Generic.ICollection`1::CopyTo	0x06002A98	RUNTIME_DISPATCH	TFrom	EXACT	lookup(receiver, interface class, slot) reaches the dispatch pointer; slot = Il2CppMethodDefinition.slot
Obi.CastedList`2::Remove	TAIL	v16 @ X19_v1 (System.Collections.Generic.IList`1<TFrom>)	Type: Il2CppClass<System.Collections.Generic.ICollection`1<TFrom>>	6	System.Collections.Generic.ICollection`1::Remove	0x06002A99	RUNTIME_DISPATCH	TFrom	EXACT	lookup(receiver, interface class, slot) reaches the dispatch pointer; slot = Il2CppMethodDefinition.slot
Obi.CastedList`2::get_Item	CALL	v14 @ X21_v1 (System.Collections.Generic.IList`1<TFrom>)	Type: Il2CppClass<System.Collections.Generic.IList`1<TFrom>>	0	System.Collections.Generic.IList`1::get_Item	0x06002AA6	RUNTIME_DISPATCH	TFrom	EXACT	lookup(receiver, interface class, slot) reaches the dispatch pointer; slot = Il2CppMethodDefinition.slot
Obi.CastedList`2::set_Item	TAIL	v18 @ X20_v1 (System.Collections.Generic.IList`1<TFrom>)	Type: Il2CppClass<System.Collections.Generic.IList`1<TFrom>>	1	System.Collections.Generic.IList`1::set_Item	0x06002AA7	RUNTIME_DISPATCH	TFrom	EXACT	lookup(receiver, interface class, slot) reaches the dispatch pointer; slot = Il2CppMethodDefinition.slot
Obi.CastedList`2::IndexOf	TAIL	v16 @ X19_v1 (System.Collections.Generic.IList`1<TFrom>)	Type: Il2CppClass<System.Collections.Generic.IList`1<TFrom>>	2	System.Collections.Generic.IList`1::IndexOf	0x06002AA8	RUNTIME_DISPATCH	TFrom	EXACT	lookup(receiver, interface class, slot) reaches the dispatch pointer; slot = Il2CppMethodDefinition.slot
Obi.CastedList`2::Insert	TAIL	v18 @ X20_v1 (System.Collections.Generic.IList`1<TFrom>)	Type: Il2CppClass<System.Collections.Generic.IList`1<TFrom>>	3	System.Collections.Generic.IList`1::Insert	0x06002AA9	RUNTIME_DISPATCH	TFrom	EXACT	lookup(receiver, interface class, slot) reaches the dispatch pointer; slot = Il2CppMethodDefinition.slot
Obi.CastedList`2::RemoveAt	TAIL	v12 @ X20_v1 (System.Collections.Generic.IList`1<TFrom>)	Type: Il2CppClass<System.Collections.Generic.IList`1<TFrom>>	4	System.Collections.Generic.IList`1::RemoveAt	0x06002AAA	RUNTIME_DISPATCH	TFrom	EXACT	lookup(receiver, interface class, slot) reaches the dispatch pointer; slot = Il2CppMethodDefinition.slot
Obi.CastedEnumerator`2::System.Collections.IEnumerator.get_Current	TAIL	v10 @ X19_v1 (System.Collections.Generic.IEnumerator`1<TFrom>)	Type: Il2CppClass<System.Collections.Generic.IEnumerator`1<TFrom>>	0	System.Collections.Generic.IEnumerator`1::get_Current	0x06002AA3	RUNTIME_DISPATCH	TFrom	EXACT	lookup(receiver, interface class, slot) reaches the dispatch pointer; slot = Il2CppMethodDefinition.slot
Obi.ObiUtils::Swap	CALL	list @ X0 (System.Collections.Generic.IList`1<T>)	Type: Il2CppClass<System.Collections.Generic.ICollection`1<T>>	0	System.Collections.Generic.ICollection`1::get_Count	0x06002A93	RUNTIME_DISPATCH	T	EXACT	lookup(receiver, interface class, slot) reaches the dispatch pointer; slot = Il2CppMethodDefinition.slot
Obi.ObiUtils::Swap	CALL	list @ X0 (System.Collections.Generic.IList`1<T>)	Type: Il2CppClass<System.Collections.Generic.ICollection`1<T>>	0	System.Collections.Generic.ICollection`1::get_Count	0x06002A93	RUNTIME_DISPATCH	T	EXACT	lookup(receiver, interface class, slot) reaches the dispatch pointer; slot = Il2CppMethodDefinition.slot
Obi.ObiUtils::Swap	CALL	list @ X0 (System.Collections.Generic.IList`1<T>)	Type: Il2CppClass<System.Collections.Generic.IList`1<T>>	0	System.Collections.Generic.IList`1::get_Item	0x06002AA6	RUNTIME_DISPATCH	T	EXACT	lookup(receiver, interface class, slot) reaches the dispatch pointer; slot = Il2CppMethodDefinition.slot
Obi.ObiUtils::Swap	CALL	list @ X0 (System.Collections.Generic.IList`1<T>)	Type: Il2CppClass<System.Collections.Generic.IList`1<T>>	0	System.Collections.Generic.IList`1::get_Item	0x06002AA6	RUNTIME_DISPATCH	T	EXACT	lookup(receiver, interface class, slot) reaches the dispatch pointer; slot = Il2CppMethodDefinition.slot
Obi.ObiUtils::Swap	CALL	list @ X0 (System.Collections.Generic.IList`1<T>)	Type: Il2CppClass<System.Collections.Generic.IList`1<T>>	1	System.Collections.Generic.IList`1::set_Item	0x06002AA7	RUNTIME_DISPATCH	T	EXACT	lookup(receiver, interface class, slot) reaches the dispatch pointer; slot = Il2CppMethodDefinition.slot
Obi.ObiUtils::Swap	TAIL	list @ X0 (System.Collections.Generic.IList`1<T>)	Type: Il2CppClass<System.Collections.Generic.IList`1<T>>	1	System.Collections.Generic.IList`1::set_Item	0x06002AA7	RUNTIME_DISPATCH	T	EXACT	lookup(receiver, interface class, slot) reaches the dispatch pointer; slot = Il2CppMethodDefinition.slot
UnityEngine.Purchasing.IAPConfigurationHelper::PopulateConfigurationBuilder	CALL	v465 @ X0_v37 (System.Collections.Generic.IEnumerator`1<UnityEngine.Purchasing.ProductCatalogItem>)	[v201 @ X28_v12 (Il2CppClass<System.Collections.IEnumerator>)]	0	System.Collections.IEnumerator::MoveNext	0x060028DC	RUNTIME_DISPATCH		EXACT	lookup(receiver, interface class, slot) reaches the dispatch pointer; slot = Il2CppMethodDefinition.slot
UnityEngine.Purchasing.IAPConfigurationHelper::PopulateConfigurationBuilder	CALL	v465 @ X0_v37 (System.Collections.Generic.IEnumerator`1<UnityEngine.Purchasing.ProductCatalogItem>)	[v254 @ X20_v14 (Il2CppClass<System.Collections.Generic.IEnumerator`1<UnityEngine.Purchasing.ProductCatalogItem>>)]	0	System.Collections.Generic.IEnumerator`1::get_Current	0x06002AA3	RUNTIME_DISPATCH	UnityEngine.Purchasing.ProductCatalogItem	EXACT	lookup(receiver, interface class, slot) reaches the dispatch pointer; slot = Il2CppMethodDefinition.slot
UnityEngine.Purchasing.IAPConfigurationHelper::PopulateConfigurationBuilder	CALL	v1508 @ X0_v127 (System.Collections.Generic.IEnumerator`1<UnityEngine.Purchasing.StoreID>)	[v201 @ X28_v12 (Il2CppClass<System.Collections.IEnumerator>)]	0	System.Collections.IEnumerator::MoveNext	0x060028DC	RUNTIME_DISPATCH		EXACT	lookup(receiver, interface class, slot) reaches the dispatch pointer; slot = Il2CppMethodDefinition.slot
UnityEngine.Purchasing.IAPConfigurationHelper::PopulateConfigurationBuilder	CALL	v1508 @ X0_v127 (System.Collections.Generic.IEnumerator`1<UnityEngine.Purchasing.StoreID>)	[v1059 @ X21_v4 (Il2CppClass<System.IDisposable>)]	0	System.IDisposable::Dispose	0x06000921	RUNTIME_DISPATCH		EXACT	lookup(receiver, interface class, slot) reaches the dispatch pointer; slot = Il2CppMethodDefinition.slot
UnityEngine.Purchasing.IAPConfigurationHelper::PopulateConfigurationBuilder	CALL	v1083 @ X19_v5 (System.Collections.Generic.IEnumerator`1<UnityEngine.Purchasing.ProductCatalogItem>)	[v1059 @ X21_v4 (Il2CppClass<System.IDisposable>)]	0	System.IDisposable::Dispose	0x06000921	RUNTIME_DISPATCH		EXACT	lookup(receiver, interface class, slot) reaches the dispatch pointer; slot = Il2CppMethodDefinition.slot
