Spine.Pool`1::Reset	TAIL	v38 @ X0_v3	v53 @ X1_v3 (Il2CppClass<Spine.Pool`1<T>+IPoolable<T>>)	0	Spine.Pool`1+IPoolable::Reset	0x0600013B	RUNTIME_DISPATCH	T	EXACT	lookup(receiver, interface class, slot) reaches the dispatch pointer; slot = Il2CppMethodDefinition.slot
Spine.ExposedList`1::AddCollection	CALL	collection @ X1 (System.Collections.Generic.ICollection`1<T>)	v43 @ X1_v2 (Il2CppClass<System.Collections.Generic.ICollection`1<T>>)	0	System.Collections.Generic.ICollection`1::get_Count	0x0600259B	RUNTIME_DISPATCH	T	EXACT	lookup(receiver, interface class, slot) reaches the dispatch pointer; slot = Il2CppMethodDefinition.slot
Spine.ExposedList`1::AddCollection	CALL	collection @ X1 (System.Collections.Generic.ICollection`1<T>)	v228 @ X1_v7 (Il2CppClass<System.Collections.Generic.ICollection`1<T>>)	5	System.Collections.Generic.ICollection`1::CopyTo	0x060025A0	RUNTIME_DISPATCH	T	EXACT	lookup(receiver, interface class, slot) reaches the dispatch pointer; slot = Il2CppMethodDefinition.slot
Spine.ExposedList`1::AddEnumerable	CALL	enumerable @ X1 (System.Collections.Generic.IEnumerable`1<T>)	v56 @ X1_v11 (Il2CppClass<System.Collections.Generic.IEnumerable`1<T>>)	0	System.Collections.Generic.IEnumerable`1::GetEnumerator	0x060025A7	RUNTIME_DISPATCH	T	EXACT	lookup(receiver, interface class, slot) reaches the dispatch pointer; slot = Il2CppMethodDefinition.slot
Spine.ExposedList`1::AddEnumerable	CALL	v106 @ X0_v35 (System.Collections.IEnumerator)	v551 @ X1_v17 (Il2CppClass<System.Collections.Generic.IEnumerator`1<T>>)	0	System.Collections.Generic.IEnumerator`1::get_Current	0x060025A8	RUNTIME_DISPATCH	T	EXACT	lookup(receiver, interface class, slot) reaches the dispatch pointer; slot = Il2CppMethodDefinition.slot
Spine.ExposedList`1::AddEnumerable	CALL	v184 @ X19_v2 (System.Collections.IEnumerator)	[v190 @ X22_v2 (Il2CppClass<System.IDisposable>)]	0	System.IDisposable::Dispose	0x060005B8	RUNTIME_DISPATCH		EXACT	lookup(receiver, interface class, slot) reaches the dispatch pointer; slot = Il2CppMethodDefinition.slot
Spine.ExposedList`1::AddEnumerable	CALL	v183 @ X19_v4 (System.Collections.IEnumerator)	[v189 @ X22_v4 (Il2CppClass<System.IDisposable>)]	0	System.IDisposable::Dispose	0x060005B8	RUNTIME_DISPATCH		EXACT	lookup(receiver, interface class, slot) reaches the dispatch pointer; slot = Il2CppMethodDefinition.slot
Spine.ExposedList`1::InsertCollection	CALL	collection @ X2 (System.Collections.Generic.ICollection`1<T>)	v44 @ X1_v2 (Il2CppClass<System.Collections.Generic.ICollection`1<T>>)	0	System.Collections.Generic.ICollection`1::get_Count	0x0600259B	RUNTIME_DISPATCH	T	EXACT	lookup(receiver, interface class, slot) reaches the dispatch pointer; slot = Il2CppMethodDefinition.slot
Spine.ExposedList`1::InsertCollection	TAIL	collection @ X2 (System.Collections.Generic.ICollection`1<T>)	v210 @ X1_v7 (Il2CppClass<System.Collections.Generic.ICollection`1<T>>)	5	System.Collections.Generic.ICollection`1::CopyTo	0x060025A0	RUNTIME_DISPATCH	T	EXACT	lookup(receiver, interface class, slot) reaches the dispatch pointer; slot = Il2CppMethodDefinition.slot
Spine.ExposedList`1::InsertEnumeration	CALL	enumerable @ X2 (System.Collections.Generic.IEnumerable`1<T>)	v61 @ X1_v11 (Il2CppClass<System.Collections.Generic.IEnumerable`1<T>>)	0	System.Collections.Generic.IEnumerable`1::GetEnumerator	0x060025A7	RUNTIME_DISPATCH	T	EXACT	lookup(receiver, interface class, slot) reaches the dispatch pointer; slot = Il2CppMethodDefinition.slot
Spine.ExposedList`1::InsertEnumeration	CALL	v111 @ X0_v35 (System.Collections.IEnumerator)	v570 @ X1_v17 (Il2CppClass<System.Collections.Generic.IEnumerator`1<T>>)	0	System.Collections.Generic.IEnumerator`1::get_Current	0x060025A8	RUNTIME_DISPATCH	T	EXACT	lookup(receiver, interface class, slot) reaches the dispatch pointer; slot = Il2CppMethodDefinition.slot
Spine.ExposedList`1::InsertEnumeration	CALL	v195 @ X19_v2 (System.Collections.IEnumerator)	[v201 @ X23_v2 (Il2CppClass<System.IDisposable>)]	0	System.IDisposable::Dispose	0x060005B8	RUNTIME_DISPATCH		EXACT	lookup(receiver, interface class, slot) reaches the dispatch pointer; slot = Il2CppMethodDefinition.slot
Spine.ExposedList`1::InsertEnumeration	CALL	v194 @ X19_v4 (System.Collections.IEnumerator)	[v200 @ X23_v4 (Il2CppClass<System.IDisposable>)]	0	System.IDisposable::Dispose	0x060005B8	RUNTIME_DISPATCH		EXACT	lookup(receiver, interface class, slot) reaches the dispatch pointer; slot = Il2CppMethodDefinition.slot
Spine.Skeleton::SortPathConstraintAttachment	CALL	v138 @ X19_v2 (System.Collections.Generic.IEnumerator`1<Spine.Skin+SkinEntry>)	[v146 @ X23_v2 (Il2CppClass<System.IDisposable>)]	0	System.IDisposable::Dispose	0x060005B8	RUNTIME_DISPATCH		EXACT	lookup(receiver, interface class, slot) reaches the dispatch pointer; slot = Il2CppMethodDefinition.slot
Spine.Skeleton::SortPathConstraintAttachment	CALL	v137 @ X19_v4 (System.Collections.Generic.IEnumerator`1<Spine.Skin+SkinEntry>)	[v145 @ X23_v4 (Il2CppClass<System.IDisposable>)]	0	System.IDisposable::Dispose	0x060005B8	RUNTIME_DISPATCH		EXACT	lookup(receiver, interface class, slot) reaches the dispatch pointer; slot = Il2CppMethodDefinition.slot
Spine.Skin::GetAttachments	CALL	v313 @ X19_v4 (System.Collections.Generic.IEnumerator`1<Spine.Skin+SkinEntry>)	[v316 @ X23_v4 (Il2CppClass<System.IDisposable>)]	0	System.IDisposable::Dispose	0x060005B8	RUNTIME_DISPATCH		EXACT	lookup(receiver, interface class, slot) reaches the dispatch pointer; slot = Il2CppMethodDefinition.slot
Spine.Skin::GetAttachments	CALL	v313 @ X19_v4 (System.Collections.Generic.IEnumerator`1<Spine.Skin+SkinEntry>)	[v316 @ X23_v4 (Il2CppClass<System.IDisposable>)]	0	System.IDisposable::Dispose	0x060005B8	RUNTIME_DISPATCH		EXACT	lookup(receiver, interface class, slot) reaches the dispatch pointer; slot = Il2CppMethodDefinition.slot
Spine.Skin::AttachAll	CALL	v203 @ X19_v2 (System.Collections.Generic.IEnumerator`1<Spine.Skin+SkinEntry>)	[v191 @ X23_v1 (Il2CppClass<System.IDisposable>)]	0	System.IDisposable::Dispose	0x060005B8	RUNTIME_DISPATCH		EXACT	lookup(receiver, interface class, slot) reaches the dispatch pointer; slot = Il2CppMethodDefinition.slot
Spine.Skin::AttachAll	CALL	v202 @ X19_v4 (System.Collections.Generic.IEnumerator`1<Spine.Skin+SkinEntry>)	[v190 @ X23_v3 (Il2CppClass<System.IDisposable>)]	0	System.IDisposable::Dispose	0x060005B8	RUNTIME_DISPATCH		EXACT	lookup(receiver, interface class, slot) reaches the dispatch pointer; slot = Il2CppMethodDefinition.slot
Spine.Unity.BlendModeMaterialsAsset::ApplyMaterials	CALL	v577 @ X19_v2 (Spine.Unity.BlendModeMaterialsAsset+AtlasMaterialCache)	[v570 @ X21_v1 (Il2CppClass<System.IDisposable>)]	0	System.IDisposable::Dispose	0x060005B8	RUNTIME_DISPATCH		EXACT	lookup(receiver, interface class, slot) reaches the dispatch pointer; slot = Il2CppMethodDefinition.slot
Spine.Unity.BlendModeMaterialsAsset::ApplyMaterials	CALL	v577 @ X19_v2 (Spine.Unity.BlendModeMaterialsAsset+AtlasMaterialCache)	[v570 @ X21_v1 (Il2CppClass<System.IDisposable>)]	0	System.IDisposable::Dispose	0x060005B8	RUNTIME_DISPATCH		EXACT	lookup(receiver, interface class, slot) reaches the dispatch pointer; slot = Il2CppMethodDefinition.slot
Spine.Collections.CollectionExtensions::ToOrderedDictionary	CALL	v106 @ X24_v2	v235 @ X1_v19 (Il2CppClass<System.Collections.Generic.IEnumerable`1<TSource>>)	0	System.Collections.Generic.IEnumerable`1::GetEnumerator	0x060025A7	RUNTIME_DISPATCH	TSource	EXACT	lookup(receiver, interface class, slot) reaches the dispatch pointer; slot = Il2CppMethodDefinition.slot
Spine.Unity.Examples.SkeletonRagdoll::Remove	CALL	this.targetSkeletonComponent (Spine.Unity.ISkeletonAnimation)	[v136 @ X22_v2 (Il2CppClass<Spine.Unity.ISkeletonAnimation>)]	3	Spine.Unity.ISkeletonAnimation::remove_UpdateWorld	0x06000663	RUNTIME_DISPATCH		EXACT	lookup(receiver, interface class, slot) reaches the dispatch pointer; slot = Il2CppMethodDefinition.slot
Spine.Unity.Examples.SkeletonRagdoll2D::Remove	CALL	this.targetSkeletonComponent (Spine.Unity.ISkeletonAnimation)	[v136 @ X22_v2 (Il2CppClass<Spine.Unity.ISkeletonAnimation>)]	3	Spine.Unity.ISkeletonAnimation::remove_UpdateWorld	0x06000663	RUNTIME_DISPATCH		EXACT	lookup(receiver, interface class, slot) reaches the dispatch pointer; slot = Il2CppMethodDefinition.slot
GameHelper::FindAllChild	CALL	v339 @ X0_v4 (System.Collections.IEnumerator)	[v180 @ X22_v3 (Il2CppClass<System.IDisposable>)]	0	System.IDisposable::Dispose	0x060005B8	RUNTIME_DISPATCH		EXACT	lookup(receiver, interface class, slot) reaches the dispatch pointer; slot = Il2CppMethodDefinition.slot
GameHelper::FindAllChild	CALL	v255 @ X0_v16	[v180 @ X22_v3 (Il2CppClass<System.IDisposable>)]	0	System.IDisposable::Dispose	0x060005B8	RUNTIME_DISPATCH		EXACT	lookup(receiver, interface class, slot) reaches the dispatch pointer; slot = Il2CppMethodDefinition.slot
Spine.ExposedList`1::AddCollection	CALL	collection @ X1 (System.Collections.Generic.ICollection`1<T>)	v43 @ X1_v2 (Il2CppClass<System.Collections.Generic.ICollection`1<T>>)	0	System.Collections.Generic.ICollection`1::get_Count	0x0600259B	RUNTIME_DISPATCH	T	EXACT	lookup(receiver, interface class, slot) reaches the dispatch pointer; slot = Il2CppMethodDefinition.slot
Spine.ExposedList`1::AddCollection	CALL	collection @ X1 (System.Collections.Generic.ICollection`1<T>)	v228 @ X1_v7 (Il2CppClass<System.Collections.Generic.ICollection`1<T>>)	5	System.Collections.Generic.ICollection`1::CopyTo	0x060025A0	RUNTIME_DISPATCH	T	EXACT	lookup(receiver, interface class, slot) reaches the dispatch pointer; slot = Il2CppMethodDefinition.slot
Spine.ExposedList`1::AddEnumerable	CALL	enumerable @ X1 (System.Collections.Generic.IEnumerable`1<T>)	v56 @ X1_v11 (Il2CppClass<System.Collections.Generic.IEnumerable`1<T>>)	0	System.Collections.Generic.IEnumerable`1::GetEnumerator	0x060025A7	RUNTIME_DISPATCH	T	EXACT	lookup(receiver, interface class, slot) reaches the dispatch pointer; slot = Il2CppMethodDefinition.slot
Spine.ExposedList`1::AddEnumerable	CALL	v106 @ X0_v35 (System.Collections.IEnumerator)	v551 @ X1_v17 (Il2CppClass<System.Collections.Generic.IEnumerator`1<T>>)	0	System.Collections.Generic.IEnumerator`1::get_Current	0x060025A8	RUNTIME_DISPATCH	T	EXACT	lookup(receiver, interface class, slot) reaches the dispatch pointer; slot = Il2CppMethodDefinition.slot
Spine.ExposedList`1::AddEnumerable	CALL	v184 @ X19_v2 (System.Collections.IEnumerator)	[v190 @ X22_v2 (Il2CppClass<System.IDisposable>)]	0	System.IDisposable::Dispose	0x060005B8	RUNTIME_DISPATCH		EXACT	lookup(receiver, interface class, slot) reaches the dispatch pointer; slot = Il2CppMethodDefinition.slot
Spine.ExposedList`1::AddEnumerable	CALL	v183 @ X19_v4 (System.Collections.IEnumerator)	[v189 @ X22_v4 (Il2CppClass<System.IDisposable>)]	0	System.IDisposable::Dispose	0x060005B8	RUNTIME_DISPATCH		EXACT	lookup(receiver, interface class, slot) reaches the dispatch pointer; slot = Il2CppMethodDefinition.slot
Spine.Pool`1::Reset	TAIL	v38 @ X0_v3	v53 @ X1_v3 (Il2CppClass<Spine.Pool`1<T>+IPoolable<T>>)	0	Spine.Pool`1+IPoolable::Reset	0x0600013B	RUNTIME_DISPATCH	T	EXACT	lookup(receiver, interface class, slot) reaches the dispatch pointer; slot = Il2CppMethodDefinition.slot
Spine.ExposedList`1::InsertCollection	CALL	collection @ X2 (System.Collections.Generic.ICollection`1<T>)	v44 @ X1_v2 (Il2CppClass<System.Collections.Generic.ICollection`1<T>>)	0	System.Collections.Generic.ICollection`1::get_Count	0x0600259B	RUNTIME_DISPATCH	T	EXACT	lookup(receiver, interface class, slot) reaches the dispatch pointer; slot = Il2CppMethodDefinition.slot
Spine.ExposedList`1::InsertCollection	TAIL	collection @ X2 (System.Collections.Generic.ICollection`1<T>)	v210 @ X1_v7 (Il2CppClass<System.Collections.Generic.ICollection`1<T>>)	5	System.Collections.Generic.ICollection`1::CopyTo	0x060025A0	RUNTIME_DISPATCH	T	EXACT	lookup(receiver, interface class, slot) reaches the dispatch pointer; slot = Il2CppMethodDefinition.slot
Spine.ExposedList`1::InsertEnumeration	CALL	enumerable @ X2 (System.Collections.Generic.IEnumerable`1<T>)	v61 @ X1_v11 (Il2CppClass<System.Collections.Generic.IEnumerable`1<T>>)	0	System.Collections.Generic.IEnumerable`1::GetEnumerator	0x060025A7	RUNTIME_DISPATCH	T	EXACT	lookup(receiver, interface class, slot) reaches the dispatch pointer; slot = Il2CppMethodDefinition.slot
Spine.ExposedList`1::InsertEnumeration	CALL	v111 @ X0_v35 (System.Collections.IEnumerator)	v570 @ X1_v17 (Il2CppClass<System.Collections.Generic.IEnumerator`1<T>>)	0	System.Collections.Generic.IEnumerator`1::get_Current	0x060025A8	RUNTIME_DISPATCH	T	EXACT	lookup(receiver, interface class, slot) reaches the dispatch pointer; slot = Il2CppMethodDefinition.slot
Spine.ExposedList`1::InsertEnumeration	CALL	v195 @ X19_v2 (System.Collections.IEnumerator)	[v201 @ X23_v2 (Il2CppClass<System.IDisposable>)]	0	System.IDisposable::Dispose	0x060005B8	RUNTIME_DISPATCH		EXACT	lookup(receiver, interface class, slot) reaches the dispatch pointer; slot = Il2CppMethodDefinition.slot
Spine.ExposedList`1::InsertEnumeration	CALL	v194 @ X19_v4 (System.Collections.IEnumerator)	[v200 @ X23_v4 (Il2CppClass<System.IDisposable>)]	0	System.IDisposable::Dispose	0x060005B8	RUNTIME_DISPATCH		EXACT	lookup(receiver, interface class, slot) reaches the dispatch pointer; slot = Il2CppMethodDefinition.slot
Spine.Skin::GetAttachments	CALL	v313 @ X19_v4 (System.Collections.Generic.IEnumerator`1<Spine.Skin+SkinEntry>)	[v316 @ X23_v4 (Il2CppClass<System.IDisposable>)]	0	System.IDisposable::Dispose	0x060005B8	RUNTIME_DISPATCH		EXACT	lookup(receiver, interface class, slot) reaches the dispatch pointer; slot = Il2CppMethodDefinition.slot
Spine.Skin::GetAttachments	CALL	v313 @ X19_v4 (System.Collections.Generic.IEnumerator`1<Spine.Skin+SkinEntry>)	[v316 @ X23_v4 (Il2CppClass<System.IDisposable>)]	0	System.IDisposable::Dispose	0x060005B8	RUNTIME_DISPATCH		EXACT	lookup(receiver, interface class, slot) reaches the dispatch pointer; slot = Il2CppMethodDefinition.slot
Spine.Skin::AttachAll	CALL	v203 @ X19_v2 (System.Collections.Generic.IEnumerator`1<Spine.Skin+SkinEntry>)	[v191 @ X23_v1 (Il2CppClass<System.IDisposable>)]	0	System.IDisposable::Dispose	0x060005B8	RUNTIME_DISPATCH		EXACT	lookup(receiver, interface class, slot) reaches the dispatch pointer; slot = Il2CppMethodDefinition.slot
Spine.Skin::AttachAll	CALL	v202 @ X19_v4 (System.Collections.Generic.IEnumerator`1<Spine.Skin+SkinEntry>)	[v190 @ X23_v3 (Il2CppClass<System.IDisposable>)]	0	System.IDisposable::Dispose	0x060005B8	RUNTIME_DISPATCH		EXACT	lookup(receiver, interface class, slot) reaches the dispatch pointer; slot = Il2CppMethodDefinition.slot
Spine.Skeleton::SortPathConstraintAttachment	CALL	v138 @ X19_v2 (System.Collections.Generic.IEnumerator`1<Spine.Skin+SkinEntry>)	[v146 @ X23_v2 (Il2CppClass<System.IDisposable>)]	0	System.IDisposable::Dispose	0x060005B8	RUNTIME_DISPATCH		EXACT	lookup(receiver, interface class, slot) reaches the dispatch pointer; slot = Il2CppMethodDefinition.slot
Spine.Skeleton::SortPathConstraintAttachment	CALL	v137 @ X19_v4 (System.Collections.Generic.IEnumerator`1<Spine.Skin+SkinEntry>)	[v145 @ X23_v4 (Il2CppClass<System.IDisposable>)]	0	System.IDisposable::Dispose	0x060005B8	RUNTIME_DISPATCH		EXACT	lookup(receiver, interface class, slot) reaches the dispatch pointer; slot = Il2CppMethodDefinition.slot
Spine.Collections.CollectionExtensions::ToOrderedDictionary	CALL	v106 @ X24_v2	v235 @ X1_v19 (Il2CppClass<System.Collections.Generic.IEnumerable`1<TSource>>)	0	System.Collections.Generic.IEnumerable`1::GetEnumerator	0x060025A7	RUNTIME_DISPATCH	TSource	EXACT	lookup(receiver, interface class, slot) reaches the dispatch pointer; slot = Il2CppMethodDefinition.slot
Spine.Unity.BlendModeMaterialsAsset::ApplyMaterials	CALL	v577 @ X19_v2 (Spine.Unity.BlendModeMaterialsAsset+AtlasMaterialCache)	[v570 @ X21_v1 (Il2CppClass<System.IDisposable>)]	0	System.IDisposable::Dispose	0x060005B8	RUNTIME_DISPATCH		EXACT	lookup(receiver, interface class, slot) reaches the dispatch pointer; slot = Il2CppMethodDefinition.slot
Spine.Unity.BlendModeMaterialsAsset::ApplyMaterials	CALL	v577 @ X19_v2 (Spine.Unity.BlendModeMaterialsAsset+AtlasMaterialCache)	[v570 @ X21_v1 (Il2CppClass<System.IDisposable>)]	0	System.IDisposable::Dispose	0x060005B8	RUNTIME_DISPATCH		EXACT	lookup(receiver, interface class, slot) reaches the dispatch pointer; slot = Il2CppMethodDefinition.slot
Spine.Unity.Examples.SkeletonRagdoll::Remove	CALL	this.targetSkeletonComponent (Spine.Unity.ISkeletonAnimation)	[v136 @ X22_v2 (Il2CppClass<Spine.Unity.ISkeletonAnimation>)]	3	Spine.Unity.ISkeletonAnimation::remove_UpdateWorld	0x06000663	RUNTIME_DISPATCH		EXACT	lookup(receiver, interface class, slot) reaches the dispatch pointer; slot = Il2CppMethodDefinition.slot
Spine.Unity.Examples.SkeletonRagdoll2D::Remove	CALL	this.targetSkeletonComponent (Spine.Unity.ISkeletonAnimation)	[v136 @ X22_v2 (Il2CppClass<Spine.Unity.ISkeletonAnimation>)]	3	Spine.Unity.ISkeletonAnimation::remove_UpdateWorld	0x06000663	RUNTIME_DISPATCH		EXACT	lookup(receiver, interface class, slot) reaches the dispatch pointer; slot = Il2CppMethodDefinition.slot
GameHelper::FindAllChild	CALL	v339 @ X0_v4 (System.Collections.IEnumerator)	[v180 @ X22_v3 (Il2CppClass<System.IDisposable>)]	0	System.IDisposable::Dispose	0x060005B8	RUNTIME_DISPATCH		EXACT	lookup(receiver, interface class, slot) reaches the dispatch pointer; slot = Il2CppMethodDefinition.slot
GameHelper::FindAllChild	CALL	v255 @ X0_v16	[v180 @ X22_v3 (Il2CppClass<System.IDisposable>)]	0	System.IDisposable::Dispose	0x060005B8	RUNTIME_DISPATCH		EXACT	lookup(receiver, interface class, slot) reaches the dispatch pointer; slot = Il2CppMethodDefinition.slot
