Unknown	Spine.Skin::AddSkin stack:-C0 in 2 locals: v760 at 302 CallVoid Skin.SetAttachment, this @ X0 (Spine.Skin), v760 @ stack_-C0_v11 (System.Int32), v380.next (System.Int32), v380.current (Spine.ConstraintData) and 104 Move v169 @ X8_v19, &v112 @ stack_-C0_v5 (Spine.ExposedList`1<System.Object>+Enumerator<System.Object>) are joined by a path across blocks
Unknown	Spine.Skin::CopySkin stack:-C0 in 2 locals: v264 at 364 CallVoid Skin.SetAttachment, this @ X0 (Spine.Skin), v264 @ stack_-C0_v13 (System.Int32), v499.next (System.Int32), v280 @ X0_v70 (Spine.MeshAttachment) and 107 Move v219 @ X8_v20, &v156 @ stack_-C0_v6 (Spine.ExposedList`1<System.Object>+Enumerator<System.Object>) are joined by a path across blocks
Unknown	Spine.Collections.OrderedDictionary`2::Insert stack:-80 in 2 locals: v152 at 123 Move v152 @ stack_-80_v7 (Il2CppMethodInfo), v259 @ X25_v7 (Il2CppMethodInfo) and -1 Move v172 @ X3_v3 (TValue), &v131 @ stack_-80_v2 (System.Int32) are joined by a path across blocks
Unknown	Spine.Unity.AttachmentTools.AtlasUtilities::ToTexture stack:-88 in 2 locals: v289 at 272 Return v289 @ stack_-88_v4 (UnityEngine.Texture2D) and 78 Call Dictionary`2<Spine.Unity.AttachmentTools.AtlasUtilities+IntAndAtlasRegionKey, UnityEngine.Texture2D>.TryGetValue, v103 @ X0_v8 (System.Boolean), v88.CachedRegionTextures (System.Collections.Generic.Dictionary`2<Spine.Unity.AttachmentTools.AtlasUtilities+IntAndAtlasRegionKey, UnityEngine.Texture2D>), 0, &v100 @ stack_-88_v3 (UnityEngine.Object) are joined by a path across blocks
Unknown	Spine.Unity.AttachmentTools.SkinUtilities::CopyTo stack:-A0 in 2 locals: v1318 at 442 Move v1318 @ stack_-A0_v25 (System.Int32), v2769 @ stack_-170_v35 (System.Int32) and 477 CallVoid OrderedDictionary`2<Spine.Skin+SkinEntry, Spine.Attachment>.Add, v2206 @ X22_v28 (Spine.Collections.OrderedDictionary`2<Spine.Skin+SkinEntry, Spine.Attachment>), &v295 @ stack_-A0 (Spine.Skin+SkinEntry), v3213 @ X0_v205 (Spine.Attachment) are joined by a path across blocks
Unknown	Spine.Unity.AttachmentTools.SkinUtilities::CopyTo stack:-170 in 3 locals: v2813 at 667 Move v1381 @ stack_-80_v23 (Spine.Skin+SkinEntry), v2813 @ stack_-170_v29 (Spine.Skin+SkinEntry) and 875 CallVoid OrderedDictionary`2<Spine.Skin+SkinEntry, Spine.Attachment>.Add, v2206 @ X22_v28 (Spine.Collections.OrderedDictionary`2<Spine.Skin+SkinEntry, Spine.Attachment>), &v2769 @ stack_-170_v35 (System.Int32), v2772 @ stack_-150 (Spine.Attachment) are joined by a path across blocks
Unknown	DG.Tweening.Plugins.Core.PluginsManager::GetCustomPlugin stack:-28 in 2 locals: v112 at -1 Move returnVal2 @ X0_v14 (DG.Tweening.Plugins.Core.ABSTweenPlugin`3<T1, T2, TPlugOptions>), v112 @ stack_-28_v4 (System.Object) and 63 Call Dictionary`2<System.Type, DG.Tweening.Plugins.Core.ITweenPlugin>.TryGetValue, v77 @ X0_v22 (System.Boolean), v64._customPlugins (System.Collections.Generic.Dictionary`2<System.Type, DG.Tweening.Plugins.Core.ITweenPlugin>), v56 @ X0_v5 (System.Type), &v73 @ stack_-28_v5 (DG.Tweening.Plugins.Core.ITweenPlugin) are joined by a path across blocks
NonAlias	CodeStage.AntiCheat.Storage.ObscuredPrefs::DecryptValue stack:-58 in 3 locals: no path joins the address-take and the other names
Unknown	CodeStage.AntiCheat.Detectors.TimeCheatingDetector::GetOnlineTimeTask stack:-70 in 2 locals: v49 at 36 Move v49 @ stack_-70_v1 (System.Int32), 0 and 70 CallVoid AsyncTaskMethodBuilder`1<CodeStage.AntiCheat.Detectors.TimeCheatingDetector+OnlineTimeResult>.Start, v82 @ X20_v2 (System.Int32), &v85 @ stack_-70_v2 (CodeStage.AntiCheat.Detectors.TimeCheatingDetector+<GetOnlineTimeTask>d__53) are joined by a path across blocks
Unknown	CodeStage.AntiCheat.Detectors.TimeCheatingDetector::GetOnlineTimeTask stack:-A0 in 2 locals: v51 at 38 Move v51 @ stack_-A0_v1 (System.Int32), 0 and 73 CallVoid AsyncTaskMethodBuilder`1<CodeStage.AntiCheat.Detectors.TimeCheatingDetector+OnlineTimeResult>.Start, v85 @ X20_v2 (System.Int32), &v88 @ stack_-A0_v2 (CodeStage.AntiCheat.Detectors.TimeCheatingDetector+<GetOnlineTimeTask>d__54) are joined by a path across blocks
Unknown	Spine.Unity.Examples.AnimationMatchModifierAsset+AnimationTools::MatchAnimationTimelines stack:-B8 in 2 locals: v632 at -1 Move v128 @ stack_-B8 (System.Collections.Generic.List`1<System.Int32>), v632 @ stack_-B8_v25 (Spine.ExposedList`1<Spine.Timeline>) and 726 Move v2616 @ X8_v43, &v128 @ stack_-B8 (System.Collections.Generic.List`1<System.Int32>) are joined by a path across blocks
Unknown	Spine.Unity.Examples.TransitionDictionaryExample::Start stack:-A8 in 2 locals: v158 at -1 Move v79 @ V0_v2 (System.Collections.Generic.List`1<Spine.Unity.Examples.TransitionDictionaryExample+SerializedEntry>), v158 @ stack_-A8_v3 (System.Collections.Generic.List`1<Spine.Unity.Examples.TransitionDictionaryExample+SerializedEntry>) and 104 CallVoid AnimationPair..ctor, &v187 @ stack_-A8_v8 (Spine.AnimationStateData+AnimationPair), v218 @ X0_v31 (Spine.Animation), v339 @ X0_v33 (Spine.Animation) are joined by a path across blocks
Unknown	CodeStage.AntiCheat.Detectors.TimeCheatingDetector::ForceCheckTask stack:-60 in 2 locals: v45 at 33 Move v45 @ stack_-60_v1 (System.Int32), 0 and 62 CallVoid AsyncTaskMethodBuilder`1<System.Int32Enum>.Start, v62 @ X20_v5 (System.Int32), &v77 @ stack_-60_v3 (CodeStage.AntiCheat.Detectors.TimeCheatingDetector+<ForceCheckTask>d__61) are joined by a path across blocks
Unknown	GoogleMobileAds.Android.Utils::GetAdRequestJavaObject stack:-130 in 7 locals: v384 at 763 Move v384 @ stack_-130_v7 (System.Boolean), v200 @ TEMPCOND_v8 (System.Boolean) and 1059 Move v3984 @ X8_v223, &v3076 @ stack_-130_v13 (System.Collections.Generic.Dictionary`2<System.Object, System.Object>+Enumerator<System.Object, System.Object>) are joined by a path across blocks
Unknown	Mono.Security.ASN1Convert::ToOid stack:-24 in 2 locals: v212 at -1 Move v385 @ X9_v10 (System.Int32), v212 @ stack_-24_v9 (System.Int32) and 88 Call Byte.ToString, v177 @ X0_v29 (System.String), &v166 @ stack_-24_v6 (System.Byte), v237 @ X0_v27 (System.Globalization.CultureInfo) are joined by a path across blocks
Unknown	Spine.SkeletonJson::ReadSkeletonData stack:-148 in 4 locals: v5744 at -1 Move v145 @ stack_-148 (Il2CppClass<Spine.TransformMode>), v5744 @ stack_-148_v30 (System.Collections.Generic.Dictionary`2<System.Object, System.Object>+Enumerator<System.Object, System.Object>) and 3577 Move v11399 @ X8_v136, &v9640 @ stack_-148_v29 (System.Collections.Generic.Dictionary`2<System.Object, System.Object>+Enumerator<System.Object, System.Object>) are joined by a path across blocks
Unknown	Spine.SkeletonJson::ReadAnimation stack:-198 in 3 locals: v8670 at -1 Move v590 @ stack_-198 (System.Collections.Generic.List`1<System.Object>+Enumerator<System.Object>), v8670 @ stack_-198_v21 (System.Collections.Generic.Dictionary`2<System.Object, System.Object>+Enumerator<System.Object, System.Object>) and 4278 Move v12136 @ X8_v205, &v4662 @ stack_-198_v15 (System.Collections.Generic.Dictionary`2<System.Object, System.Object>+Enumerator<System.Object, System.Object>) are joined by a path across blocks
