Unknown	Newtonsoft.Json.JsonReader::get_Path stack:-40 in 2 locals: v113 at 77 Move v105 @ stack_-80_v1 (System.Nullable`1<Newtonsoft.Json.JsonPosition>), v113 @ stack_-40_v3 (System.Nullable`1<Newtonsoft.Json.JsonPosition>) and 111 CallVoid Nullable`1<Newtonsoft.Json.JsonPosition>..ctor, &v179 @ stack_-60_v2 (System.Nullable`1<Newtonsoft.Json.JsonPosition>), &v169 @ stack_-40_v1 (Newtonsoft.Json.JsonPosition) are joined by a path across blocks
Unknown	Newtonsoft.Json.Utilities.DateTimeUtils::TryParseDateTimeOffsetMicrosoft stack:-78 in 2 locals: v136 at 77 Move v154 @ stack_-58_v2 (System.DateTime), v136 @ stack_-78_v3 (System.DateTime) and 99 CallVoid DateTimeOffset..ctor, &v159 @ stack_-78_v5 (System.DateTimeOffset), v195 @ X0_v30 (System.Int64), v65 @ stack_-50_v2 (System.TimeSpan) are joined by a path across blocks
Unknown	Newtonsoft.Json.JsonReader::Push stack:-60 in 2 locals: v307 at 285 Move v307 @ stack_-60_v4 (System.Nullable`1<System.Int32>), this._maxDepth (System.Nullable`1<System.Int32>) and 220 Add v395 @ X0_v42, &v142 @ stack_-60_v2 (Newtonsoft.Json.JsonPosition), 8 are joined by a path across blocks
NonAlias	Newtonsoft.Json.JsonReader::ReadAsInt32 stack:-3C in 2 locals: no path joins the address-take and the other names
NonAlias	Newtonsoft.Json.JsonReader::ReadAsBytes stack:-40 in 2 locals: no path joins the address-take and the other names
NonAlias	Newtonsoft.Json.JsonReader::ReadAsDouble stack:-58 in 2 locals: no path joins the address-take and the other names
NonAlias	Newtonsoft.Json.JsonReader::ReadAsDecimal stack:-60 in 2 locals: no path joins the address-take and the other names
NonAlias	Newtonsoft.Json.JsonReader::ReadAsDateTime stack:-58 in 2 locals: no path joins the address-take and the other names
Unknown	Newtonsoft.Json.JsonPosition::BuildPath stack:-B0 in 2 locals: v329 at 162 Move v329 @ stack_-B0_v3 (System.Collections.Generic.List`1<Newtonsoft.Json.JsonPosition>+Enumerator<Newtonsoft.Json.JsonPosition>), v295 @ X0_v28 (System.Collections.Generic.List`1<Newtonsoft.Json.JsonPosition>+Enumerator<Newtonsoft.Json.JsonPosition>) and -1 Move v338 @ stack_-E0_v2 (System.Collections.Generic.List`1<Newtonsoft.Json.JsonPosition>+Enumerator<Newtonsoft.Json.JsonPosition>), &v59 @ stack_-B0_v1 (Newtonsoft.Json.JsonContainerType) are joined by a path across blocks
Unknown	Newtonsoft.Json.JsonWriter::get_Path stack:-40 in 2 locals: v113 at 77 Move v105 @ stack_-80_v1 (System.Nullable`1<Newtonsoft.Json.JsonPosition>), v113 @ stack_-40_v3 (System.Nullable`1<Newtonsoft.Json.JsonPosition>) and 111 CallVoid Nullable`1<Newtonsoft.Json.JsonPosition>..ctor, &v179 @ stack_-60_v2 (System.Nullable`1<Newtonsoft.Json.JsonPosition>), &v169 @ stack_-40_v1 (Newtonsoft.Json.JsonPosition) are joined by a path across blocks
NonAlias	Newtonsoft.Json.JsonReader::ReadAsDateTimeOffset stack:-58 in 2 locals: no path joins the address-take and the other names
Unknown	Newtonsoft.Json.JsonTextReader::ReadStringIntoBuffer stack:-70 in 2 locals: v423 at 792 Move v423 @ stack_-70_v3 (System.Char), v317 @ X20_v2 (System.Char) and 383 CallVoid StringBuffer..ctor, &v773 @ stack_-70_v10 (Newtonsoft.Json.Utilities.StringBuffer), this._arrayPool (Newtonsoft.Json.IArrayPool`1<System.Char>), 1024 are joined by a path across blocks
Unknown	Newtonsoft.Json.JsonTextReader::FinishReadStringIntoBuffer stack:-40 in 2 locals: v103 at 42 Move v37._buffer (System.Char[]), v103 @ stack_-40_v6 (Newtonsoft.Json.Utilities.StringBuffer) and -1 Move v57 @ X0_v1 (Newtonsoft.Json.Utilities.StringReference), &v35 @ stack_-40_v8 (Newtonsoft.Json.Utilities.StringReference) are joined by a path across blocks
NonAlias	Newtonsoft.Json.Utilities.ConvertUtils::FromBigInteger stack:-58 in 6 locals: no path joins the address-take and the other names
NonAlias	Newtonsoft.Json.Utilities.ConvertUtils::TryConvertInternal stack:-88 in 4 locals: no path joins the address-take and the other names
NonAlias	Newtonsoft.Json.JsonTextReader::ReadUnquotedPropertyReportIfDone stack:-50 in 2 locals: no path joins the address-take and the other names
Unknown	Newtonsoft.Json.Utilities.ConvertUtils::DecimalTryParse stack:-90 in 7 locals: v2009 at -1 Move v489 @ X2_v8 (System.Decimal), v2009 @ stack_-90_v8 (System.Decimal) and 976 CallVoid Decimal..ctor, &v1130 @ stack_-90_v33 (System.Decimal), 1, 0, 0, 0, v479 @ X5_v18 (System.Byte) are joined by a path across blocks
Unknown	Newtonsoft.Json.JsonTextReader::ParseConstructor stack:-50 in 2 locals: v253 at -1 Move v253 @ stack_-50_v1 (System.Char), v567 @ X0_v32 (System.Char) and 161 CallVoid StringReference..ctor, &v184 @ stack_-50_v6 (Newtonsoft.Json.Utilities.StringReference), v298._chars (System.Char[]), this._charPos (System.Int32), v560 @ X3_v1 (System.Int32) are joined by a path across blocks
Unknown	Newtonsoft.Json.Serialization.JsonObjectContract::get_HasRequiredOrDefaultValueProperties stack:-88 in 2 locals: v342 at -1 Move v754 @ X8_v38 (System.Nullable`1<System.Int32Enum>), v342 @ stack_-88_v12 (System.Nullable`1<System.Int32Enum>) and 266 CallVoid Nullable`1<System.Boolean>..ctor, &v536 @ stack_-88_v9 (System.Nullable`1<System.Boolean>), 1 are joined by a path across blocks
Unknown	Newtonsoft.Json.Utilities.DateTimeUtils::TryParseDateTimeOffset stack:-50 in 2 locals: v258 at 230 Call DateTimeUtils.TryParseDateTimeOffsetIso, v285 @ X0_v47 (System.Boolean), v258 @ stack_-50_v12 (Newtonsoft.Json.Utilities.StringReference), dt @ X3 (System.DateTimeOffset&) and 267 Call DateTimeOffset.TryParseExact, v120 @ X0_v23 (System.Boolean), s @ X0 (System.String), dateFormatString @ X1 (System.String), culture @ X2 (System.Globalization.CultureInfo), 128, &v90 @ stack_-50_v7 (System.DateTimeOffset) are joined by a path across blocks
Unknown	Newtonsoft.Json.Linq.JObject::System.ComponentModel.ICustomTypeDescriptor.GetProperties stack:-68 in 2 locals: v281 at 167 Move v281 @ stack_-68_v2 (System.Object), v265 @ X0_v8 (System.Object) and 410 Move v462 @ X8_v12, &v57 @ stack_-68_v8 (System.Int32) are joined by a path across blocks
Unknown	Newtonsoft.Json.Serialization.DefaultContractResolver::SetPropertySettingsFromAttributes stack:-68 in 2 locals: v829 at 439 Move property.<Order>k__BackingField (System.Nullable`1<System.Int32>), v829 @ stack_-68_v12 (System.Nullable`1<System.Int32>) and 660 CallVoid Nullable`1<System.Int32Enum>..ctor, &v776 @ stack_-68_v6 (System.Nullable`1<System.Int32Enum>), 1 are joined by a path across blocks
NonAlias	Newtonsoft.Json.Converters.BinaryConverter::ReadJson stack:-48 in 2 locals: no path joins the address-take and the other names
NonAlias	Newtonsoft.Json.Converters.UnixDateTimeConverter::ReadJson stack:-60 in 3 locals: no path joins the address-take and the other names
NonAlias	Newtonsoft.Json.Linq.JValue::CompareBigInteger stack:-58 in 2 locals: no path joins the address-take and the other names
NonAlias	Newtonsoft.Json.Linq.JValue::Operation stack:-78 in 2 locals: no path joins the address-take and the other names
NonAlias	Newtonsoft.Json.Converters.IsoDateTimeConverter::ReadJson stack:-60 in 3 locals: no path joins the address-take and the other names
NonAlias	Newtonsoft.Json.Converters.JavaScriptDateTimeConverter::ReadJson stack:-50 in 3 locals: no path joins the address-take and the other names
Unknown	TMPro.TextMeshProUGUI::SetArraySizes stack:-150 in 6 locals: v2142 at 3281 Move v2142 @ stack_-150_v11 (TMPro.TMP_MeshInfo), 0 and 182 CallVoid TMP_TextProcessingStack`1<TMPro.MaterialReference>.SetDefault, v135 @ X0_v11 (TMPro.TMP_TextProcessingStack`1<TMPro.MaterialReference>), &v138 @ stack_-150_v1 (TMPro.MaterialReference) are joined by a path across blocks
Unknown	TMPro.TextMeshProUGUI::SetArraySizes stack:-C0 in 3 locals: v1845 at 1444 Move v1845 @ stack_-C0_v13 (System.UInt32), v354.m_Unicode (System.UInt32) and 168 CallVoid MaterialReference..ctor, &v128 @ stack_-C0_v2 (TMPro.MaterialReference), 0, this.m_currentFontAsset (TMPro.TMP_FontAsset), 0, this.m_currentMaterial (UnityEngine.Material), this.m_padding (System.Single) are joined by a path across blocks
Unknown	TMPro.TMP_FontAsset::CreateFontAsset stack:-C0 in 2 locals: v216 at 136 Move v216 @ stack_-C0_v4 (System.Int32), v478.m_FaceIndex (System.Int32) and 358 CallVoid GlyphRect..ctor, &v217 @ stack_-C0_v6 (UnityEngine.TextCore.GlyphRect), 0, 0, v501 @ X3_v7 (System.Int32), v116 @ X4_v5 (System.Int32) are joined by a path across blocks
NonAlias	Newtonsoft.Json.Converters.XmlNodeConverter::ValueAttributes stack:-88 in 2 locals: no path joins the address-take and the other names
Unknown	TMPro.TextMeshPro::SetArraySizes stack:-140 in 6 locals: v2023 at 3121 Move v2023 @ stack_-140_v11 (TMPro.TMP_MeshInfo), 0 and 180 CallVoid TMP_TextProcessingStack`1<TMPro.MaterialReference>.SetDefault, v131 @ X0_v11 (TMPro.TMP_TextProcessingStack`1<TMPro.MaterialReference>), &v134 @ stack_-140_v1 (TMPro.MaterialReference) are joined by a path across blocks
Unknown	TMPro.TextMeshPro::SetArraySizes stack:-B0 in 3 locals: v1716 at 1370 Move v1716 @ stack_-B0_v13 (System.UInt32), v331.m_Unicode (System.UInt32) and 166 CallVoid MaterialReference..ctor, &v124 @ stack_-B0_v2 (TMPro.MaterialReference), 0, this.m_currentFontAsset (TMPro.TMP_FontAsset), 0, this.m_currentMaterial (UnityEngine.Material), this.m_padding (System.Single) are joined by a path across blocks
Unknown	RayFire.RFCluster::TrisNeib stack:-98 in 2 locals: v730 at -1 Move v319 @ V0_v4 (System.Collections.Generic.List`1<System.Object>+Enumerator<System.Object>), v730 @ stack_-98_v11 (System.Collections.Generic.List`1<RayFire.RFShard>) and 56 Move v69 @ X8_v10, &v70 @ stack_-98 (System.Int32) are joined by a path across blocks
NonAlias	RayFire.RFStress::CheckSupport stack:-68 in 2 locals: no path joins the address-take and the other names
NonAlias	RayFire.RFMesh::.ctor stack:-B8 in 8 locals: no path joins the address-take and the other names
Unknown	Newtonsoft.Json.Serialization.JsonSerializerInternalReader::PopulateDictionary stack:-B0 in 3 locals: v1185 at 587 Move v1185 @ stack_-B0_v8 (System.DateTimeOffset), v1145 @ stack_-78_v8 (System.DateTimeOffset) and 1068 Call Enum.ToString, v418 @ X0_v22 (System.String), &v413 @ stack_-B0_v3 (System.Int32) are joined by a path across blocks
Unknown	RayFire.RFStress::SetSizeMultiplier stack:-B8 in 2 locals: v698 at -1 Move v198 @ V0_v3 (System.Collections.Generic.List`1<System.Object>+Enumerator<System.Object>), v698 @ stack_-B8_v6 (System.Collections.Generic.List`1<System.Object>+Enumerator<System.Object>) and 367 Move v791 @ X8_v19, &v234 @ stack_-B8 (System.Int32) are joined by a path across blocks
NonAlias	Newtonsoft.Json.Serialization.JsonSerializerInternalReader::CreateISerializable stack:-80 in 2 locals: no path joins the address-take and the other names
Unknown	RayFire.RayfireCombine::SetData stack:-118 in 2 locals: v2375 at -1 Move v1221 @ V0_v4 (System.Single), v2375 @ stack_-118_v20 (System.Collections.Generic.List`1<UnityEngine.GameObject>) and 1640 Move v1472 @ X8_v37, &v356 @ stack_-118 (UnityEngine.Vector3) are joined by a path across blocks
NonAlias	Newtonsoft.Json.Serialization.JsonSerializerInternalReader::CreateObjectUsingCreatorWithParameters stack:-F0 in 2 locals: no path joins the address-take and the other names
Unknown	Newtonsoft.Json.Serialization.JsonSerializerInternalReader::ResolvePropertyAndCreatorValues stack:-78 in 3 locals: v81 at -1 Move v239 @ X1_v33 (Newtonsoft.Json.Serialization.JsonProperty), v81 @ stack_-78_v11 (Newtonsoft.Json.Serialization.JsonProperty) and -1 Move v539 @ X2_v19 (System.StringComparison), &v82 @ stack_-78_v13 (Newtonsoft.Json.Serialization.JsonProperty) are joined by a path across blocks
Unknown	Newtonsoft.Json.Serialization.JsonSerializerInternalWriter::CheckForCircularReference stack:-58 in 2 locals: v329 at -1 Move v77 @ stack_-58_v6 (System.Nullable`1<System.Int32Enum>), v329 @ stack_-58_v8 (System.Nullable`1<Newtonsoft.Json.ReferenceLoopHandling>) and 193 Call Nullable`1<System.Int32Enum>.GetValueOrDefault, v125 @ X0_v21, &v77 @ stack_-58_v6 (System.Nullable`1<System.Int32Enum>), v201._referenceLoopHandling (Newtonsoft.Json.ReferenceLoopHandling) are joined by a path across blocks
Unknown	UnityEngine.UI.FontUpdateTracker::RebuildForFont stack:-50 in 2 locals: v51 at -1 Move v51 @ stack_-50_v8 (System.Int32), 0 and 57 Call Enumerator<System.Object>.MoveNext, v262 @ X0_v47 (System.Boolean), &v131 @ stack_-50_v7 (System.Collections.Generic.HashSet`1<System.Object>+Enumerator<System.Object>) are joined by a path across blocks
Unknown	TMPro.TMP_Text::ValidateHtmlTag stack:-B8 in 2 locals: v159 at 7733 MakeStruct v4320 @ AGG240E324_2_v2 (TMPro.TMP_Offset), typeof(TMPro.TMP_Offset), v159 @ stack_-B8_v16 (UnityEngine.TextCore.FaceInfo), v9608 @ stack_-B4_v16 (System.Single), v9607 @ stack_-B0_v17 (System.Single), v9606 @ stack_-AC_v16 (System.Single) and 7308 CallVoid TMP_Offset..ctor, &v13040 @ stack_-B8_v18 (TMPro.TMP_Offset), [v2135 @ X8_v405 (System.Int32)+20], [v2135 @ X8_v405 (System.Int32)+24], [v2135 @ X8_v405 (System.Int32)+28], [v2135 @ X8_v405 (System.Int32)+2C] are joined by a path across blocks
NonAlias	TMPro.TMP_Text::ValidateHtmlTag stack:-360 in 3 locals: no path joins the address-take and the other names
Unknown	TMPro.TMP_Text::.ctor stack:-200 in 2 locals: v145 at 189 Move this.m_fontWeight (TMPro.FontWeight), v145 @ stack_-200_v2 (TMPro.TMP_TextProcessingStack`1<System.Single>) and 451 CallVoid TMP_TextProcessingStack`1<System.Object>..ctor, &v435 @ stack_-200_v4 (TMPro.TMP_TextProcessingStack`1<System.Object>), v425 @ X0_v63 (System.Object[]) are joined by a path across blocks
Unknown	TMPro.TMP_Text::.ctor stack:-170 in 2 locals: v164 at 200 Move this.m_FontWeightStack (TMPro.TMP_TextProcessingStack`1<TMPro.FontWeight>), v164 @ stack_-170_v2 (TMPro.TMP_TextProcessingStack`1<System.Int32Enum>) and 343 CallVoid TMP_TextProcessingStack`1<System.Single>..ctor, &v330 @ stack_-170_v4 (TMPro.TMP_TextProcessingStack`1<System.Single>), v316 @ X0_v32 (System.Single[]) are joined by a path across blocks
Unknown	TMPro.TMP_Text::.ctor stack:-190 in 2 locals: v368 at 379 Move this.m_colorStack (TMPro.TMP_TextProcessingStack`1<UnityEngine.Color32>), v368 @ stack_-190_v4 (TMPro.TMP_TextProcessingStack`1<UnityEngine.Color32>) and 220 CallVoid TMP_TextProcessingStack`1<System.Int32Enum>..ctor, &v193 @ stack_-190_v2 (TMPro.TMP_TextProcessingStack`1<System.Int32Enum>), v183 @ X0_v18 (System.Int32Enum[]) are joined by a path across blocks
Unknown	TMPro.TMP_Text::.ctor stack:-150 in 2 locals: v414 at 431 Move this.m_HighlightStateStack (TMPro.TMP_TextProcessingStack`1<TMPro.HighlightState>), v414 @ stack_-150_v4 (TMPro.TMP_TextProcessingStack`1<TMPro.HighlightState>) and 145 CallVoid VertexGradient..ctor, &v105 @ stack_-150_v2 (TMPro.VertexGradient), v111 @ AGG2416630_1_v1 (UnityEngine.Color) are joined by a path across blocks
Unknown	UnityEngine.UI.PositionAsUV1::ModifyMesh stack:-A0 in 2 locals: v15 at 15 Move v15 @ stack_-A0_v1 (System.Int32), 0 and 40 CallVoid VertexHelper.PopulateUIVertex, vh @ X1 (UnityEngine.UI.VertexHelper), &v115 @ stack_-A0_v4 (UnityEngine.UIVertex), v178 @ X20_v4 (System.Int32) are joined by a path across blocks
Unknown	UnityEngine.EventSystems.PhysicsRaycaster::Raycast stack:-D0 in 2 locals: v194 at 133 Move v194 @ stack_-D0_v7 (UnityEngine.Ray), v66 @ stack_-E8_v2 (UnityEngine.Ray) and 218 CallVoid List`1<UnityEngine.EventSystems.RaycastResult>.Add, resultAppendList @ X2 (System.Collections.Generic.List`1<UnityEngine.EventSystems.RaycastResult>), &v196 @ stack_-D0_v6 (System.Single) are joined by a path across blocks
Unknown	UnityEngine.UIElements.PanelEventHandler::SendKeyUpEvent stack:-48 in 2 locals: v141 at 65 Move v141 @ stack_-48_v11 (UnityEngine.UIElements.EventBase), v77 @ X0_v39 (UnityEngine.UIElements.EventBase) and -1 Move v204 @ stack_-50_v3, &v52 @ stack_-48_v12 (System.Int32) are joined by a path across blocks
Unknown	UnityEngine.UIElements.PanelEventHandler::SendKeyDownEvent stack:-48 in 2 locals: v141 at 65 Move v141 @ stack_-48_v11 (UnityEngine.UIElements.EventBase), v77 @ X0_v39 (UnityEngine.UIElements.EventBase) and -1 Move v204 @ stack_-50_v3, &v52 @ stack_-48_v12 (System.Int32) are joined by a path across blocks
NonAlias	Block::CheckClear stack:-C0 in 2 locals: no path joins the address-take and the other names
Unknown	UnityEngine.EventSystems.TouchInputModule::ToString stack:-80 in 2 locals: v78 at -1 Move v78 @ stack_-80 (System.Int32), 0 and 166 Call Dictionary`2<System.Int32, UnityEngine.EventSystems.PointerEventData>.TryGetValue, v331 @ X0_v31 (System.Boolean), this.m_PointerData (System.Collections.Generic.Dictionary`2<System.Int32, UnityEngine.EventSystems.PointerEventData>), 4294967295, &v206 @ stack_-80_v6 (UnityEngine.EventSystems.PointerEventData) are joined by a path across blocks
Unknown	FluidPhysicsCoupler::Step stack:-160 in 3 locals: v361 at 442 Move v361 @ stack_-160_v4 (Unity.Collections.NativeArray`1<Unity.Mathematics.float2>), v635.positions (Unity.Collections.NativeArray`1<Unity.Mathematics.float2>) and 699 Call IJobParallelForExtensions.Schedule, v1550 @ X0_v32 (Unity.Jobs.JobHandle), &v1367 @ stack_-160_v9 (Unity.Collections.NativeArray`1<Unity.Mathematics.float2>), v640.<ActiveCount>k__BackingField (System.Int32), 64, 0 are joined by a path across blocks
NonAlias	FluidCompute::RemoveParticles stack:-78 in 2 locals: no path joins the address-take and the other names
NonAlias	FluidSolver+<RadialDestroyRoutine>d__183::MoveNext stack:-118 in 2 locals: no path joins the address-take and the other names
Unknown	Level::AssignLocksToSections stack:-A8 in 2 locals: v495 at -1 Move v495 @ stack_-A8_v1 (System.Int32), 0 and 95 Move v74 @ X8_v71, &v369 @ stack_-A8_v8 (System.Collections.Generic.List`1<System.Object>+Enumerator<System.Object>) are joined by a path across blocks
Unknown	FluidSolver::Step stack:-170 in 4 locals: v834 at 819 Move v834 @ stack_-170_v19 (Unity.Collections.NativeArray`1<System.Int32>), this.octUFParent (Unity.Collections.NativeArray`1<System.Int32>) and 353 Call IJobParallelForExtensions.Schedule, v354 @ X0_v28 (Unity.Jobs.JobHandle), &v202 @ stack_-170_v1 (Unity.Collections.NativeArray`1<Unity.Mathematics.float2>), this.<ActiveCount>k__BackingField (System.Int32), 64, v324 @ X0_v26 (Unity.Jobs.JobHandle) are joined by a path across blocks
NonAlias	FluidSolver::UserRemoveRegion stack:-A8 in 2 locals: no path joins the address-take and the other names
NonAlias	Stone::CheckClear stack:-B0 in 2 locals: no path joins the address-take and the other names
Unknown	BFS.Essential.TweenCore.DoColor::ValueTo stack:-E0 in 2 locals: v83 at 58 Move v83 @ stack_-E0_v1 (System.Int32), 0 and 107 CallVoid AsyncTaskMethodBuilder.Start, v104 @ X21_v3 (System.Int32), &v131 @ stack_-E0_v2 (BFS.Essential.TweenCore.DoColor+<ValueTo>d__0) are joined by a path across blocks
NonAlias	RotatingSpecialFluid::OnPreComputeUpdate stack:-E8 in 2 locals: no path joins the address-take and the other names
Unknown	BFS.Essential.TweenCore.DoDelay::Delay stack:-90 in 2 locals: v60 at 36 Move v60 @ stack_-90_v1 (System.Int32), 0 and 76 CallVoid AsyncTaskMethodBuilder.Start, v81 @ X21_v3 (System.Int32), &v99 @ stack_-90_v2 (BFS.Essential.TweenCore.DoDelay+<Delay>d__0) are joined by a path across blocks
Unknown	BFS.Essential.TweenCore.DoFloat::ValueTo stack:-B0 in 2 locals: v67 at 41 Move v67 @ stack_-B0_v1 (System.Int32), 0 and 83 CallVoid AsyncTaskMethodBuilder.Start, v88 @ X21_v3 (System.Int32), &v108 @ stack_-B0_v2 (BFS.Essential.TweenCore.DoFloat+<ValueTo>d__0) are joined by a path across blocks
Unknown	SDFCollider::Init stack:-78 in 5 locals: v542 at -1 Move v565 @ stack_-78_v9 (System.Double), v542 @ stack_-78_v11 (System.Double) and -1 Move v229 @ X1_v2 (UnityEngine.Object), &v355 @ stack_-78_v20 (System.Single) are joined by a path across blocks
Unknown	BFS.Essential.TweenCore.DoVector::ValueTo stack:-E0 in 2 locals: v81 at 55 Move v81 @ stack_-E0_v1 (System.Int32), 0 and 100 CallVoid AsyncTaskMethodBuilder.Start, v101 @ X21_v3 (System.Int32), &v125 @ stack_-E0_v2 (BFS.Essential.TweenCore.DoVector+<ValueTo>d__0) are joined by a path across blocks
NonAlias	Sponge+<SuckUpWater>d__7::MoveNext stack:-C0 in 2 locals: no path joins the address-take and the other names
Unknown	BFS.Essential.DoRotation::ValueTo stack:-E0 in 2 locals: v83 at 58 Move v83 @ stack_-E0_v1 (System.Int32), 0 and 107 CallVoid AsyncTaskMethodBuilder.Start, v104 @ X21_v3 (System.Int32), &v131 @ stack_-E0_v2 (BFS.Essential.DoRotation+<ValueTo>d__0) are joined by a path across blocks
Unknown	Unity.VisualScripting.RuntimeCodebase::TryRenamedTypeLookup stack:-D8 in 2 locals: v712 at -1 Move v288 @ V0_v2 (System.Collections.Generic.Dictionary`2<System.Object, System.Object>+Enumerator<System.Object, System.Object>), v712 @ stack_-D8_v14 (System.Collections.Generic.Dictionary`2<System.String, System.String>) and 113 CallVoid TypeName..ctor, v341 @ X0_v41 (Unity.VisualScripting.TypeName), previousTypeName @ X0 (System.String), &v149 @ stack_-D8_v9 (System.Int32) are joined by a path across blocks
NonAlias	Unity.VisualScripting.FullSerializer.fsDateConverter::TrySerialize stack:-38 in 2 locals: no path joins the address-take and the other names
NonAlias	Unity.VisualScripting.InstanceFieldAccessor`2::Compile stack:-58 in 2 locals: no path joins the address-take and the other names
Unknown	Unity.VisualScripting.FullSerializer.fsSerializer::InternalDeserialize_2_Version stack:-E0 in 5 locals: v594 at 411 Move v594 @ stack_-E0_v14 (Unity.VisualScripting.FullSerializer.fsResult), v418 @ X0_v62 (Unity.VisualScripting.FullSerializer.fsResult) and 191 Move v551 @ X8_v22, &v133 @ stack_-E0_v4 (Unity.VisualScripting.FullSerializer.Internal.fsOption`1<Unity.VisualScripting.FullSerializer.Internal.fsVersionedType>) are joined by a path across blocks
NonAlias	Unity.VisualScripting.TypeName::ToString stack:-98 in 3 locals: no path joins the address-take and the other names
NonAlias	Unity.VisualScripting.FullSerializer.fsEnumConverter::TryDeserialize stack:-70 in 3 locals: no path joins the address-take and the other names
Unknown	Unity.VisualScripting.StaticFieldAccessor`1::Compile stack:-50 in 2 locals: v526 at -1 Move v180 @ X1_v28 (System.Func`1<TField>), v526 @ stack_-50_v8 (System.Action`1<TField>) and 50 Subtract v60 @ X23_v1, &v70 @ stack_-50_v7 (System.Func`1<TField>), v59 @ X9_v2 (System.Int32) are joined by a path across blocks
NonAlias	Unity.VisualScripting.FullSerializer.Internal.fsPortableReflection::GetAttribute stack:-58 in 2 locals: no path joins the address-take and the other names
Unknown	Unity.VisualScripting.FullSerializer.Internal.fsVersionManager::GetVersionedType stack:-110 in 3 locals: v176 at 204 Move v176 @ stack_-110_v11 (Unity.VisualScripting.FullSerializer.Internal.fsVersionedType[]), v798.Ancestors (Unity.VisualScripting.FullSerializer.Internal.fsVersionedType[]) and 356 Call ValueType.ToString, v451 @ X0_v32 (System.String), &v443 @ stack_-110_v4 (System.Int32) are joined by a path across blocks
Unknown	Unity.VisualScripting.FullSerializer.fsPrimitiveConverter::TryDeserialize stack:-78 in 3 locals: v501 at -1 Move v501 @ stack_-78_v1 (System.Char), 0 and 458 Call fsResult.Merge, v264 @ X0_v142 (Unity.VisualScripting.FullSerializer.fsResult), &v159 @ stack_-78_v27 (Unity.VisualScripting.FullSerializer.fsResult), v566 @ X0_v130 (Unity.VisualScripting.FullSerializer.fsResult) are joined by a path across blocks
Unknown	Unity.VisualScripting.FullSerializer.fsSerializer::GetConverter stack:-60 in 2 locals: v333 at -1 Move v396 @ X21_v7 (Unity.VisualScripting.FullSerializer.fsBaseConverter), v333 @ stack_-60_v17 (System.Object) and 42 Call Dictionary`2<System.Type, Unity.VisualScripting.FullSerializer.fsBaseConverter>.TryGetValue, v115 @ X0_v125 (System.Boolean), this._cachedConverterTypeInstances (System.Collections.Generic.Dictionary`2<System.Type, Unity.VisualScripting.FullSerializer.fsBaseConverter>), overrideConverterType @ X2 (System.Type), &v113 @ stack_-60_v16 (Unity.VisualScripting.FullSerializer.fsBaseConverter) are joined by a path across blocks
Unknown	Mono.Security.ASN1Convert::ToOid stack:-31 in 2 locals: v324 at 178 Add v327 @ X9_v10 (System.Int32), v324 @ stack_-31_v8 (System.Int32), 1 and 122 Call Byte.ToString, v197 @ X0_v32 (System.String), &v183 @ stack_-31_v5 (System.Byte), v346 @ X0_v30 (System.Globalization.CultureInfo) are joined by a path across blocks
Unknown	DG.Tweening.DOTweenModuleUnityVersion::AsyncWaitForCompletion stack:-60 in 2 locals: v50 at 30 Move v50 @ stack_-60_v1 (System.Int32), 0 and 64 CallVoid AsyncTaskMethodBuilder.Start, v70 @ X20_v3 (System.Int32), &v83 @ stack_-60_v2 (DG.Tweening.DOTweenModuleUnityVersion+<AsyncWaitForCompletion>d__10) are joined by a path across blocks
Unknown	DG.Tweening.DOTweenModuleUnityVersion::AsyncWaitForRewind stack:-60 in 2 locals: v50 at 30 Move v50 @ stack_-60_v1 (System.Int32), 0 and 64 CallVoid AsyncTaskMethodBuilder.Start, v70 @ X20_v3 (System.Int32), &v83 @ stack_-60_v2 (DG.Tweening.DOTweenModuleUnityVersion+<AsyncWaitForRewind>d__11) are joined by a path across blocks
Unknown	DG.Tweening.DOTweenModuleUnityVersion::AsyncWaitForKill stack:-60 in 2 locals: v50 at 30 Move v50 @ stack_-60_v1 (System.Int32), 0 and 64 CallVoid AsyncTaskMethodBuilder.Start, v70 @ X20_v3 (System.Int32), &v83 @ stack_-60_v2 (DG.Tweening.DOTweenModuleUnityVersion+<AsyncWaitForKill>d__12) are joined by a path across blocks
Unknown	DG.Tweening.DOTweenModuleUnityVersion::AsyncWaitForElapsedLoops stack:-70 in 2 locals: v55 at 33 Move v55 @ stack_-70_v1 (System.Int32), 0 and 68 CallVoid AsyncTaskMethodBuilder.Start, v75 @ X21_v3 (System.Int32), &v89 @ stack_-70_v2 (DG.Tweening.DOTweenModuleUnityVersion+<AsyncWaitForElapsedLoops>d__13) are joined by a path across blocks
Unknown	DG.Tweening.DOTweenModuleUnityVersion::AsyncWaitForPosition stack:-70 in 2 locals: v55 at 33 Move v55 @ stack_-70_v1 (System.Int32), 0 and 68 CallVoid AsyncTaskMethodBuilder.Start, v75 @ X20_v3 (System.Int32), &v89 @ stack_-70_v2 (DG.Tweening.DOTweenModuleUnityVersion+<AsyncWaitForPosition>d__14) are joined by a path across blocks
Unknown	DG.Tweening.DOTweenModuleUnityVersion::AsyncWaitForStart stack:-60 in 2 locals: v50 at 30 Move v50 @ stack_-60_v1 (System.Int32), 0 and 64 CallVoid AsyncTaskMethodBuilder.Start, v70 @ X20_v3 (System.Int32), &v83 @ stack_-60_v2 (DG.Tweening.DOTweenModuleUnityVersion+<AsyncWaitForStart>d__15) are joined by a path across blocks
NonAlias	GameAnalyticsSDK.Utilities.GA_MiniJSON+Parser::ParseNumber stack:-38 in 2 locals: no path joins the address-take and the other names
Unknown	Voodoo.UI.Particles.UIParticle::RefreshParticles stack:-48 in 2 locals: v56 at -1 Move v56 @ stack_-48_v8 (System.Int32), 0 and 138 Call Enumerator<System.Object>.MoveNext, v366 @ X0_v34 (System.Boolean), &v258 @ stack_-48_v4 (System.Collections.Generic.List`1<System.Object>+Enumerator<System.Object>) are joined by a path across blocks
Unknown	RayFire.DotNet.RFShatter::WeldMeshes stack:-100 in 2 locals: v986 at -1 Move v265 @ V0_v15 (System.Single), v986 @ stack_-100_v10 (System.Single) and 141 Move v107 @ X8_v67, &v364 @ stack_-100_v12 (System.Collections.Generic.List`1<System.Object>+Enumerator<System.Object>) are joined by a path across blocks
Unknown	RayFire.DotNet.RFShatter::WeldMeshes stack:-B0 in 2 locals: v453 at 179 Move v453 @ stack_-B0_v10 (System.Collections.Generic.Dictionary`2<System.Int32, System.Int32>+Enumerator<System.Int32, System.Int32>), v639 @ X0_v91 (System.Collections.Generic.Dictionary`2<System.Int32, System.Int32>+Enumerator<System.Int32, System.Int32>) and 213 CallVoid Enumerator<System.Int32, System.Int32>.Dispose, &v72 @ stack_-B0_v1 (System.Int32) are joined by a path across blocks
Unknown	Voodoo.UI.Particles.UIParticleUpdater::BakeMesh stack:-2D0 in 3 locals: v1099 at -1 Move v2228 @ stack_-290_v5 (System.Single), v1099 @ stack_-2D0_v15 (System.Single) and 904 Move v2655 @ X8_v67, &v2631 @ stack_-2D0_v6 (System.Single) are joined by a path across blocks
Unknown	Voodoo.UI.Particles.Utils.MeshHelper::Clear stack:-48 in 2 locals: v50 at -1 Move v50 @ stack_-48_v11 (System.Int32), 0 and 116 Call Enumerator<System.Object>.MoveNext, v209 @ X0_v21 (System.Boolean), &v172 @ stack_-48_v4 (System.Collections.Generic.List`1<System.Object>+Enumerator<System.Object>) are joined by a path across blocks
Unknown	RayFire.DotNet.RFShatter::ConvertMesh stack:-118 in 2 locals: v928 at 1461 Move v1037.mShatterPtr (System.Void*), v928 @ stack_-118_v15 (System.Void*) and 840 Move v2734 @ X8_v212, &v276 @ stack_-118 (System.Collections.Generic.Dictionary`2<System.Object, System.Object>+Enumerator<System.Object, System.Object>) are joined by a path across blocks
Unknown	RayFire.DotNet.RFShatter::ConvertMesh stack:-B0 in 2 locals: v71 at 185 Move v71 @ stack_-B0_v1 (UnityEngine.Vector3), 0 and 1270 CallVoid Enumerator<System.Object, System.Object>.Dispose, &v2096 @ stack_-B0_v13 (System.Collections.Generic.Dictionary`2<System.Object, System.Object>+Enumerator<System.Object, System.Object>) are joined by a path across blocks
