Unknown	MoreMountains.Tools.MMApplicationPlatformActivation::Process stack:-88 in 2 locals: v148 at 56 Move v148 @ stack_-88_v3 (System.Collections.Generic.List`1<System.Object>+Enumerator<System.Object>), v68._list (System.Collections.Generic.List`1<MoreMountains.Tools.PlatformBindings>) and 104 Call Enum.ToString, v287 @ X0_v35 (System.String), &v170 @ stack_-88_v5 (Il2CppClass<UnityEngine.RuntimePlatform>) are joined by a path across blocks
Unknown	MoreMountains.Tools.MMTilemapGenerator::DelayedCopy stack:-70 in 2 locals: v73 at 53 Move v73 @ stack_-70_v2 (MoreMountains.Tools.MMTilemapGenerator+<DelayedCopy>d__15), 4294967295 and 39 Or v60 @ X20_v2 (System.Int32), &v47 @ stack_-70_v1 (System.Int32), 8 are joined by a path across blocks
Unknown	MoreMountains.Feedbacks.MMFeedbacks::PlayFeedbacksTask stack:-90 in 2 locals: v60 at 39 Move v60 @ stack_-90_v1 (System.Int32), 0 and 81 CallVoid AsyncTaskMethodBuilder.Start, v85 @ X20_v2 (System.Int32), &v98 @ stack_-90_v2 (MoreMountains.Feedbacks.MMFeedbacks+<PlayFeedbacksTask>d__62) are joined by a path across blocks
NonAlias	Newtonsoft.Json.JsonTextReader::ParseConstructor stack:-40 in 2 locals: no path joins the address-take and the other names
Unknown	Newtonsoft.Json.JsonReader::get_Path stack:-40 in 2 locals: v114 at 93 Move v96 @ stack_-80_v2 (System.Nullable`1<Newtonsoft.Json.JsonPosition>), v114 @ stack_-40_v2 (System.Nullable`1<Newtonsoft.Json.JsonPosition>) and 73 CallVoid Nullable`1<Newtonsoft.Json.JsonPosition>..ctor, &v88 @ stack_-60_v5 (System.Nullable`1<Newtonsoft.Json.JsonPosition>), &v90 @ stack_-40_v3 (Newtonsoft.Json.JsonPosition) are joined by a path across blocks
Unknown	Newtonsoft.Json.JsonReader::Push stack:-50 in 2 locals: v62 at 138 Move v62 @ stack_-50_v2 (Newtonsoft.Json.JsonPosition), 0 and 202 Box v333 @ X0_v26 (System.Object), typeof(System.Nullable`1<System.Int32>), &v295 @ stack_-50_v7 (System.Nullable`1<System.Int32>) are joined by a path across blocks
NonAlias	Newtonsoft.Json.JsonReader::ReadAsInt32 stack:-34 in 2 locals: no path joins the address-take and the other names
NonAlias	Newtonsoft.Json.JsonReader::ReadAsDouble stack:-28 in 2 locals: no path joins the address-take and the other names
NonAlias	Newtonsoft.Json.Utilities.ConvertUtils::FromBigInteger stack:-58 in 3 locals: no path joins the address-take and the other names
NonAlias	Newtonsoft.Json.JsonReader::ReadAsDecimal stack:-60 in 2 locals: no path joins the address-take and the other names
NonAlias	Newtonsoft.Json.JsonReader::ReadAsDateTime stack:-48 in 2 locals: no path joins the address-take and the other names
NonAlias	Newtonsoft.Json.JsonReader::ReadAsDateTimeOffset stack:-48 in 2 locals: no path joins the address-take and the other names
NonAlias	Newtonsoft.Json.Utilities.ConvertUtils::TryConvertInternal stack:-88 in 4 locals: no path joins the address-take and the other names
Unknown	Newtonsoft.Json.JsonWriter::get_Path stack:-40 in 2 locals: v114 at 93 Move v96 @ stack_-80_v2 (System.Nullable`1<Newtonsoft.Json.JsonPosition>), v114 @ stack_-40_v2 (System.Nullable`1<Newtonsoft.Json.JsonPosition>) and 73 CallVoid Nullable`1<Newtonsoft.Json.JsonPosition>..ctor, &v88 @ stack_-60_v5 (System.Nullable`1<Newtonsoft.Json.JsonPosition>), &v90 @ stack_-40_v3 (Newtonsoft.Json.JsonPosition) are joined by a path across blocks
NonAlias	Newtonsoft.Json.Utilities.JavaScriptUtils::TryGetDateConstructorValue stack:-48 in 2 locals: no path joins the address-take and the other names
Unknown	Newtonsoft.Json.Utilities.ConvertUtils::DecimalTryParse stack:-90 in 3 locals: v1244 at 988 Move v1244 @ stack_-90_v11 (System.Nullable`1<System.Int32>), 0 and 1228 CallVoid Decimal..ctor, &v1060 @ stack_-90_v20 (System.Decimal), 1, 0, 0, 0, v1273 @ X5_v25 (System.Byte) are joined by a path across blocks
Unknown	Newtonsoft.Json.Serialization.JsonObjectContract::get_HasRequiredOrDefaultValueProperties stack:-68 in 2 locals: v795 at -1 Move v395 @ X8_v36 (System.Nullable`1<System.Int32Enum>), v795 @ stack_-68_v13 (System.Nullable`1<System.Int32Enum>) and 248 CallVoid Nullable`1<System.Boolean>..ctor, &v61 @ stack_-68_v2 (System.Nullable`1<System.Boolean>), 1 are joined by a path across blocks
Unknown	Newtonsoft.Json.Serialization.DefaultContractResolver::SetPropertySettingsFromAttributes stack:-68 in 2 locals: v683 at 405 Move v683 @ stack_-68_v8 (System.Nullable`1<System.Int32>), 0 and 454 CallVoid Nullable`1<System.Int32Enum>..ctor, &v649 @ stack_-68_v4 (System.Nullable`1<System.Int32Enum>), 2 are joined by a path across blocks
Unknown	Newtonsoft.Json.Serialization.JsonSerializerInternalReader::PopulateDictionary stack:-90 in 3 locals: v948 at 343 Move v948 @ stack_-90_v10 (System.DateTimeOffset), v910 @ stack_-78_v10 (System.DateTimeOffset) and 820 Call Enum.ToString, v408 @ X0_v28 (System.String), &v403 @ stack_-90_v4 (Il2CppClass<Newtonsoft.Json.JsonToken>) are joined by a path across blocks
NonAlias	Newtonsoft.Json.Serialization.JsonSerializerInternalReader::CreateISerializable stack:-80 in 2 locals: no path joins the address-take and the other names
NonAlias	Newtonsoft.Json.Linq.JValue::Operation stack:-68 in 2 locals: no path joins the address-take and the other names
NonAlias	Newtonsoft.Json.Converters.IsoDateTimeConverter::ReadJson stack:-50 in 3 locals: no path joins the address-take and the other names
NonAlias	Newtonsoft.Json.Converters.JavaScriptDateTimeConverter::ReadJson stack:-48 in 3 locals: no path joins the address-take and the other names
NonAlias	Newtonsoft.Json.Converters.BinaryConverter::ReadJson stack:-38 in 2 locals: no path joins the address-take and the other names
NonAlias	Newtonsoft.Json.Converters.UnixDateTimeConverter::ReadJson stack:-58 in 3 locals: no path joins the address-take and the other names
Unknown	Newtonsoft.Json.Serialization.JsonSerializerInternalReader::CreateObjectUsingCreatorWithParameters stack:-A0 in 3 locals: v490 at 590 Move v4387.Presence (System.Nullable`1<Newtonsoft.Json.Serialization.JsonSerializerInternalReader+PropertyPresence>), v490 @ stack_-A0_v65 (System.Nullable`1<System.Int32Enum>) and 800 CallVoid Nullable`1<System.Int32Enum>..ctor, &v2250 @ stack_-A0_v61 (System.Nullable`1<System.Int32Enum>), v2261 @ X1_v178 (System.Int32Enum) are joined by a path across blocks
Unknown	ES3Types.ES3Type_BoxCollider2D::WriteComponent stack:-58 in 2 locals: v262 at 132 Move v262 @ stack_-58_v6 (System.Single), v264 @ V0_v6 (System.Single) and 196 Box v333 @ X0_v32 (System.Object), typeof(UnityEngine.Vector2), &v79 @ stack_-58_v3 (UnityEngine.Vector2) are joined by a path across blocks
NonAlias	Newtonsoft.Json.JsonTextReader::FinishReadQuotedStringValue stack:-40 in 2 locals: no path joins the address-take and the other names
Unknown	ES3Types.ES3Type_GameObject::WriteObject stack:-58 in 3 locals: v354 at 397 Move v354 @ stack_-58_v7 (UnityEngine.HideFlags), v788 @ X0_v88 (UnityEngine.HideFlags) and 442 Box v449 @ X0_v83 (System.Object), typeof(System.Boolean), &v352 @ stack_-58_v8 (System.Int32) are joined by a path across blocks
NonAlias	Newtonsoft.Json.JsonTextReader::ReadUnquotedPropertyReportIfDone stack:-40 in 2 locals: no path joins the address-take and the other names
Unknown	ES3Types.ES3Type_ParticleSystem::ReadComponent stack:-68 in 18 locals: v378 at 1675 Move v378 @ stack_-68_v16 (UnityEngine.ParticleSystem+TriggerModule), v1632 @ X0_v170 (UnityEngine.ParticleSystem+TriggerModule) and 1720 Box v1754 @ X0_v61, typeof(UnityEngine.ParticleSystem+MainModule), &v379 @ stack_-68_v7 (UnityEngine.ParticleSystem+MainModule) are joined by a path across blocks
Unknown	ES3Types.ES3Type_PolygonCollider2D::WriteComponent stack:-78 in 3 locals: v404 at 239 Move v404 @ stack_-78_v6 (System.Single), v402 @ V0_v3 (System.Single) and 320 Box v507 @ X0_v40 (System.Object), typeof(UnityEngine.Vector2), &v226 @ stack_-78_v5 (UnityEngine.Vector2) are joined by a path across blocks
Unknown	Newtonsoft.Json.Serialization.JsonSerializerInternalWriter::CheckForCircularReference stack:-48 in 2 locals: v376 at -1 Move v93 @ stack_-48_v6 (System.Nullable`1<System.Int32Enum>), v376 @ stack_-48_v8 (System.Nullable`1<Newtonsoft.Json.ReferenceLoopHandling>) and 200 Call Nullable`1<System.Int32Enum>.GetValueOrDefault, v157 @ X0_v21, &v93 @ stack_-48_v6 (System.Nullable`1<System.Int32Enum>), v265._referenceLoopHandling (Newtonsoft.Json.ReferenceLoopHandling) are joined by a path across blocks
Unknown	Sirenix.Serialization.BinaryDataReader::ReadTypeEntry stack:-50 in 2 locals: v231 at 430 Move v313[3], v231 @ stack_-50_v7 (System.Byte) and 540 Box v841 @ X0_v90, typeof(System.Int32), &v232 @ stack_-50_v10 (System.Int32) are joined by a path across blocks
Unknown	ES3Types.ES3Type_Text::WriteComponent stack:-A0 in 2 locals: v88 at 400 Move v88 @ stack_-A0_v3 (System.Single), v99 @ V0_v3 (System.Single) and 521 Box v733 @ X0_v115 (System.Object), typeof(UnityEngine.HideFlags), &v290 @ stack_-A0_v4 (UnityEngine.HideFlags) are joined by a path across blocks
NonAlias	Sirenix.Serialization.MultiDimensionalArrayFormatter`2+<>c__DisplayClass6_1::<DeserializeImplementation>b__0 stack:-78 in 2 locals: no path joins the address-take and the other names
Unknown	Sirenix.Serialization.IntPtrSerializer::ReadValue stack:-68 in 3 locals: v85 at 450 Move v85 @ stack_-68_v7 (Il2CppClass<Sirenix.Serialization.EntryType>), typeof(Sirenix.Serialization.EntryType) and 474 CallVoid IntPtr..ctor, &v641 @ stack_-68_v6 (System.IntPtr), v64 @ stack_-50_v5 (System.Int64) are joined by a path across blocks
Unknown	Sirenix.Serialization.JsonTextReader::ReadToNextEntry stack:-88 in 5 locals: v137 at 414 Move v137 @ stack_-88_v22 (System.Nullable`1<System.Char>), 0 and 1288 CallVoid Nullable`1<System.ByteEnum>..ctor, &v311 @ stack_-88_v8 (System.Nullable`1<System.ByteEnum>), 7 are joined by a path across blocks
NonAlias	Sirenix.Serialization.SerializationNodeDataReader::ReadPrimitiveArray stack:-70 in 2 locals: no path joins the address-take and the other names
Unknown	Sirenix.Serialization.UIntPtrSerializer::ReadValue stack:-68 in 3 locals: v85 at 450 Move v85 @ stack_-68_v7 (Il2CppClass<Sirenix.Serialization.EntryType>), typeof(Sirenix.Serialization.EntryType) and 474 CallVoid UIntPtr..ctor, &v641 @ stack_-68_v6 (System.UIntPtr), v64 @ stack_-50_v5 (System.UInt64) are joined by a path across blocks
Unknown	Sirenix.Serialization.ReflectionFormatter`1::DeserializeImplementation stack:-90 in 3 locals: v194 at 759 Move v194 @ stack_-90_v7 (Sirenix.Serialization.EntryType), v847 @ X0_v15 (Sirenix.Serialization.EntryType) and 80 Box v69 @ X0_v3 (System.Object), typeof(Il2CppClass<T>), &v63 @ stack_-90_v1 (T) are joined by a path across blocks
NonAlias	Sirenix.Serialization.DictionaryKeyUtility::GetDictionaryKeyValue stack:-48 in 3 locals: no path joins the address-take and the other names
Unknown	Sirenix.Serialization.SerializableFormatter`1::DeserializeImplementation stack:-90 in 2 locals: v148 at 253 Move v148 @ stack_-90_v9 (System.Runtime.Serialization.SerializationInfo), v102 @ X0_v76 (System.Runtime.Serialization.SerializationInfo) and 40 Subtract v69 @ X21_v2 (Sirenix.Serialization.BaseFormatter`1<T>), &v149 @ stack_-90_v6 (Sirenix.Serialization.IDataReader), v68 @ X10_v2 (System.Int32) are joined by a path across blocks
Unknown	Sirenix.Serialization.ArrayFormatter`1::DeserializeImplementation stack:-78 in 3 locals: v107 at 618 Move v107 @ stack_-78_v9 (System.Int64), v88 @ stack_-88_v7 (System.Int64) and -1 Move v507 @ X3_v1 (Il2CppMethodInfo), &v106 @ stack_-78_v10 (Sirenix.Serialization.IDataReader) are joined by a path across blocks
Unknown	Cinemachine.CinemachineGroupComposer::MutateCameraState stack:-E0 in 2 locals: v970 at 517 Move v970 @ stack_-E0_v3 (UnityEngine.Matrix4x4), this.<LastBoundsMatrix>k__BackingField (UnityEngine.Matrix4x4) and -1 Move v1600 @ X1_v22 (UnityEngine.Matrix4x4), &v1713 @ stack_-E0_v8 (System.Single) are joined by a path across blocks
Unknown	Cinemachine.CameraState::Lerp stack:-180 in 3 locals: v677 at -1 Move v676 @ stack_-180_v2 (Cinemachine.CameraState), v677 @ stack_-180_v3 (System.Single) and 778 Call CameraState.InterpolatePosition, v860 @ V0_v24 (UnityEngine.Vector3), &v676 @ stack_-180_v2 (Cinemachine.CameraState), v858 @ AGG1910458_1_v1 (UnityEngine.Vector3), v859 @ AGG1910458_2_v1 (UnityEngine.Vector3), stateB.RawPosition (UnityEngine.Vector3), v824 @ V7_v3 (UnityEngine.Vector3), v92 @ V8_v2 (System.Single) are joined by a path across blocks
Unknown	Cinemachine.ConfinerOven::Initialize stack:-A8 in 2 locals: v147 at 240 Move v147 @ stack_-A8_v7 (Cinemachine.ClipperLib+IntPoint), 0 and 391 CallVoid IntPoint..ctor, &v149 @ stack_-A8_v4 (Cinemachine.ClipperLib+IntPoint), v613 @ X1_v7 (System.Int64), v328 @ X2_v5 (System.Int64) are joined by a path across blocks
Unknown	Cinemachine.RuntimeUtility::SphereCastIgnoreTag stack:-D0 in 10 locals: v840 at -1 Move v332 @ V2_v8 (System.Single), v840 @ stack_-D0_v17 (UnityEngine.RaycastHit) and 57 Move v83 @ X8_v3, &v84 @ stack_-D0_v1 (System.Int32) are joined by a path across blocks
NonAlias	Sirenix.Serialization.ComplexTypeSerializer`1::ReadValue stack:-80 in 2 locals: no path joins the address-take and the other names
Unknown	Cinemachine.ClipperLib+ClipperOffset::DoOffset stack:-D0 in 3 locals: v192 at 507 Move v192 @ stack_-D0_v21 (Cinemachine.ClipperLib+IntPoint), 0 and 824 CallVoid IntPoint..ctor, &v194 @ stack_-D0_v19 (Cinemachine.ClipperLib+IntPoint), v1215 @ X20_v48 (System.Double), v859 @ X2_v93 (System.Int64) are joined by a path across blocks
Unknown	ES3Types.ES3Type_Material::WriteUnityObject stack:-78 in 177 locals: v9275 at 7228 Move v9275 @ stack_-78_v179 (UnityEngine.Vector2), v9270 @ V0_v178 (UnityEngine.Vector2) and 7255 Box v9314 @ X0_v705 (System.Object), typeof(System.Single), &v9303 @ stack_-78_v178 (System.Single) are joined by a path across blocks
Unknown	ES3Types.ES3Type_MinMaxCurve::Read stack:-80 in 9 locals: v443 at -1 Move v89 @ stack_-80_v2 (System.Single), v443 @ stack_-80_v9 (UnityEngine.ParticleSystem+MinMaxCurve) and 462 CallVoid MinMaxCurve.set_constantMax, &v444 @ stack_-80_v5 (UnityEngine.ParticleSystem+MinMaxCurve), 0f are joined by a path across blocks
Unknown	DG.Tweening.Plugins.Core.PluginsManager::GetCustomPlugin stack:-28 in 2 locals: v115 at -1 Move returnVal2 @ X0_v9 (DG.Tweening.Plugins.Core.ABSTweenPlugin`3<T1, T2, TPlugOptions>), v115 @ stack_-28_v2 (System.Object) and 63 Call Dictionary`2<System.Type, DG.Tweening.Plugins.Core.ITweenPlugin>.TryGetValue, v77 @ X0_v25 (System.Boolean), v64._customPlugins (System.Collections.Generic.Dictionary`2<System.Type, DG.Tweening.Plugins.Core.ITweenPlugin>), v56 @ X0_v5 (System.Type), &v73 @ stack_-28_v5 (DG.Tweening.Plugins.Core.ITweenPlugin) are joined by a path across blocks
Unknown	Cinemachine.CinemachineFramingTransposer::GetScreenSpaceGroupBoundingBox stack:-D0 in 2 locals: v561 at 294 Move v561 @ stack_-D0_v3 (System.Single), v560.m00 (System.Single) and 74 Move v103 @ X8_v6, &v111 @ stack_-D0_v1 (UnityEngine.Matrix4x4) are joined by a path across blocks
Unknown	Bootstrapper::Awake stack:-70 in 2 locals: v73 at 53 Move v73 @ stack_-70_v2 (Bootstrapper+<Awake>d__3), 4294967295 and 39 Or v60 @ X20_v2 (System.Int32), &v46 @ stack_-70_v1 (System.Int32), 8 are joined by a path across blocks
Unknown	Sirenix.Serialization.BaseFormatter`1::Deserialize stack:-80 in 2 locals: v601 at 623 Move v601 @ stack_-80_v14 (Il2CppClass<UnityEngine.ISerializationCallbackReceiver>), v606 @ stack_-68_v15 (Il2CppClass<UnityEngine.ISerializationCallbackReceiver>) and 185 Box v588 @ X0_v143 (System.Runtime.Serialization.IObjectReference), typeof(Il2CppClass<T>), &v453 @ stack_-80_v16 (T) are joined by a path across blocks
Unknown	Sirenix.Serialization.BaseFormatter`1::Deserialize stack:-68 in 2 locals: v606 at 623 Move v601 @ stack_-80_v14 (Il2CppClass<UnityEngine.ISerializationCallbackReceiver>), v606 @ stack_-68_v15 (Il2CppClass<UnityEngine.ISerializationCallbackReceiver>) and -1 Move v411 @ X1_v5 (Il2CppClass<UnityEngine.ISerializationCallbackReceiver>), &v429 @ stack_-68_v22 (T) are joined by a path across blocks
Unknown	RemoteConfigController::Setup stack:-70 in 2 locals: v73 at 53 Move v73 @ stack_-70_v2 (RemoteConfigController+<Setup>d__14), 4294967295 and 39 Or v60 @ X20_v2 (System.Int32), &v47 @ stack_-70_v1 (System.Int32), 8 are joined by a path across blocks
Unknown	RemoteConfigController::InitializeRemoteConfigAsync stack:-50 in 2 locals: v39 at 23 Move v39 @ stack_-50_v1 (System.Int32), 0 and 55 CallVoid AsyncTaskMethodBuilder.Start, v63 @ X19_v3 (System.Int32), &v72 @ stack_-50_v2 (RemoteConfigController+<InitializeRemoteConfigAsync>d__15) are joined by a path across blocks
Unknown	TutorialWindow::DelayStartTutorial stack:-70 in 2 locals: v73 at 53 Move v73 @ stack_-70_v2 (TutorialWindow+<DelayStartTutorial>d__14), 4294967295 and 39 Or v60 @ X20_v2 (System.Int32), &v47 @ stack_-70_v1 (System.Int32), 8 are joined by a path across blocks
Unknown	SlicedFilledImage::UnityEngine.ICanvasRaycastFilter.IsRaycastLocationValid stack:-68 in 3 locals: v829 at -1 Move v783 @ stack_-68_v14 (System.Single), v829 @ stack_-68_v18 (System.Single) and -1 Move v388 @ X2_v6, &v214 @ stack_-68_v5 (UnityEngine.Vector2) are joined by a path across blocks
Unknown	ExtensionMesh::RecalculateNormals stack:-C0 in 6 locals: v2248 at 668 Move v2248 @ stack_-C0_v16 (ExtensionMesh+VertexKey), v201 @ stack_-E0_v12 (ExtensionMesh+VertexKey) and 695 CallVoid Dictionary`2<ExtensionMesh+VertexKey, System.Object>.Add, v949 @ X0_v36, &v2263 @ stack_-C0_v18 (ExtensionMesh+VertexKey), v2261 @ X0_v121 (System.Collections.Generic.List`1<ExtensionMesh+VertexEntry>) are joined by a path across blocks
Unknown	Mono.Security.ASN1Convert::ToOid stack:-24 in 2 locals: v212 at -1 Move v385 @ X9_v10 (System.Int32), v212 @ stack_-24_v9 (System.Int32) and 88 Call Byte.ToString, v177 @ X0_v29 (System.String), &v166 @ stack_-24_v6 (System.Byte), v237 @ X0_v27 (System.Globalization.CultureInfo) are joined by a path across blocks
Unknown	MoreMountains.Feedbacks.MMFeedbackMMSoundManagerSound::TestPlaySound stack:-70 in 2 locals: v73 at 53 Move v73 @ stack_-70_v2 (MoreMountains.Feedbacks.MMFeedbackMMSoundManagerSound+<TestPlaySound>d__47), 4294967295 and 39 Or v60 @ X20_v2 (System.Int32), &v46 @ stack_-70_v1 (System.Int32), 8 are joined by a path across blocks
Unknown	SceneController::LoadingScene stack:-80 in 2 locals: v74 at 54 Move v74 @ stack_-80_v2 (SceneController+<LoadingScene>d__5), 4294967295 and 40 Or v61 @ X20_v2 (System.Int32), &v47 @ stack_-80_v1 (System.Int32), 8 are joined by a path across blocks
Unknown	MoreMountains.Feedbacks.MMF_MMSoundManagerSound::TestPlaySound stack:-70 in 2 locals: v73 at 53 Move v73 @ stack_-70_v2 (MoreMountains.Feedbacks.MMF_MMSoundManagerSound+<TestPlaySound>d__54), 4294967295 and 39 Or v60 @ X20_v2 (System.Int32), &v46 @ stack_-70_v1 (System.Int32), 8 are joined by a path across blocks
Unknown	Mono.Security.Protocol.Ntlm.Type3Message::Decode stack:-34 in 11 locals: v93 at 161 Move v93 @ stack_-34_v11 (System.Int32), 0 and 64 CallVoid BitConverterLE.UShortFromBytes, &v129 @ stack_-34_v3 (System.Int32), message @ X1 (System.Byte[]), 16 are joined by a path across blocks
Unknown	MoreMountains.Feedbacks.MMFeedbackSound::TestPlaySound stack:-70 in 2 locals: v73 at 53 Move v73 @ stack_-70_v2 (MoreMountains.Feedbacks.MMFeedbackSound+<TestPlaySound>d__28), 4294967295 and 39 Or v60 @ X20_v2 (System.Int32), &v46 @ stack_-70_v1 (System.Int32), 8 are joined by a path across blocks
Unknown	MoreMountains.Feedbacks.MMF_Sound::TestPlaySound stack:-70 in 2 locals: v73 at 53 Move v73 @ stack_-70_v2 (MoreMountains.Feedbacks.MMF_Sound+<TestPlaySound>d__29), 4294967295 and 39 Or v60 @ X20_v2 (System.Int32), &v46 @ stack_-70_v1 (System.Int32), 8 are joined by a path across blocks
NonAlias	Sirenix.Serialization.SerializationUtility::CreateWriter stack:-48 in 2 locals: no path joins the address-take and the other names
NonAlias	Sirenix.Serialization.SerializationUtility::CreateReader stack:-48 in 2 locals: no path joins the address-take and the other names
NonAlias	Sirenix.Serialization.SerializationUtility::GetCachedWriter stack:-48 in 2 locals: no path joins the address-take and the other names
NonAlias	Sirenix.Serialization.SerializationUtility::GetCachedReader stack:-48 in 2 locals: no path joins the address-take and the other names
Unknown	Coffee.UIExtensions.UIParticleUpdater::GetScaledMatrix stack:-F0 in 3 locals: v593 at 198 Move v593 @ stack_-F0_v6 (UnityEngine.Matrix4x4), [v470 @ X8_v7] and -1 Move v552 @ X8_v4, &v624 @ stack_-F0_v7 (System.Single) are joined by a path across blocks
Unknown	Coffee.UIExtensions.UIParticleUpdater::BakeMesh stack:-550 in 4 locals: v2107 at 751 Move v2107 @ stack_-550_v15 (System.Single), v2136.m00 (System.Single) and 816 Move v2006 @ X8_v47, &v1982 @ stack_-550_v8 (System.Single) are joined by a path across blocks
Unknown	Coffee.UIExtensions.UIParticleUpdater::BakeMesh stack:-2C0 in 2 locals: v1782 at 1240 Move v1782 @ stack_-2C0_v9 (System.Single), v2409.m00 (System.Single) and 243 Move v1573 @ X8_v12, &v1529 @ stack_-2C0_v4 (UnityEngine.Matrix4x4) are joined by a path across blocks
NonAlias	Sirenix.OdinInspector.ValueDropdownList`1::Add stack:-70 in 2 locals: no path joins the address-take and the other names
Unknown	DG.Tweening.DOTweenModuleUnityVersion::AsyncWaitForCompletion stack:-60 in 2 locals: v45 at 27 Move v45 @ stack_-60_v1 (System.Int32), 0 and 62 CallVoid AsyncTaskMethodBuilder.Start, v68 @ X20_v3 (System.Int32), &v81 @ stack_-60_v2 (DG.Tweening.DOTweenModuleUnityVersion+<AsyncWaitForCompletion>d__10) are joined by a path across blocks
Unknown	DG.Tweening.DOTweenModuleUnityVersion::AsyncWaitForRewind stack:-60 in 2 locals: v45 at 27 Move v45 @ stack_-60_v1 (System.Int32), 0 and 62 CallVoid AsyncTaskMethodBuilder.Start, v68 @ X20_v3 (System.Int32), &v81 @ stack_-60_v2 (DG.Tweening.DOTweenModuleUnityVersion+<AsyncWaitForRewind>d__11) are joined by a path across blocks
Unknown	DG.Tweening.DOTweenModuleUnityVersion::AsyncWaitForKill stack:-60 in 2 locals: v45 at 27 Move v45 @ stack_-60_v1 (System.Int32), 0 and 62 CallVoid AsyncTaskMethodBuilder.Start, v68 @ X20_v3 (System.Int32), &v81 @ stack_-60_v2 (DG.Tweening.DOTweenModuleUnityVersion+<AsyncWaitForKill>d__12) are joined by a path across blocks
Unknown	DG.Tweening.DOTweenModuleUnityVersion::AsyncWaitForElapsedLoops stack:-60 in 2 locals: v48 at 29 Move v48 @ stack_-60_v1 (System.Int32), 0 and 65 CallVoid AsyncTaskMethodBuilder.Start, v71 @ X21_v3 (System.Int32), &v84 @ stack_-60_v2 (DG.Tweening.DOTweenModuleUnityVersion+<AsyncWaitForElapsedLoops>d__13) are joined by a path across blocks
Unknown	DG.Tweening.DOTweenModuleUnityVersion::AsyncWaitForPosition stack:-60 in 2 locals: v48 at 29 Move v48 @ stack_-60_v1 (System.Int32), 0 and 65 CallVoid AsyncTaskMethodBuilder.Start, v71 @ X20_v3 (System.Int32), &v84 @ stack_-60_v2 (DG.Tweening.DOTweenModuleUnityVersion+<AsyncWaitForPosition>d__14) are joined by a path across blocks
Unknown	DG.Tweening.DOTweenModuleUnityVersion::AsyncWaitForStart stack:-60 in 2 locals: v45 at 27 Move v45 @ stack_-60_v1 (System.Int32), 0 and 62 CallVoid AsyncTaskMethodBuilder.Start, v68 @ X20_v3 (System.Int32), &v81 @ stack_-60_v2 (DG.Tweening.DOTweenModuleUnityVersion+<AsyncWaitForStart>d__15) are joined by a path across blocks
