Spine.Pool`1::Reset	TAIL	v38 @ X0_v3 (Spine.Pool`1<T>+IPoolable<T>)	v53 @ X1_v3 (Il2CppClass<Spine.Pool`1<T>+IPoolable<T>>)	0	Spine.Pool`1+IPoolable::Reset	0x0600013B	RUNTIME_DISPATCH	T	EXACT	lookup(receiver, interface class, slot) reaches the dispatch pointer; slot = Il2CppMethodDefinition.slot
Spine.ExposedList`1::AddCollection	CALL	collection @ X1 (System.Collections.Generic.ICollection`1<T>)	v43 @ X1_v2 (Il2CppClass<System.Collections.Generic.ICollection`1<T>>)	0	System.Collections.Generic.ICollection`1::get_Count	0x0600259B	RUNTIME_DISPATCH	T	EXACT	lookup(receiver, interface class, slot) reaches the dispatch pointer; slot = Il2CppMethodDefinition.slot
Spine.ExposedList`1::AddCollection	CALL	collection @ X1 (System.Collections.Generic.ICollection`1<T>)	v228 @ X1_v7 (Il2CppClass<System.Collections.Generic.ICollection`1<T>>)	5	System.Collections.Generic.ICollection`1::CopyTo	0x060025A0	RUNTIME_DISPATCH	T	EXACT	lookup(receiver, interface class, slot) reaches the dispatch pointer; slot = Il2CppMethodDefinition.slot
Spine.ExposedList`1::AddEnumerable	CALL	enumerable @ X1 (System.Collections.Generic.IEnumerable`1<T>)	v56 @ X1_v11 (Il2CppClass<System.Collections.Generic.IEnumerable`1<T>>)	0	System.Collections.Generic.IEnumerable`1::GetEnumerator	0x060025A7	RUNTIME_DISPATCH	T	EXACT	lookup(receiver, interface class, slot) reaches the dispatch pointer; slot = Il2CppMethodDefinition.slot
Spine.ExposedList`1::AddEnumerable	CALL	v106 @ X0_v35 (System.Collections.IEnumerator)	v551 @ X1_v17 (Il2CppClass<System.Collections.Generic.IEnumerator`1<T>>)	0	System.Collections.Generic.IEnumerator`1::get_Current	0x060025A8	RUNTIME_DISPATCH	T	EXACT	lookup(receiver, interface class, slot) reaches the dispatch pointer; slot = Il2CppMethodDefinition.slot
Spine.ExposedList`1::AddEnumerable	CALL	v184 @ X19_v2 (System.Collections.IEnumerator)	v455 @ X1_v3	0	System.IDisposable::Dispose	0x060005B8	RUNTIME_DISPATCH		EXACT	lookup(receiver, interface class, slot) reaches the dispatch pointer; slot = Il2CppMethodDefinition.slot
Spine.ExposedList`1::AddEnumerable	CALL	v183 @ X19_v4 (System.Collections.IEnumerator)	v312 @ X1_v7	0	System.IDisposable::Dispose	0x060005B8	RUNTIME_DISPATCH		EXACT	lookup(receiver, interface class, slot) reaches the dispatch pointer; slot = Il2CppMethodDefinition.slot
Spine.ExposedList`1::InsertCollection	CALL	collection @ X2 (System.Collections.Generic.ICollection`1<T>)	v44 @ X1_v2 (Il2CppClass<System.Collections.Generic.ICollection`1<T>>)	0	System.Collections.Generic.ICollection`1::get_Count	0x0600259B	RUNTIME_DISPATCH	T	EXACT	lookup(receiver, interface class, slot) reaches the dispatch pointer; slot = Il2CppMethodDefinition.slot
Spine.ExposedList`1::InsertCollection	TAIL	collection @ X2 (System.Collections.Generic.ICollection`1<T>)	v210 @ X1_v7 (Il2CppClass<System.Collections.Generic.ICollection`1<T>>)	5	System.Collections.Generic.ICollection`1::CopyTo	0x060025A0	RUNTIME_DISPATCH	T	EXACT	lookup(receiver, interface class, slot) reaches the dispatch pointer; slot = Il2CppMethodDefinition.slot
Spine.ExposedList`1::InsertEnumeration	CALL	enumerable @ X2 (System.Collections.Generic.IEnumerable`1<T>)	v61 @ X1_v11 (Il2CppClass<System.Collections.Generic.IEnumerable`1<T>>)	0	System.Collections.Generic.IEnumerable`1::GetEnumerator	0x060025A7	RUNTIME_DISPATCH	T	EXACT	lookup(receiver, interface class, slot) reaches the dispatch pointer; slot = Il2CppMethodDefinition.slot
Spine.ExposedList`1::InsertEnumeration	CALL	v111 @ X0_v35 (System.Collections.IEnumerator)	v570 @ X1_v17 (Il2CppClass<System.Collections.Generic.IEnumerator`1<T>>)	0	System.Collections.Generic.IEnumerator`1::get_Current	0x060025A8	RUNTIME_DISPATCH	T	EXACT	lookup(receiver, interface class, slot) reaches the dispatch pointer; slot = Il2CppMethodDefinition.slot
Spine.ExposedList`1::InsertEnumeration	CALL	v195 @ X19_v2 (System.Collections.IEnumerator)	v472 @ X1_v3	0	System.IDisposable::Dispose	0x060005B8	RUNTIME_DISPATCH		EXACT	lookup(receiver, interface class, slot) reaches the dispatch pointer; slot = Il2CppMethodDefinition.slot
Spine.ExposedList`1::InsertEnumeration	CALL	v194 @ X19_v4 (System.Collections.IEnumerator)	v329 @ X1_v7	0	System.IDisposable::Dispose	0x060005B8	RUNTIME_DISPATCH		EXACT	lookup(receiver, interface class, slot) reaches the dispatch pointer; slot = Il2CppMethodDefinition.slot
Spine.Skeleton::SortPathConstraintAttachment	CALL	v138 @ X19_v2 (System.Collections.Generic.IEnumerator`1<Spine.Skin+SkinEntry>)	v392 @ X1_v3	0	System.IDisposable::Dispose	0x060005B8	RUNTIME_DISPATCH		EXACT	lookup(receiver, interface class, slot) reaches the dispatch pointer; slot = Il2CppMethodDefinition.slot
Spine.Skeleton::SortPathConstraintAttachment	CALL	v137 @ X19_v4 (System.Collections.Generic.IEnumerator`1<Spine.Skin+SkinEntry>)	v249 @ X1_v7	0	System.IDisposable::Dispose	0x060005B8	RUNTIME_DISPATCH		EXACT	lookup(receiver, interface class, slot) reaches the dispatch pointer; slot = Il2CppMethodDefinition.slot
Spine.Skin::GetAttachments	CALL	v259 @ X19_v2 (System.Collections.Generic.IEnumerator`1<Spine.Skin+SkinEntry>)	v613 @ X1_v3	0	System.IDisposable::Dispose	0x060005B8	RUNTIME_DISPATCH		EXACT	lookup(receiver, interface class, slot) reaches the dispatch pointer; slot = Il2CppMethodDefinition.slot
Spine.Skin::GetAttachments	CALL	v313 @ X19_v4 (System.Collections.Generic.IEnumerator`1<Spine.Skin+SkinEntry>)	v486 @ X1_v7	0	System.IDisposable::Dispose	0x060005B8	RUNTIME_DISPATCH		EXACT	lookup(receiver, interface class, slot) reaches the dispatch pointer; slot = Il2CppMethodDefinition.slot
Spine.Skin::AttachAll	CALL	v203 @ X19_v2 (System.Collections.Generic.IEnumerator`1<Spine.Skin+SkinEntry>)	v451 @ X1_v3	0	System.IDisposable::Dispose	0x060005B8	RUNTIME_DISPATCH		EXACT	lookup(receiver, interface class, slot) reaches the dispatch pointer; slot = Il2CppMethodDefinition.slot
Spine.Skin::AttachAll	CALL	v202 @ X19_v4 (System.Collections.Generic.IEnumerator`1<Spine.Skin+SkinEntry>)	v308 @ X1_v7	0	System.IDisposable::Dispose	0x060005B8	RUNTIME_DISPATCH		EXACT	lookup(receiver, interface class, slot) reaches the dispatch pointer; slot = Il2CppMethodDefinition.slot
Spine.Unity.BlendModeMaterialsAsset::ApplyMaterials	CALL	v577 @ X19_v2 (Spine.Unity.BlendModeMaterialsAsset+AtlasMaterialCache)	v860 @ X1_v3	0	System.IDisposable::Dispose	0x060005B8	RUNTIME_DISPATCH		EXACT	lookup(receiver, interface class, slot) reaches the dispatch pointer; slot = Il2CppMethodDefinition.slot
Spine.Unity.BlendModeMaterialsAsset::ApplyMaterials	CALL	v657 @ X19_v4 (Spine.Unity.BlendModeMaterialsAsset+AtlasMaterialCache)	v1434 @ X1_v9	0	System.IDisposable::Dispose	0x060005B8	RUNTIME_DISPATCH		EXACT	lookup(receiver, interface class, slot) reaches the dispatch pointer; slot = Il2CppMethodDefinition.slot
Spine.Collections.OrderedDictionary`2::System.Collections.Generic.IList<System.Collections.Generic.KeyValuePair<TKey,TValue>>.set_Item	CALL	v285 @ X0_v12 (System.Collections.Generic.IEqualityComparer`1<TKey>)	Type: Il2CppClass<System.Collections.Generic.IEqualityComparer`1<TKey>>	0	System.Collections.Generic.IEqualityComparer`1::Equals	0x060025A9	RUNTIME_DISPATCH		UNRESOLVED	INVOKER_THROUGH_METHOD:METADATA_USAGE:DISPATCH_PATH_NOT_RECOVERED	
Spine.Collections.OrderedDictionary`2::System.Collections.Generic.ICollection<System.Collections.Generic.KeyValuePair<TKey,TValue>>.Remove	CALL	this @ X0 (Spine.Collections.OrderedDictionary`2<TKey, TValue>)	Type: Il2CppClass<System.Collections.Generic.ICollection`1<System.Collections.Generic.KeyValuePair`2<TKey, TValue>>>	4	System.Collections.Generic.ICollection`1::Contains	0x0600259F	RUNTIME_DISPATCH		UNRESOLVED	INVOKER_THROUGH_METHOD:METADATA_USAGE:DISPATCH_PATH_NOT_RECOVERED	
Spine.Collections.CollectionExtensions::ToOrderedDictionary	CALL	source @ X0 (System.Collections.Generic.IEnumerable`1<TSource>)	v254 @ X1_v19 (Il2CppClass<System.Collections.Generic.IEnumerable`1<TSource>>)	0	System.Collections.Generic.IEnumerable`1::GetEnumerator	0x060025A7	RUNTIME_DISPATCH	TSource	EXACT	lookup(receiver, interface class, slot) reaches the dispatch pointer; slot = Il2CppMethodDefinition.slot
Spine.Unity.Examples.SkeletonRagdoll::Remove	CALL	v177 @ X20_v6 (Spine.Unity.ISkeletonAnimation)	v353 @ X1_v10	3	Spine.Unity.ISkeletonAnimation::remove_UpdateWorld	0x06000663	RUNTIME_DISPATCH		EXACT	lookup(receiver, interface class, slot) reaches the dispatch pointer; slot = Il2CppMethodDefinition.slot
Spine.Unity.Examples.SkeletonRagdoll2D::Remove	CALL	v177 @ X20_v6 (Spine.Unity.ISkeletonAnimation)	v353 @ X1_v10	3	Spine.Unity.ISkeletonAnimation::remove_UpdateWorld	0x06000663	RUNTIME_DISPATCH		EXACT	lookup(receiver, interface class, slot) reaches the dispatch pointer; slot = Il2CppMethodDefinition.slot
GoogleMobileAds.Common.DummyClient::.ctor	CALL	v51 @ X0_v4 (Il2CppMethodInfo)	Type: Il2CppClass<GoogleMobileAds.Common.DummyClient>	v21 @ X2			RUNTIME_DISPATCH		UNRESOLVED	TWO_LOADS_OTHER:METADATA_USAGE:CLASS_NOT_AN_INTERFACE_POINTER	usage:DummyClient
GoogleMobileAds.Common.DummyClient::get_UserId	CALL	v46 @ X0_v3 (Il2CppMethodInfo)	Type: Il2CppClass<GoogleMobileAds.Common.DummyClient>	v19 @ X2			RUNTIME_DISPATCH		UNRESOLVED	TWO_LOADS_OTHER:METADATA_USAGE:CLASS_NOT_AN_INTERFACE_POINTER	usage:DummyClient
GoogleMobileAds.Common.DummyClient::set_UserId	CALL	v44 @ X0_v3 (Il2CppMethodInfo)	Type: Il2CppClass<GoogleMobileAds.Common.DummyClient>	methodInfo @ X2 (Il2CppMethodInfo)			RUNTIME_DISPATCH		UNRESOLVED	TWO_LOADS_OTHER:METADATA_USAGE:CLASS_NOT_AN_INTERFACE_POINTER	usage:DummyClient
GoogleMobileAds.Common.DummyClient::Initialize	CALL	v44 @ X0_v3 (Il2CppMethodInfo)	Type: Il2CppClass<GoogleMobileAds.Common.DummyClient>	methodInfo @ X2 (Il2CppMethodInfo)			RUNTIME_DISPATCH		UNRESOLVED	TWO_LOADS_OTHER:METADATA_USAGE:CLASS_NOT_AN_INTERFACE_POINTER	usage:DummyClient
GoogleMobileAds.Common.DummyClient::Initialize	CALL	v49 @ X0_v3 (Il2CppMethodInfo)	Type: Il2CppClass<GoogleMobileAds.Common.DummyClient>	methodInfo @ X2 (Il2CppMethodInfo)			RUNTIME_DISPATCH		UNRESOLVED	TWO_LOADS_OTHER:METADATA_USAGE:CLASS_NOT_AN_INTERFACE_POINTER	usage:DummyClient
GoogleMobileAds.Common.DummyClient::DisableMediationInitialization	CALL	v44 @ X0_v3 (Il2CppMethodInfo)	Type: Il2CppClass<GoogleMobileAds.Common.DummyClient>	v17 @ X2			RUNTIME_DISPATCH		UNRESOLVED	TWO_LOADS_OTHER:METADATA_USAGE:CLASS_NOT_AN_INTERFACE_POINTER	usage:DummyClient
GoogleMobileAds.Common.DummyClient::SetApplicationMuted	CALL	v44 @ X0_v3 (Il2CppMethodInfo)	Type: Il2CppClass<GoogleMobileAds.Common.DummyClient>	methodInfo @ X2 (Il2CppMethodInfo)			RUNTIME_DISPATCH		UNRESOLVED	TWO_LOADS_OTHER:METADATA_USAGE:CLASS_NOT_AN_INTERFACE_POINTER	usage:DummyClient
GoogleMobileAds.Common.DummyClient::SetRequestConfiguration	CALL	v44 @ X0_v3 (Il2CppMethodInfo)	Type: Il2CppClass<GoogleMobileAds.Common.DummyClient>	methodInfo @ X2 (Il2CppMethodInfo)			RUNTIME_DISPATCH		UNRESOLVED	TWO_LOADS_OTHER:METADATA_USAGE:CLASS_NOT_AN_INTERFACE_POINTER	usage:DummyClient
GoogleMobileAds.Common.DummyClient::GetRequestConfiguration	CALL	v44 @ X0_v3 (Il2CppMethodInfo)	Type: Il2CppClass<GoogleMobileAds.Common.DummyClient>	v17 @ X2			RUNTIME_DISPATCH		UNRESOLVED	TWO_LOADS_OTHER:METADATA_USAGE:CLASS_NOT_AN_INTERFACE_POINTER	usage:DummyClient
GoogleMobileAds.Common.DummyClient::SetApplicationVolume	CALL	v44 @ X0_v3 (Il2CppMethodInfo)	Type: Il2CppClass<GoogleMobileAds.Common.DummyClient>	v17 @ X2			RUNTIME_DISPATCH		UNRESOLVED	TWO_LOADS_OTHER:METADATA_USAGE:CLASS_NOT_AN_INTERFACE_POINTER	usage:DummyClient
GoogleMobileAds.Common.DummyClient::SetiOSAppPauseOnBackground	CALL	v44 @ X0_v3 (Il2CppMethodInfo)	Type: Il2CppClass<GoogleMobileAds.Common.DummyClient>	methodInfo @ X2 (Il2CppMethodInfo)			RUNTIME_DISPATCH		UNRESOLVED	TWO_LOADS_OTHER:METADATA_USAGE:CLASS_NOT_AN_INTERFACE_POINTER	usage:DummyClient
GoogleMobileAds.Common.DummyClient::GetDeviceScale	CALL	v44 @ X0_v3 (Il2CppMethodInfo)	Type: Il2CppClass<GoogleMobileAds.Common.DummyClient>	v17 @ X2			RUNTIME_DISPATCH		UNRESOLVED	TWO_LOADS_OTHER:METADATA_USAGE:CLASS_NOT_AN_INTERFACE_POINTER	usage:DummyClient
GoogleMobileAds.Common.DummyClient::GetDeviceSafeWidth	CALL	v44 @ X0_v3 (Il2CppMethodInfo)	Type: Il2CppClass<GoogleMobileAds.Common.DummyClient>	v17 @ X2			RUNTIME_DISPATCH		UNRESOLVED	TWO_LOADS_OTHER:METADATA_USAGE:CLASS_NOT_AN_INTERFACE_POINTER	usage:DummyClient
GoogleMobileAds.Common.DummyClient::CreateBannerView	CALL	v44 @ X0_v3 (Il2CppMethodInfo)	Type: Il2CppClass<GoogleMobileAds.Common.DummyClient>	adSize @ X2 (GoogleMobileAds.Api.AdSize)			RUNTIME_DISPATCH		UNRESOLVED	TWO_LOADS_OTHER:METADATA_USAGE:CLASS_NOT_AN_INTERFACE_POINTER	usage:DummyClient
GoogleMobileAds.Common.DummyClient::CreateBannerView	CALL	v44 @ X0_v3 (Il2CppMethodInfo)	Type: Il2CppClass<GoogleMobileAds.Common.DummyClient>	adSize @ X2 (GoogleMobileAds.Api.AdSize)			RUNTIME_DISPATCH		UNRESOLVED	TWO_LOADS_OTHER:METADATA_USAGE:CLASS_NOT_AN_INTERFACE_POINTER	usage:DummyClient
GoogleMobileAds.Common.DummyClient::LoadAd	CALL	v44 @ X0_v3 (Il2CppMethodInfo)	Type: Il2CppClass<GoogleMobileAds.Common.DummyClient>	methodInfo @ X2 (Il2CppMethodInfo)			RUNTIME_DISPATCH		UNRESOLVED	TWO_LOADS_OTHER:METADATA_USAGE:CLASS_NOT_AN_INTERFACE_POINTER	usage:DummyClient
GoogleMobileAds.Common.DummyClient::ShowBannerView	CALL	v44 @ X0_v3 (Il2CppMethodInfo)	Type: Il2CppClass<GoogleMobileAds.Common.DummyClient>	v17 @ X2			RUNTIME_DISPATCH		UNRESOLVED	TWO_LOADS_OTHER:METADATA_USAGE:CLASS_NOT_AN_INTERFACE_POINTER	usage:DummyClient
GoogleMobileAds.Common.DummyClient::HideBannerView	CALL	v44 @ X0_v3 (Il2CppMethodInfo)	Type: Il2CppClass<GoogleMobileAds.Common.DummyClient>	v17 @ X2			RUNTIME_DISPATCH		UNRESOLVED	TWO_LOADS_OTHER:METADATA_USAGE:CLASS_NOT_AN_INTERFACE_POINTER	usage:DummyClient
GoogleMobileAds.Common.DummyClient::DestroyBannerView	CALL	v44 @ X0_v3 (Il2CppMethodInfo)	Type: Il2CppClass<GoogleMobileAds.Common.DummyClient>	v17 @ X2			RUNTIME_DISPATCH		UNRESOLVED	TWO_LOADS_OTHER:METADATA_USAGE:CLASS_NOT_AN_INTERFACE_POINTER	usage:DummyClient
GoogleMobileAds.Common.DummyClient::GetHeightInPixels	CALL	v44 @ X0_v3 (Il2CppMethodInfo)	Type: Il2CppClass<GoogleMobileAds.Common.DummyClient>	v17 @ X2			RUNTIME_DISPATCH		UNRESOLVED	TWO_LOADS_OTHER:METADATA_USAGE:CLASS_NOT_AN_INTERFACE_POINTER	usage:DummyClient
GoogleMobileAds.Common.DummyClient::GetWidthInPixels	CALL	v44 @ X0_v3 (Il2CppMethodInfo)	Type: Il2CppClass<GoogleMobileAds.Common.DummyClient>	v17 @ X2			RUNTIME_DISPATCH		UNRESOLVED	TWO_LOADS_OTHER:METADATA_USAGE:CLASS_NOT_AN_INTERFACE_POINTER	usage:DummyClient
GoogleMobileAds.Common.DummyClient::SetPosition	CALL	v44 @ X0_v3 (Il2CppMethodInfo)	Type: Il2CppClass<GoogleMobileAds.Common.DummyClient>	methodInfo @ X2 (Il2CppMethodInfo)			RUNTIME_DISPATCH		UNRESOLVED	TWO_LOADS_OTHER:METADATA_USAGE:CLASS_NOT_AN_INTERFACE_POINTER	usage:DummyClient
GoogleMobileAds.Common.DummyClient::SetPosition	CALL	v44 @ X0_v3 (Il2CppMethodInfo)	Type: Il2CppClass<GoogleMobileAds.Common.DummyClient>	y @ X2 (System.Int32)			RUNTIME_DISPATCH		UNRESOLVED	TWO_LOADS_OTHER:METADATA_USAGE:CLASS_NOT_AN_INTERFACE_POINTER	usage:DummyClient
GoogleMobileAds.Common.DummyClient::CreateInterstitialAd	CALL	v44 @ X0_v3 (Il2CppMethodInfo)	Type: Il2CppClass<GoogleMobileAds.Common.DummyClient>	methodInfo @ X2 (Il2CppMethodInfo)			RUNTIME_DISPATCH		UNRESOLVED	TWO_LOADS_OTHER:METADATA_USAGE:CLASS_NOT_AN_INTERFACE_POINTER	usage:DummyClient
GoogleMobileAds.Common.DummyClient::IsLoaded	CALL	v44 @ X0_v3 (Il2CppMethodInfo)	Type: Il2CppClass<GoogleMobileAds.Common.DummyClient>	v17 @ X2			RUNTIME_DISPATCH		UNRESOLVED	TWO_LOADS_OTHER:METADATA_USAGE:CLASS_NOT_AN_INTERFACE_POINTER	usage:DummyClient
GoogleMobileAds.Common.DummyClient::ShowInterstitial	CALL	v44 @ X0_v3 (Il2CppMethodInfo)	Type: Il2CppClass<GoogleMobileAds.Common.DummyClient>	v17 @ X2			RUNTIME_DISPATCH		UNRESOLVED	TWO_LOADS_OTHER:METADATA_USAGE:CLASS_NOT_AN_INTERFACE_POINTER	usage:DummyClient
GoogleMobileAds.Common.DummyClient::DestroyInterstitial	CALL	v44 @ X0_v3 (Il2CppMethodInfo)	Type: Il2CppClass<GoogleMobileAds.Common.DummyClient>	v17 @ X2			RUNTIME_DISPATCH		UNRESOLVED	TWO_LOADS_OTHER:METADATA_USAGE:CLASS_NOT_AN_INTERFACE_POINTER	usage:DummyClient
GoogleMobileAds.Common.DummyClient::CreateRewardBasedVideoAd	CALL	v44 @ X0_v3 (Il2CppMethodInfo)	Type: Il2CppClass<GoogleMobileAds.Common.DummyClient>	v17 @ X2			RUNTIME_DISPATCH		UNRESOLVED	TWO_LOADS_OTHER:METADATA_USAGE:CLASS_NOT_AN_INTERFACE_POINTER	usage:DummyClient
GoogleMobileAds.Common.DummyClient::SetUserId	CALL	v44 @ X0_v3 (Il2CppMethodInfo)	Type: Il2CppClass<GoogleMobileAds.Common.DummyClient>	methodInfo @ X2 (Il2CppMethodInfo)			RUNTIME_DISPATCH		UNRESOLVED	TWO_LOADS_OTHER:METADATA_USAGE:CLASS_NOT_AN_INTERFACE_POINTER	usage:DummyClient
GoogleMobileAds.Common.DummyClient::LoadAd	CALL	v44 @ X0_v3 (Il2CppMethodInfo)	Type: Il2CppClass<GoogleMobileAds.Common.DummyClient>	adUnitId @ X2 (System.String)			RUNTIME_DISPATCH		UNRESOLVED	TWO_LOADS_OTHER:METADATA_USAGE:CLASS_NOT_AN_INTERFACE_POINTER	usage:DummyClient
GoogleMobileAds.Common.DummyClient::DestroyRewardBasedVideoAd	CALL	v44 @ X0_v3 (Il2CppMethodInfo)	Type: Il2CppClass<GoogleMobileAds.Common.DummyClient>	v17 @ X2			RUNTIME_DISPATCH		UNRESOLVED	TWO_LOADS_OTHER:METADATA_USAGE:CLASS_NOT_AN_INTERFACE_POINTER	usage:DummyClient
GoogleMobileAds.Common.DummyClient::ShowRewardBasedVideoAd	CALL	v44 @ X0_v3 (Il2CppMethodInfo)	Type: Il2CppClass<GoogleMobileAds.Common.DummyClient>	v17 @ X2			RUNTIME_DISPATCH		UNRESOLVED	TWO_LOADS_OTHER:METADATA_USAGE:CLASS_NOT_AN_INTERFACE_POINTER	usage:DummyClient
GoogleMobileAds.Common.DummyClient::CreateAdLoader	CALL	v44 @ X0_v3 (Il2CppMethodInfo)	Type: Il2CppClass<GoogleMobileAds.Common.DummyClient>	methodInfo @ X2 (Il2CppMethodInfo)			RUNTIME_DISPATCH		UNRESOLVED	TWO_LOADS_OTHER:METADATA_USAGE:CLASS_NOT_AN_INTERFACE_POINTER	usage:DummyClient
GoogleMobileAds.Common.DummyClient::Load	CALL	v44 @ X0_v3 (Il2CppMethodInfo)	Type: Il2CppClass<GoogleMobileAds.Common.DummyClient>	methodInfo @ X2 (Il2CppMethodInfo)			RUNTIME_DISPATCH		UNRESOLVED	TWO_LOADS_OTHER:METADATA_USAGE:CLASS_NOT_AN_INTERFACE_POINTER	usage:DummyClient
GoogleMobileAds.Common.DummyClient::SetAdSize	CALL	v44 @ X0_v3 (Il2CppMethodInfo)	Type: Il2CppClass<GoogleMobileAds.Common.DummyClient>	methodInfo @ X2 (Il2CppMethodInfo)			RUNTIME_DISPATCH		UNRESOLVED	TWO_LOADS_OTHER:METADATA_USAGE:CLASS_NOT_AN_INTERFACE_POINTER	usage:DummyClient
GoogleMobileAds.Common.DummyClient::MediationAdapterClassName	CALL	v44 @ X0_v3 (Il2CppMethodInfo)	Type: Il2CppClass<GoogleMobileAds.Common.DummyClient>	v17 @ X2			RUNTIME_DISPATCH		UNRESOLVED	TWO_LOADS_OTHER:METADATA_USAGE:CLASS_NOT_AN_INTERFACE_POINTER	usage:DummyClient
GoogleMobileAds.Common.DummyClient::GetResponseInfoClient	CALL	v44 @ X0_v3 (Il2CppMethodInfo)	Type: Il2CppClass<GoogleMobileAds.Common.DummyClient>	v17 @ X2			RUNTIME_DISPATCH		UNRESOLVED	TWO_LOADS_OTHER:METADATA_USAGE:CLASS_NOT_AN_INTERFACE_POINTER	usage:DummyClient
GoogleMobileAds.Common.RewardedAdDummyClient::.ctor	CALL	v51 @ X0_v4 (Il2CppMethodInfo)	Type: Il2CppClass<GoogleMobileAds.Common.RewardedAdDummyClient>	v21 @ X2			RUNTIME_DISPATCH		UNRESOLVED	TWO_LOADS_OTHER:METADATA_USAGE:CLASS_NOT_AN_INTERFACE_POINTER	usage:RewardedAdDummyClient
GoogleMobileAds.Common.RewardedAdDummyClient::CreateRewardedAd	CALL	v44 @ X0_v3 (Il2CppMethodInfo)	Type: Il2CppClass<GoogleMobileAds.Common.RewardedAdDummyClient>	methodInfo @ X2 (Il2CppMethodInfo)			RUNTIME_DISPATCH		UNRESOLVED	TWO_LOADS_OTHER:METADATA_USAGE:CLASS_NOT_AN_INTERFACE_POINTER	usage:RewardedAdDummyClient
GoogleMobileAds.Common.RewardedAdDummyClient::LoadAd	CALL	v47 @ X0_v3 (Il2CppMethodInfo)	Type: Il2CppClass<GoogleMobileAds.Common.RewardedAdDummyClient>	methodInfo @ X2 (Il2CppMethodInfo)			RUNTIME_DISPATCH		UNRESOLVED	TWO_LOADS_OTHER:METADATA_USAGE:CLASS_NOT_AN_INTERFACE_POINTER	usage:RewardedAdDummyClient
GoogleMobileAds.Common.RewardedAdDummyClient::IsLoaded	CALL	v44 @ X0_v3 (Il2CppMethodInfo)	Type: Il2CppClass<GoogleMobileAds.Common.RewardedAdDummyClient>	v17 @ X2			RUNTIME_DISPATCH		UNRESOLVED	TWO_LOADS_OTHER:METADATA_USAGE:CLASS_NOT_AN_INTERFACE_POINTER	usage:RewardedAdDummyClient
GoogleMobileAds.Common.RewardedAdDummyClient::Show	CALL	v44 @ X0_v3 (Il2CppMethodInfo)	Type: Il2CppClass<GoogleMobileAds.Common.RewardedAdDummyClient>	v17 @ X2			RUNTIME_DISPATCH		UNRESOLVED	TWO_LOADS_OTHER:METADATA_USAGE:CLASS_NOT_AN_INTERFACE_POINTER	usage:RewardedAdDummyClient
GoogleMobileAds.Common.RewardedAdDummyClient::MediationAdapterClassName	CALL	v44 @ X0_v3 (Il2CppMethodInfo)	Type: Il2CppClass<GoogleMobileAds.Common.RewardedAdDummyClient>	v17 @ X2			RUNTIME_DISPATCH		UNRESOLVED	TWO_LOADS_OTHER:METADATA_USAGE:CLASS_NOT_AN_INTERFACE_POINTER	usage:RewardedAdDummyClient
GoogleMobileAds.Common.RewardedAdDummyClient::GetRewardItem	CALL	v44 @ X0_v3 (Il2CppMethodInfo)	Type: Il2CppClass<GoogleMobileAds.Common.RewardedAdDummyClient>	v17 @ X2			RUNTIME_DISPATCH		UNRESOLVED	TWO_LOADS_OTHER:METADATA_USAGE:CLASS_NOT_AN_INTERFACE_POINTER	usage:RewardedAdDummyClient
GoogleMobileAds.Common.RewardedAdDummyClient::SetServerSideVerificationOptions	CALL	v44 @ X0_v3 (Il2CppMethodInfo)	Type: Il2CppClass<GoogleMobileAds.Common.RewardedAdDummyClient>	methodInfo @ X2 (Il2CppMethodInfo)			RUNTIME_DISPATCH		UNRESOLVED	TWO_LOADS_OTHER:METADATA_USAGE:CLASS_NOT_AN_INTERFACE_POINTER	usage:RewardedAdDummyClient
GoogleMobileAds.Common.RewardedAdDummyClient::GetResponseInfoClient	CALL	v44 @ X0_v3 (Il2CppMethodInfo)	Type: Il2CppClass<GoogleMobileAds.Common.RewardedAdDummyClient>	v17 @ X2			RUNTIME_DISPATCH		UNRESOLVED	TWO_LOADS_OTHER:METADATA_USAGE:CLASS_NOT_AN_INTERFACE_POINTER	usage:RewardedAdDummyClient
GoogleMobileAds.Common.RewardedInterstitialAdDummyClient::.ctor	CALL	v51 @ X0_v4 (Il2CppMethodInfo)	Type: Il2CppClass<GoogleMobileAds.Common.RewardedInterstitialAdDummyClient>	v21 @ X2			RUNTIME_DISPATCH		UNRESOLVED	TWO_LOADS_OTHER:METADATA_USAGE:CLASS_NOT_AN_INTERFACE_POINTER	usage:RewardedInterstitialAdDummyClient
GoogleMobileAds.Common.RewardedInterstitialAdDummyClient::CreateRewardedInterstitialAd	CALL	v44 @ X0_v3 (Il2CppMethodInfo)	Type: Il2CppClass<GoogleMobileAds.Common.RewardedInterstitialAdDummyClient>	v17 @ X2			RUNTIME_DISPATCH		UNRESOLVED	TWO_LOADS_OTHER:METADATA_USAGE:CLASS_NOT_AN_INTERFACE_POINTER	usage:RewardedInterstitialAdDummyClient
GoogleMobileAds.Common.RewardedInterstitialAdDummyClient::LoadAd	CALL	v44 @ X0_v3 (Il2CppMethodInfo)	Type: Il2CppClass<GoogleMobileAds.Common.RewardedInterstitialAdDummyClient>	request @ X2 (GoogleMobileAds.Api.AdRequest)			RUNTIME_DISPATCH		UNRESOLVED	TWO_LOADS_OTHER:METADATA_USAGE:CLASS_NOT_AN_INTERFACE_POINTER	usage:RewardedInterstitialAdDummyClient
GoogleMobileAds.Common.RewardedInterstitialAdDummyClient::GetRewardItem	CALL	v44 @ X0_v3 (Il2CppMethodInfo)	Type: Il2CppClass<GoogleMobileAds.Common.RewardedInterstitialAdDummyClient>	v17 @ X2			RUNTIME_DISPATCH		UNRESOLVED	TWO_LOADS_OTHER:METADATA_USAGE:CLASS_NOT_AN_INTERFACE_POINTER	usage:RewardedInterstitialAdDummyClient
GoogleMobileAds.Common.RewardedInterstitialAdDummyClient::Show	CALL	v44 @ X0_v3 (Il2CppMethodInfo)	Type: Il2CppClass<GoogleMobileAds.Common.RewardedInterstitialAdDummyClient>	v17 @ X2			RUNTIME_DISPATCH		UNRESOLVED	TWO_LOADS_OTHER:METADATA_USAGE:CLASS_NOT_AN_INTERFACE_POINTER	usage:RewardedInterstitialAdDummyClient
GoogleMobileAds.Common.RewardedInterstitialAdDummyClient::SetServerSideVerificationOptions	CALL	v44 @ X0_v3 (Il2CppMethodInfo)	Type: Il2CppClass<GoogleMobileAds.Common.RewardedInterstitialAdDummyClient>	methodInfo @ X2 (Il2CppMethodInfo)			RUNTIME_DISPATCH		UNRESOLVED	TWO_LOADS_OTHER:METADATA_USAGE:CLASS_NOT_AN_INTERFACE_POINTER	usage:RewardedInterstitialAdDummyClient
GoogleMobileAds.Common.RewardedInterstitialAdDummyClient::GetResponseInfoClient	CALL	v44 @ X0_v3 (Il2CppMethodInfo)	Type: Il2CppClass<GoogleMobileAds.Common.RewardedInterstitialAdDummyClient>	v17 @ X2			RUNTIME_DISPATCH		UNRESOLVED	TWO_LOADS_OTHER:METADATA_USAGE:CLASS_NOT_AN_INTERFACE_POINTER	usage:RewardedInterstitialAdDummyClient
Extensions::Replace	CALL	source @ X0 (System.Collections.Generic.IList`1<T>)	Type: Il2CppClass<System.Collections.Generic.IList`1<T>>	1	System.Collections.Generic.IList`1::set_Item	0x060025AC	RUNTIME_DISPATCH		UNRESOLVED	INVOKER_THROUGH_METHOD:METADATA_USAGE:DISPATCH_PATH_NOT_RECOVERED	
Extensions::Replace	CALL	source @ X0 (System.Collections.Generic.IList`1<T>)	Type: Il2CppClass<System.Collections.Generic.IList`1<T>>	1	System.Collections.Generic.IList`1::set_Item	0x060025AC	RUNTIME_DISPATCH		UNRESOLVED	INVOKER_THROUGH_METHOD:METADATA_USAGE:DISPATCH_PATH_NOT_RECOVERED	
Extensions::ReplaceAll	CALL	source @ X0 (System.Collections.Generic.IList`1<T>)	Type: Il2CppClass<System.Collections.Generic.IList`1<T>>	2	System.Collections.Generic.IList`1::IndexOf	0x060025AD	RUNTIME_DISPATCH		UNRESOLVED	INVOKER_THROUGH_METHOD:METADATA_USAGE:DISPATCH_PATH_NOT_RECOVERED	
Extensions::ReplaceAll	CALL	source @ X0 (System.Collections.Generic.IList`1<T>)	Type: Il2CppClass<System.Collections.Generic.IList`1<T>>	1	System.Collections.Generic.IList`1::set_Item	0x060025AC	RUNTIME_DISPATCH		UNRESOLVED	INVOKER_THROUGH_METHOD:METADATA_USAGE:DISPATCH_PATH_NOT_RECOVERED	
GameHelper::FindAllChild	CALL	v339 @ X0_v4 (System.Collections.IEnumerator)	v467 @ X1_v4	0	System.IDisposable::Dispose	0x060005B8	RUNTIME_DISPATCH		EXACT	lookup(receiver, interface class, slot) reaches the dispatch pointer; slot = Il2CppMethodDefinition.slot
GameHelper::FindAllChild	CALL	v255 @ X0_v16	v341 @ X1_v9	0	System.IDisposable::Dispose	0x060005B8	RUNTIME_DISPATCH		EXACT	lookup(receiver, interface class, slot) reaches the dispatch pointer; slot = Il2CppMethodDefinition.slot
Spine.Pool`1::Reset	TAIL	v38 @ X0_v3 (Spine.Pool`1<T>+IPoolable<T>)	v53 @ X1_v3 (Il2CppClass<Spine.Pool`1<T>+IPoolable<T>>)	0	Spine.Pool`1+IPoolable::Reset	0x0600013B	RUNTIME_DISPATCH	T	EXACT	lookup(receiver, interface class, slot) reaches the dispatch pointer; slot = Il2CppMethodDefinition.slot
Spine.ExposedList`1::AddCollection	CALL	collection @ X1 (System.Collections.Generic.ICollection`1<T>)	v43 @ X1_v2 (Il2CppClass<System.Collections.Generic.ICollection`1<T>>)	0	System.Collections.Generic.ICollection`1::get_Count	0x0600259B	RUNTIME_DISPATCH	T	EXACT	lookup(receiver, interface class, slot) reaches the dispatch pointer; slot = Il2CppMethodDefinition.slot
Spine.ExposedList`1::AddCollection	CALL	collection @ X1 (System.Collections.Generic.ICollection`1<T>)	v228 @ X1_v7 (Il2CppClass<System.Collections.Generic.ICollection`1<T>>)	5	System.Collections.Generic.ICollection`1::CopyTo	0x060025A0	RUNTIME_DISPATCH	T	EXACT	lookup(receiver, interface class, slot) reaches the dispatch pointer; slot = Il2CppMethodDefinition.slot
Spine.ExposedList`1::AddEnumerable	CALL	enumerable @ X1 (System.Collections.Generic.IEnumerable`1<T>)	v56 @ X1_v11 (Il2CppClass<System.Collections.Generic.IEnumerable`1<T>>)	0	System.Collections.Generic.IEnumerable`1::GetEnumerator	0x060025A7	RUNTIME_DISPATCH	T	EXACT	lookup(receiver, interface class, slot) reaches the dispatch pointer; slot = Il2CppMethodDefinition.slot
Spine.ExposedList`1::AddEnumerable	CALL	v106 @ X0_v35 (System.Collections.IEnumerator)	v551 @ X1_v17 (Il2CppClass<System.Collections.Generic.IEnumerator`1<T>>)	0	System.Collections.Generic.IEnumerator`1::get_Current	0x060025A8	RUNTIME_DISPATCH	T	EXACT	lookup(receiver, interface class, slot) reaches the dispatch pointer; slot = Il2CppMethodDefinition.slot
Spine.ExposedList`1::AddEnumerable	CALL	v184 @ X19_v2 (System.Collections.IEnumerator)	v455 @ X1_v3	0	System.IDisposable::Dispose	0x060005B8	RUNTIME_DISPATCH		EXACT	lookup(receiver, interface class, slot) reaches the dispatch pointer; slot = Il2CppMethodDefinition.slot
Spine.ExposedList`1::AddEnumerable	CALL	v183 @ X19_v4 (System.Collections.IEnumerator)	v312 @ X1_v7	0	System.IDisposable::Dispose	0x060005B8	RUNTIME_DISPATCH		EXACT	lookup(receiver, interface class, slot) reaches the dispatch pointer; slot = Il2CppMethodDefinition.slot
Spine.ExposedList`1::InsertCollection	CALL	collection @ X2 (System.Collections.Generic.ICollection`1<T>)	v44 @ X1_v2 (Il2CppClass<System.Collections.Generic.ICollection`1<T>>)	0	System.Collections.Generic.ICollection`1::get_Count	0x0600259B	RUNTIME_DISPATCH	T	EXACT	lookup(receiver, interface class, slot) reaches the dispatch pointer; slot = Il2CppMethodDefinition.slot
Spine.ExposedList`1::InsertCollection	TAIL	collection @ X2 (System.Collections.Generic.ICollection`1<T>)	v210 @ X1_v7 (Il2CppClass<System.Collections.Generic.ICollection`1<T>>)	5	System.Collections.Generic.ICollection`1::CopyTo	0x060025A0	RUNTIME_DISPATCH	T	EXACT	lookup(receiver, interface class, slot) reaches the dispatch pointer; slot = Il2CppMethodDefinition.slot
Spine.ExposedList`1::InsertEnumeration	CALL	enumerable @ X2 (System.Collections.Generic.IEnumerable`1<T>)	v61 @ X1_v11 (Il2CppClass<System.Collections.Generic.IEnumerable`1<T>>)	0	System.Collections.Generic.IEnumerable`1::GetEnumerator	0x060025A7	RUNTIME_DISPATCH	T	EXACT	lookup(receiver, interface class, slot) reaches the dispatch pointer; slot = Il2CppMethodDefinition.slot
Spine.ExposedList`1::InsertEnumeration	CALL	v111 @ X0_v35 (System.Collections.IEnumerator)	v570 @ X1_v17 (Il2CppClass<System.Collections.Generic.IEnumerator`1<T>>)	0	System.Collections.Generic.IEnumerator`1::get_Current	0x060025A8	RUNTIME_DISPATCH	T	EXACT	lookup(receiver, interface class, slot) reaches the dispatch pointer; slot = Il2CppMethodDefinition.slot
Spine.ExposedList`1::InsertEnumeration	CALL	v195 @ X19_v2 (System.Collections.IEnumerator)	v472 @ X1_v3	0	System.IDisposable::Dispose	0x060005B8	RUNTIME_DISPATCH		EXACT	lookup(receiver, interface class, slot) reaches the dispatch pointer; slot = Il2CppMethodDefinition.slot
Spine.ExposedList`1::InsertEnumeration	CALL	v194 @ X19_v4 (System.Collections.IEnumerator)	v329 @ X1_v7	0	System.IDisposable::Dispose	0x060005B8	RUNTIME_DISPATCH		EXACT	lookup(receiver, interface class, slot) reaches the dispatch pointer; slot = Il2CppMethodDefinition.slot
Spine.Skeleton::SortPathConstraintAttachment	CALL	v138 @ X19_v2 (System.Collections.Generic.IEnumerator`1<Spine.Skin+SkinEntry>)	v392 @ X1_v3	0	System.IDisposable::Dispose	0x060005B8	RUNTIME_DISPATCH		EXACT	lookup(receiver, interface class, slot) reaches the dispatch pointer; slot = Il2CppMethodDefinition.slot
Spine.Skeleton::SortPathConstraintAttachment	CALL	v137 @ X19_v4 (System.Collections.Generic.IEnumerator`1<Spine.Skin+SkinEntry>)	v249 @ X1_v7	0	System.IDisposable::Dispose	0x060005B8	RUNTIME_DISPATCH		EXACT	lookup(receiver, interface class, slot) reaches the dispatch pointer; slot = Il2CppMethodDefinition.slot
Spine.Skin::GetAttachments	CALL	v259 @ X19_v2 (System.Collections.Generic.IEnumerator`1<Spine.Skin+SkinEntry>)	v613 @ X1_v3	0	System.IDisposable::Dispose	0x060005B8	RUNTIME_DISPATCH		EXACT	lookup(receiver, interface class, slot) reaches the dispatch pointer; slot = Il2CppMethodDefinition.slot
Spine.Skin::GetAttachments	CALL	v313 @ X19_v4 (System.Collections.Generic.IEnumerator`1<Spine.Skin+SkinEntry>)	v486 @ X1_v7	0	System.IDisposable::Dispose	0x060005B8	RUNTIME_DISPATCH		EXACT	lookup(receiver, interface class, slot) reaches the dispatch pointer; slot = Il2CppMethodDefinition.slot
Spine.Skin::AttachAll	CALL	v203 @ X19_v2 (System.Collections.Generic.IEnumerator`1<Spine.Skin+SkinEntry>)	v451 @ X1_v3	0	System.IDisposable::Dispose	0x060005B8	RUNTIME_DISPATCH		EXACT	lookup(receiver, interface class, slot) reaches the dispatch pointer; slot = Il2CppMethodDefinition.slot
Spine.Skin::AttachAll	CALL	v202 @ X19_v4 (System.Collections.Generic.IEnumerator`1<Spine.Skin+SkinEntry>)	v308 @ X1_v7	0	System.IDisposable::Dispose	0x060005B8	RUNTIME_DISPATCH		EXACT	lookup(receiver, interface class, slot) reaches the dispatch pointer; slot = Il2CppMethodDefinition.slot
Spine.Collections.OrderedDictionary`2::System.Collections.Generic.IList<System.Collections.Generic.KeyValuePair<TKey,TValue>>.set_Item	CALL	v285 @ X0_v12 (System.Collections.Generic.IEqualityComparer`1<TKey>)	Type: Il2CppClass<System.Collections.Generic.IEqualityComparer`1<TKey>>	0	System.Collections.Generic.IEqualityComparer`1::Equals	0x060025A9	RUNTIME_DISPATCH		UNRESOLVED	INVOKER_THROUGH_METHOD:METADATA_USAGE:DISPATCH_PATH_NOT_RECOVERED	
Spine.Collections.OrderedDictionary`2::System.Collections.Generic.ICollection<System.Collections.Generic.KeyValuePair<TKey,TValue>>.Remove	CALL	this @ X0 (Spine.Collections.OrderedDictionary`2<TKey, TValue>)	Type: Il2CppClass<System.Collections.Generic.ICollection`1<System.Collections.Generic.KeyValuePair`2<TKey, TValue>>>	4	System.Collections.Generic.ICollection`1::Contains	0x0600259F	RUNTIME_DISPATCH		UNRESOLVED	INVOKER_THROUGH_METHOD:METADATA_USAGE:DISPATCH_PATH_NOT_RECOVERED	
Spine.Collections.CollectionExtensions::ToOrderedDictionary	CALL	source @ X0 (System.Collections.Generic.IEnumerable`1<TSource>)	v254 @ X1_v19 (Il2CppClass<System.Collections.Generic.IEnumerable`1<TSource>>)	0	System.Collections.Generic.IEnumerable`1::GetEnumerator	0x060025A7	RUNTIME_DISPATCH	TSource	EXACT	lookup(receiver, interface class, slot) reaches the dispatch pointer; slot = Il2CppMethodDefinition.slot
Spine.Unity.BlendModeMaterialsAsset::ApplyMaterials	CALL	v577 @ X19_v2 (Spine.Unity.BlendModeMaterialsAsset+AtlasMaterialCache)	v860 @ X1_v3	0	System.IDisposable::Dispose	0x060005B8	RUNTIME_DISPATCH		EXACT	lookup(receiver, interface class, slot) reaches the dispatch pointer; slot = Il2CppMethodDefinition.slot
Spine.Unity.BlendModeMaterialsAsset::ApplyMaterials	CALL	v657 @ X19_v4 (Spine.Unity.BlendModeMaterialsAsset+AtlasMaterialCache)	v1434 @ X1_v9	0	System.IDisposable::Dispose	0x060005B8	RUNTIME_DISPATCH		EXACT	lookup(receiver, interface class, slot) reaches the dispatch pointer; slot = Il2CppMethodDefinition.slot
GoogleMobileAds.Common.DummyClient::LoadAd	CALL	v44 @ X0_v3 (Il2CppMethodInfo)	Type: Il2CppClass<GoogleMobileAds.Common.DummyClient>	adUnitId @ X2 (System.String)			RUNTIME_DISPATCH		UNRESOLVED	TWO_LOADS_OTHER:METADATA_USAGE:CLASS_NOT_AN_INTERFACE_POINTER	usage:DummyClient
GoogleMobileAds.Common.DummyClient::DestroyRewardBasedVideoAd	CALL	v44 @ X0_v3 (Il2CppMethodInfo)	Type: Il2CppClass<GoogleMobileAds.Common.DummyClient>	v17 @ X2			RUNTIME_DISPATCH		UNRESOLVED	TWO_LOADS_OTHER:METADATA_USAGE:CLASS_NOT_AN_INTERFACE_POINTER	usage:DummyClient
GoogleMobileAds.Common.DummyClient::ShowRewardBasedVideoAd	CALL	v44 @ X0_v3 (Il2CppMethodInfo)	Type: Il2CppClass<GoogleMobileAds.Common.DummyClient>	v17 @ X2			RUNTIME_DISPATCH		UNRESOLVED	TWO_LOADS_OTHER:METADATA_USAGE:CLASS_NOT_AN_INTERFACE_POINTER	usage:DummyClient
GoogleMobileAds.Common.DummyClient::CreateAdLoader	CALL	v44 @ X0_v3 (Il2CppMethodInfo)	Type: Il2CppClass<GoogleMobileAds.Common.DummyClient>	methodInfo @ X2 (Il2CppMethodInfo)			RUNTIME_DISPATCH		UNRESOLVED	TWO_LOADS_OTHER:METADATA_USAGE:CLASS_NOT_AN_INTERFACE_POINTER	usage:DummyClient
GoogleMobileAds.Common.DummyClient::Load	CALL	v44 @ X0_v3 (Il2CppMethodInfo)	Type: Il2CppClass<GoogleMobileAds.Common.DummyClient>	methodInfo @ X2 (Il2CppMethodInfo)			RUNTIME_DISPATCH		UNRESOLVED	TWO_LOADS_OTHER:METADATA_USAGE:CLASS_NOT_AN_INTERFACE_POINTER	usage:DummyClient
GoogleMobileAds.Common.DummyClient::SetAdSize	CALL	v44 @ X0_v3 (Il2CppMethodInfo)	Type: Il2CppClass<GoogleMobileAds.Common.DummyClient>	methodInfo @ X2 (Il2CppMethodInfo)			RUNTIME_DISPATCH		UNRESOLVED	TWO_LOADS_OTHER:METADATA_USAGE:CLASS_NOT_AN_INTERFACE_POINTER	usage:DummyClient
GoogleMobileAds.Common.DummyClient::MediationAdapterClassName	CALL	v44 @ X0_v3 (Il2CppMethodInfo)	Type: Il2CppClass<GoogleMobileAds.Common.DummyClient>	v17 @ X2			RUNTIME_DISPATCH		UNRESOLVED	TWO_LOADS_OTHER:METADATA_USAGE:CLASS_NOT_AN_INTERFACE_POINTER	usage:DummyClient
GoogleMobileAds.Common.DummyClient::GetResponseInfoClient	CALL	v44 @ X0_v3 (Il2CppMethodInfo)	Type: Il2CppClass<GoogleMobileAds.Common.DummyClient>	v17 @ X2			RUNTIME_DISPATCH		UNRESOLVED	TWO_LOADS_OTHER:METADATA_USAGE:CLASS_NOT_AN_INTERFACE_POINTER	usage:DummyClient
Spine.Unity.Examples.SkeletonRagdoll::Remove	CALL	v177 @ X20_v6 (Spine.Unity.ISkeletonAnimation)	v353 @ X1_v10	3	Spine.Unity.ISkeletonAnimation::remove_UpdateWorld	0x06000663	RUNTIME_DISPATCH		EXACT	lookup(receiver, interface class, slot) reaches the dispatch pointer; slot = Il2CppMethodDefinition.slot
GoogleMobileAds.Common.RewardedAdDummyClient::.ctor	CALL	v51 @ X0_v4 (Il2CppMethodInfo)	Type: Il2CppClass<GoogleMobileAds.Common.RewardedAdDummyClient>	v21 @ X2			RUNTIME_DISPATCH		UNRESOLVED	TWO_LOADS_OTHER:METADATA_USAGE:CLASS_NOT_AN_INTERFACE_POINTER	usage:RewardedAdDummyClient
GoogleMobileAds.Common.RewardedAdDummyClient::CreateRewardedAd	CALL	v44 @ X0_v3 (Il2CppMethodInfo)	Type: Il2CppClass<GoogleMobileAds.Common.RewardedAdDummyClient>	methodInfo @ X2 (Il2CppMethodInfo)			RUNTIME_DISPATCH		UNRESOLVED	TWO_LOADS_OTHER:METADATA_USAGE:CLASS_NOT_AN_INTERFACE_POINTER	usage:RewardedAdDummyClient
GoogleMobileAds.Common.RewardedAdDummyClient::LoadAd	CALL	v47 @ X0_v3 (Il2CppMethodInfo)	Type: Il2CppClass<GoogleMobileAds.Common.RewardedAdDummyClient>	methodInfo @ X2 (Il2CppMethodInfo)			RUNTIME_DISPATCH		UNRESOLVED	TWO_LOADS_OTHER:METADATA_USAGE:CLASS_NOT_AN_INTERFACE_POINTER	usage:RewardedAdDummyClient
GoogleMobileAds.Common.RewardedAdDummyClient::IsLoaded	CALL	v44 @ X0_v3 (Il2CppMethodInfo)	Type: Il2CppClass<GoogleMobileAds.Common.RewardedAdDummyClient>	v17 @ X2			RUNTIME_DISPATCH		UNRESOLVED	TWO_LOADS_OTHER:METADATA_USAGE:CLASS_NOT_AN_INTERFACE_POINTER	usage:RewardedAdDummyClient
GoogleMobileAds.Common.RewardedAdDummyClient::Show	CALL	v44 @ X0_v3 (Il2CppMethodInfo)	Type: Il2CppClass<GoogleMobileAds.Common.RewardedAdDummyClient>	v17 @ X2			RUNTIME_DISPATCH		UNRESOLVED	TWO_LOADS_OTHER:METADATA_USAGE:CLASS_NOT_AN_INTERFACE_POINTER	usage:RewardedAdDummyClient
GoogleMobileAds.Common.RewardedAdDummyClient::MediationAdapterClassName	CALL	v44 @ X0_v3 (Il2CppMethodInfo)	Type: Il2CppClass<GoogleMobileAds.Common.RewardedAdDummyClient>	v17 @ X2			RUNTIME_DISPATCH		UNRESOLVED	TWO_LOADS_OTHER:METADATA_USAGE:CLASS_NOT_AN_INTERFACE_POINTER	usage:RewardedAdDummyClient
GoogleMobileAds.Common.RewardedAdDummyClient::GetRewardItem	CALL	v44 @ X0_v3 (Il2CppMethodInfo)	Type: Il2CppClass<GoogleMobileAds.Common.RewardedAdDummyClient>	v17 @ X2			RUNTIME_DISPATCH		UNRESOLVED	TWO_LOADS_OTHER:METADATA_USAGE:CLASS_NOT_AN_INTERFACE_POINTER	usage:RewardedAdDummyClient
GoogleMobileAds.Common.RewardedAdDummyClient::SetServerSideVerificationOptions	CALL	v44 @ X0_v3 (Il2CppMethodInfo)	Type: Il2CppClass<GoogleMobileAds.Common.RewardedAdDummyClient>	methodInfo @ X2 (Il2CppMethodInfo)			RUNTIME_DISPATCH		UNRESOLVED	TWO_LOADS_OTHER:METADATA_USAGE:CLASS_NOT_AN_INTERFACE_POINTER	usage:RewardedAdDummyClient
GoogleMobileAds.Common.RewardedAdDummyClient::GetResponseInfoClient	CALL	v44 @ X0_v3 (Il2CppMethodInfo)	Type: Il2CppClass<GoogleMobileAds.Common.RewardedAdDummyClient>	v17 @ X2			RUNTIME_DISPATCH		UNRESOLVED	TWO_LOADS_OTHER:METADATA_USAGE:CLASS_NOT_AN_INTERFACE_POINTER	usage:RewardedAdDummyClient
GoogleMobileAds.Common.RewardedInterstitialAdDummyClient::.ctor	CALL	v51 @ X0_v4 (Il2CppMethodInfo)	Type: Il2CppClass<GoogleMobileAds.Common.RewardedInterstitialAdDummyClient>	v21 @ X2			RUNTIME_DISPATCH		UNRESOLVED	TWO_LOADS_OTHER:METADATA_USAGE:CLASS_NOT_AN_INTERFACE_POINTER	usage:RewardedInterstitialAdDummyClient
GoogleMobileAds.Common.RewardedInterstitialAdDummyClient::CreateRewardedInterstitialAd	CALL	v44 @ X0_v3 (Il2CppMethodInfo)	Type: Il2CppClass<GoogleMobileAds.Common.RewardedInterstitialAdDummyClient>	v17 @ X2			RUNTIME_DISPATCH		UNRESOLVED	TWO_LOADS_OTHER:METADATA_USAGE:CLASS_NOT_AN_INTERFACE_POINTER	usage:RewardedInterstitialAdDummyClient
GoogleMobileAds.Common.RewardedInterstitialAdDummyClient::LoadAd	CALL	v44 @ X0_v3 (Il2CppMethodInfo)	Type: Il2CppClass<GoogleMobileAds.Common.RewardedInterstitialAdDummyClient>	request @ X2 (GoogleMobileAds.Api.AdRequest)			RUNTIME_DISPATCH		UNRESOLVED	TWO_LOADS_OTHER:METADATA_USAGE:CLASS_NOT_AN_INTERFACE_POINTER	usage:RewardedInterstitialAdDummyClient
GoogleMobileAds.Common.RewardedInterstitialAdDummyClient::GetRewardItem	CALL	v44 @ X0_v3 (Il2CppMethodInfo)	Type: Il2CppClass<GoogleMobileAds.Common.RewardedInterstitialAdDummyClient>	v17 @ X2			RUNTIME_DISPATCH		UNRESOLVED	TWO_LOADS_OTHER:METADATA_USAGE:CLASS_NOT_AN_INTERFACE_POINTER	usage:RewardedInterstitialAdDummyClient
GoogleMobileAds.Common.RewardedInterstitialAdDummyClient::Show	CALL	v44 @ X0_v3 (Il2CppMethodInfo)	Type: Il2CppClass<GoogleMobileAds.Common.RewardedInterstitialAdDummyClient>	v17 @ X2			RUNTIME_DISPATCH		UNRESOLVED	TWO_LOADS_OTHER:METADATA_USAGE:CLASS_NOT_AN_INTERFACE_POINTER	usage:RewardedInterstitialAdDummyClient
GoogleMobileAds.Common.RewardedInterstitialAdDummyClient::SetServerSideVerificationOptions	CALL	v44 @ X0_v3 (Il2CppMethodInfo)	Type: Il2CppClass<GoogleMobileAds.Common.RewardedInterstitialAdDummyClient>	methodInfo @ X2 (Il2CppMethodInfo)			RUNTIME_DISPATCH		UNRESOLVED	TWO_LOADS_OTHER:METADATA_USAGE:CLASS_NOT_AN_INTERFACE_POINTER	usage:RewardedInterstitialAdDummyClient
GoogleMobileAds.Common.RewardedInterstitialAdDummyClient::GetResponseInfoClient	CALL	v44 @ X0_v3 (Il2CppMethodInfo)	Type: Il2CppClass<GoogleMobileAds.Common.RewardedInterstitialAdDummyClient>	v17 @ X2			RUNTIME_DISPATCH		UNRESOLVED	TWO_LOADS_OTHER:METADATA_USAGE:CLASS_NOT_AN_INTERFACE_POINTER	usage:RewardedInterstitialAdDummyClient
GoogleMobileAds.Common.DummyClient::.ctor	CALL	v51 @ X0_v4 (Il2CppMethodInfo)	Type: Il2CppClass<GoogleMobileAds.Common.DummyClient>	v21 @ X2			RUNTIME_DISPATCH		UNRESOLVED	TWO_LOADS_OTHER:METADATA_USAGE:CLASS_NOT_AN_INTERFACE_POINTER	usage:DummyClient
GoogleMobileAds.Common.DummyClient::get_UserId	CALL	v46 @ X0_v3 (Il2CppMethodInfo)	Type: Il2CppClass<GoogleMobileAds.Common.DummyClient>	v19 @ X2			RUNTIME_DISPATCH		UNRESOLVED	TWO_LOADS_OTHER:METADATA_USAGE:CLASS_NOT_AN_INTERFACE_POINTER	usage:DummyClient
GoogleMobileAds.Common.DummyClient::set_UserId	CALL	v44 @ X0_v3 (Il2CppMethodInfo)	Type: Il2CppClass<GoogleMobileAds.Common.DummyClient>	methodInfo @ X2 (Il2CppMethodInfo)			RUNTIME_DISPATCH		UNRESOLVED	TWO_LOADS_OTHER:METADATA_USAGE:CLASS_NOT_AN_INTERFACE_POINTER	usage:DummyClient
Spine.Unity.Examples.SkeletonRagdoll2D::Remove	CALL	v177 @ X20_v6 (Spine.Unity.ISkeletonAnimation)	v353 @ X1_v10	3	Spine.Unity.ISkeletonAnimation::remove_UpdateWorld	0x06000663	RUNTIME_DISPATCH		EXACT	lookup(receiver, interface class, slot) reaches the dispatch pointer; slot = Il2CppMethodDefinition.slot
GoogleMobileAds.Common.DummyClient::Initialize	CALL	v44 @ X0_v3 (Il2CppMethodInfo)	Type: Il2CppClass<GoogleMobileAds.Common.DummyClient>	methodInfo @ X2 (Il2CppMethodInfo)			RUNTIME_DISPATCH		UNRESOLVED	TWO_LOADS_OTHER:METADATA_USAGE:CLASS_NOT_AN_INTERFACE_POINTER	usage:DummyClient
GoogleMobileAds.Common.DummyClient::Initialize	CALL	v49 @ X0_v3 (Il2CppMethodInfo)	Type: Il2CppClass<GoogleMobileAds.Common.DummyClient>	methodInfo @ X2 (Il2CppMethodInfo)			RUNTIME_DISPATCH		UNRESOLVED	TWO_LOADS_OTHER:METADATA_USAGE:CLASS_NOT_AN_INTERFACE_POINTER	usage:DummyClient
GoogleMobileAds.Common.DummyClient::DisableMediationInitialization	CALL	v44 @ X0_v3 (Il2CppMethodInfo)	Type: Il2CppClass<GoogleMobileAds.Common.DummyClient>	v17 @ X2			RUNTIME_DISPATCH		UNRESOLVED	TWO_LOADS_OTHER:METADATA_USAGE:CLASS_NOT_AN_INTERFACE_POINTER	usage:DummyClient
GoogleMobileAds.Common.DummyClient::SetApplicationMuted	CALL	v44 @ X0_v3 (Il2CppMethodInfo)	Type: Il2CppClass<GoogleMobileAds.Common.DummyClient>	methodInfo @ X2 (Il2CppMethodInfo)			RUNTIME_DISPATCH		UNRESOLVED	TWO_LOADS_OTHER:METADATA_USAGE:CLASS_NOT_AN_INTERFACE_POINTER	usage:DummyClient
GoogleMobileAds.Common.DummyClient::SetRequestConfiguration	CALL	v44 @ X0_v3 (Il2CppMethodInfo)	Type: Il2CppClass<GoogleMobileAds.Common.DummyClient>	methodInfo @ X2 (Il2CppMethodInfo)			RUNTIME_DISPATCH		UNRESOLVED	TWO_LOADS_OTHER:METADATA_USAGE:CLASS_NOT_AN_INTERFACE_POINTER	usage:DummyClient
GoogleMobileAds.Common.DummyClient::GetRequestConfiguration	CALL	v44 @ X0_v3 (Il2CppMethodInfo)	Type: Il2CppClass<GoogleMobileAds.Common.DummyClient>	v17 @ X2			RUNTIME_DISPATCH		UNRESOLVED	TWO_LOADS_OTHER:METADATA_USAGE:CLASS_NOT_AN_INTERFACE_POINTER	usage:DummyClient
GoogleMobileAds.Common.DummyClient::SetApplicationVolume	CALL	v44 @ X0_v3 (Il2CppMethodInfo)	Type: Il2CppClass<GoogleMobileAds.Common.DummyClient>	v17 @ X2			RUNTIME_DISPATCH		UNRESOLVED	TWO_LOADS_OTHER:METADATA_USAGE:CLASS_NOT_AN_INTERFACE_POINTER	usage:DummyClient
GoogleMobileAds.Common.DummyClient::SetiOSAppPauseOnBackground	CALL	v44 @ X0_v3 (Il2CppMethodInfo)	Type: Il2CppClass<GoogleMobileAds.Common.DummyClient>	methodInfo @ X2 (Il2CppMethodInfo)			RUNTIME_DISPATCH		UNRESOLVED	TWO_LOADS_OTHER:METADATA_USAGE:CLASS_NOT_AN_INTERFACE_POINTER	usage:DummyClient
GoogleMobileAds.Common.DummyClient::GetDeviceScale	CALL	v44 @ X0_v3 (Il2CppMethodInfo)	Type: Il2CppClass<GoogleMobileAds.Common.DummyClient>	v17 @ X2			RUNTIME_DISPATCH		UNRESOLVED	TWO_LOADS_OTHER:METADATA_USAGE:CLASS_NOT_AN_INTERFACE_POINTER	usage:DummyClient
GoogleMobileAds.Common.DummyClient::GetDeviceSafeWidth	CALL	v44 @ X0_v3 (Il2CppMethodInfo)	Type: Il2CppClass<GoogleMobileAds.Common.DummyClient>	v17 @ X2			RUNTIME_DISPATCH		UNRESOLVED	TWO_LOADS_OTHER:METADATA_USAGE:CLASS_NOT_AN_INTERFACE_POINTER	usage:DummyClient
GoogleMobileAds.Common.DummyClient::CreateBannerView	CALL	v44 @ X0_v3 (Il2CppMethodInfo)	Type: Il2CppClass<GoogleMobileAds.Common.DummyClient>	adSize @ X2 (GoogleMobileAds.Api.AdSize)			RUNTIME_DISPATCH		UNRESOLVED	TWO_LOADS_OTHER:METADATA_USAGE:CLASS_NOT_AN_INTERFACE_POINTER	usage:DummyClient
GoogleMobileAds.Common.DummyClient::CreateBannerView	CALL	v44 @ X0_v3 (Il2CppMethodInfo)	Type: Il2CppClass<GoogleMobileAds.Common.DummyClient>	adSize @ X2 (GoogleMobileAds.Api.AdSize)			RUNTIME_DISPATCH		UNRESOLVED	TWO_LOADS_OTHER:METADATA_USAGE:CLASS_NOT_AN_INTERFACE_POINTER	usage:DummyClient
GoogleMobileAds.Common.DummyClient::LoadAd	CALL	v44 @ X0_v3 (Il2CppMethodInfo)	Type: Il2CppClass<GoogleMobileAds.Common.DummyClient>	methodInfo @ X2 (Il2CppMethodInfo)			RUNTIME_DISPATCH		UNRESOLVED	TWO_LOADS_OTHER:METADATA_USAGE:CLASS_NOT_AN_INTERFACE_POINTER	usage:DummyClient
GoogleMobileAds.Common.DummyClient::ShowBannerView	CALL	v44 @ X0_v3 (Il2CppMethodInfo)	Type: Il2CppClass<GoogleMobileAds.Common.DummyClient>	v17 @ X2			RUNTIME_DISPATCH		UNRESOLVED	TWO_LOADS_OTHER:METADATA_USAGE:CLASS_NOT_AN_INTERFACE_POINTER	usage:DummyClient
GoogleMobileAds.Common.DummyClient::HideBannerView	CALL	v44 @ X0_v3 (Il2CppMethodInfo)	Type: Il2CppClass<GoogleMobileAds.Common.DummyClient>	v17 @ X2			RUNTIME_DISPATCH		UNRESOLVED	TWO_LOADS_OTHER:METADATA_USAGE:CLASS_NOT_AN_INTERFACE_POINTER	usage:DummyClient
GoogleMobileAds.Common.DummyClient::DestroyBannerView	CALL	v44 @ X0_v3 (Il2CppMethodInfo)	Type: Il2CppClass<GoogleMobileAds.Common.DummyClient>	v17 @ X2			RUNTIME_DISPATCH		UNRESOLVED	TWO_LOADS_OTHER:METADATA_USAGE:CLASS_NOT_AN_INTERFACE_POINTER	usage:DummyClient
GoogleMobileAds.Common.DummyClient::GetHeightInPixels	CALL	v44 @ X0_v3 (Il2CppMethodInfo)	Type: Il2CppClass<GoogleMobileAds.Common.DummyClient>	v17 @ X2			RUNTIME_DISPATCH		UNRESOLVED	TWO_LOADS_OTHER:METADATA_USAGE:CLASS_NOT_AN_INTERFACE_POINTER	usage:DummyClient
GoogleMobileAds.Common.DummyClient::GetWidthInPixels	CALL	v44 @ X0_v3 (Il2CppMethodInfo)	Type: Il2CppClass<GoogleMobileAds.Common.DummyClient>	v17 @ X2			RUNTIME_DISPATCH		UNRESOLVED	TWO_LOADS_OTHER:METADATA_USAGE:CLASS_NOT_AN_INTERFACE_POINTER	usage:DummyClient
GoogleMobileAds.Common.DummyClient::SetPosition	CALL	v44 @ X0_v3 (Il2CppMethodInfo)	Type: Il2CppClass<GoogleMobileAds.Common.DummyClient>	methodInfo @ X2 (Il2CppMethodInfo)			RUNTIME_DISPATCH		UNRESOLVED	TWO_LOADS_OTHER:METADATA_USAGE:CLASS_NOT_AN_INTERFACE_POINTER	usage:DummyClient
GoogleMobileAds.Common.DummyClient::SetPosition	CALL	v44 @ X0_v3 (Il2CppMethodInfo)	Type: Il2CppClass<GoogleMobileAds.Common.DummyClient>	y @ X2 (System.Int32)			RUNTIME_DISPATCH		UNRESOLVED	TWO_LOADS_OTHER:METADATA_USAGE:CLASS_NOT_AN_INTERFACE_POINTER	usage:DummyClient
GoogleMobileAds.Common.DummyClient::CreateInterstitialAd	CALL	v44 @ X0_v3 (Il2CppMethodInfo)	Type: Il2CppClass<GoogleMobileAds.Common.DummyClient>	methodInfo @ X2 (Il2CppMethodInfo)			RUNTIME_DISPATCH		UNRESOLVED	TWO_LOADS_OTHER:METADATA_USAGE:CLASS_NOT_AN_INTERFACE_POINTER	usage:DummyClient
GoogleMobileAds.Common.DummyClient::IsLoaded	CALL	v44 @ X0_v3 (Il2CppMethodInfo)	Type: Il2CppClass<GoogleMobileAds.Common.DummyClient>	v17 @ X2			RUNTIME_DISPATCH		UNRESOLVED	TWO_LOADS_OTHER:METADATA_USAGE:CLASS_NOT_AN_INTERFACE_POINTER	usage:DummyClient
GoogleMobileAds.Common.DummyClient::ShowInterstitial	CALL	v44 @ X0_v3 (Il2CppMethodInfo)	Type: Il2CppClass<GoogleMobileAds.Common.DummyClient>	v17 @ X2			RUNTIME_DISPATCH		UNRESOLVED	TWO_LOADS_OTHER:METADATA_USAGE:CLASS_NOT_AN_INTERFACE_POINTER	usage:DummyClient
GoogleMobileAds.Common.DummyClient::DestroyInterstitial	CALL	v44 @ X0_v3 (Il2CppMethodInfo)	Type: Il2CppClass<GoogleMobileAds.Common.DummyClient>	v17 @ X2			RUNTIME_DISPATCH		UNRESOLVED	TWO_LOADS_OTHER:METADATA_USAGE:CLASS_NOT_AN_INTERFACE_POINTER	usage:DummyClient
GoogleMobileAds.Common.DummyClient::CreateRewardBasedVideoAd	CALL	v44 @ X0_v3 (Il2CppMethodInfo)	Type: Il2CppClass<GoogleMobileAds.Common.DummyClient>	v17 @ X2			RUNTIME_DISPATCH		UNRESOLVED	TWO_LOADS_OTHER:METADATA_USAGE:CLASS_NOT_AN_INTERFACE_POINTER	usage:DummyClient
GoogleMobileAds.Common.DummyClient::SetUserId	CALL	v44 @ X0_v3 (Il2CppMethodInfo)	Type: Il2CppClass<GoogleMobileAds.Common.DummyClient>	methodInfo @ X2 (Il2CppMethodInfo)			RUNTIME_DISPATCH		UNRESOLVED	TWO_LOADS_OTHER:METADATA_USAGE:CLASS_NOT_AN_INTERFACE_POINTER	usage:DummyClient
Extensions::Replace	CALL	source @ X0 (System.Collections.Generic.IList`1<T>)	Type: Il2CppClass<System.Collections.Generic.IList`1<T>>	1	System.Collections.Generic.IList`1::set_Item	0x060025AC	RUNTIME_DISPATCH		UNRESOLVED	INVOKER_THROUGH_METHOD:METADATA_USAGE:DISPATCH_PATH_NOT_RECOVERED	
Extensions::Replace	CALL	source @ X0 (System.Collections.Generic.IList`1<T>)	Type: Il2CppClass<System.Collections.Generic.IList`1<T>>	1	System.Collections.Generic.IList`1::set_Item	0x060025AC	RUNTIME_DISPATCH		UNRESOLVED	INVOKER_THROUGH_METHOD:METADATA_USAGE:DISPATCH_PATH_NOT_RECOVERED	
Extensions::ReplaceAll	CALL	source @ X0 (System.Collections.Generic.IList`1<T>)	Type: Il2CppClass<System.Collections.Generic.IList`1<T>>	2	System.Collections.Generic.IList`1::IndexOf	0x060025AD	RUNTIME_DISPATCH		UNRESOLVED	INVOKER_THROUGH_METHOD:METADATA_USAGE:DISPATCH_PATH_NOT_RECOVERED	
Extensions::ReplaceAll	CALL	source @ X0 (System.Collections.Generic.IList`1<T>)	Type: Il2CppClass<System.Collections.Generic.IList`1<T>>	1	System.Collections.Generic.IList`1::set_Item	0x060025AC	RUNTIME_DISPATCH		UNRESOLVED	INVOKER_THROUGH_METHOD:METADATA_USAGE:DISPATCH_PATH_NOT_RECOVERED	
GameHelper::FindAllChild	CALL	v339 @ X0_v4 (System.Collections.IEnumerator)	v467 @ X1_v4	0	System.IDisposable::Dispose	0x060005B8	RUNTIME_DISPATCH		EXACT	lookup(receiver, interface class, slot) reaches the dispatch pointer; slot = Il2CppMethodDefinition.slot
GameHelper::FindAllChild	CALL	v255 @ X0_v16	v341 @ X1_v9	0	System.IDisposable::Dispose	0x060005B8	RUNTIME_DISPATCH		EXACT	lookup(receiver, interface class, slot) reaches the dispatch pointer; slot = Il2CppMethodDefinition.slot
