Newtonsoft.Json.Utilities.CollectionWrapper`1::Add	System.Collections.Generic.ICollection`1<T>::Add	invoker_method	this._genericCollection (System.Collections.Generic.ICollection`1<T>)	Type: Il2CppClass<System.Collections.Generic.ICollection`1<T>>	0	v63 @ X19_v2 (System.Object)		UNKNOWN_ARGUMENT	POINTER_NOT_A_FRAME_ADDRESS_OR_BUFFER	UNKNOWN_ARGUMENT:POINTER_NOT_A_FRAME_ADDRESS_OR_BUFFER
Newtonsoft.Json.Utilities.CollectionWrapper`1::Contains	System.Collections.Generic.ICollection`1<T>::Contains	invoker_method	this._genericCollection (System.Collections.Generic.ICollection`1<T>)	Type: Il2CppClass<System.Collections.Generic.ICollection`1<T>>	0	v62 @ X19_v2 (System.Object)		UNKNOWN_ARGUMENT	POINTER_NOT_A_FRAME_ADDRESS_OR_BUFFER	UNKNOWN_ARGUMENT:POINTER_NOT_A_FRAME_ADDRESS_OR_BUFFER
Newtonsoft.Json.Utilities.CollectionWrapper`1::Remove	System.Collections.Generic.ICollection`1<T>::Remove	invoker_method	this._genericCollection (System.Collections.Generic.ICollection`1<T>)	Type: Il2CppClass<System.Collections.Generic.ICollection`1<T>>	0	v136 @ X19_v7		UNKNOWN_ARGUMENT	POINTER_NOT_A_FRAME_ADDRESS_OR_BUFFER	UNKNOWN_ARGUMENT:POINTER_NOT_A_FRAME_ADDRESS_OR_BUFFER
Newtonsoft.Json.Utilities.DictionaryWrapper`2+DictionaryEnumerator`2::get_Current	System.Collections.Generic.IEnumerator`1<System.Collections.Generic.KeyValuePair`2<TEnumeratorKey, TEnumeratorValue>>::get_Current	invoker_method	v129 @ X27_v1 (System.Collections.Generic.IEnumerator`1<System.Collections.Generic.KeyValuePair`2<TEnumeratorKey, TEnumeratorValue>>)	Type: Il2CppClass<System.Collections.Generic.IEnumerator`1<System.Collections.Generic.KeyValuePair`2<TEnumeratorKey, TEnumeratorValue>>>	-1			-	NO_ARGUMENTS	UNKNOWN_RETURN
Newtonsoft.Json.Utilities.DictionaryWrapper`2+DictionaryEnumerator`2::get_Current	System.Collections.Generic.IEnumerator`1<System.Collections.Generic.KeyValuePair`2<TEnumeratorKey, TEnumeratorValue>>::get_Current	invoker_method	v148 @ X25_v4 (System.Collections.Generic.IEnumerator`1<System.Collections.Generic.KeyValuePair`2<TEnumeratorKey, TEnumeratorValue>>)	Type: Il2CppClass<System.Collections.Generic.IEnumerator`1<System.Collections.Generic.KeyValuePair`2<TEnumeratorKey, TEnumeratorValue>>>	-1			-	NO_ARGUMENTS	UNKNOWN_RETURN
Newtonsoft.Json.Utilities.DictionaryWrapper`2::Add	System.Collections.Generic.IDictionary`2<TKey, TValue>::Add	invoker_method	this._genericDictionary (System.Collections.Generic.IDictionary`2<TKey, TValue>)	Type: Il2CppClass<System.Collections.Generic.IDictionary`2<TKey, TValue>>	0	v359 @ X20_v5		UNKNOWN_ARGUMENT	POINTER_NOT_A_FRAME_ADDRESS_OR_BUFFER	UNKNOWN_ARGUMENT:POINTER_NOT_A_FRAME_ADDRESS_OR_BUFFER
Newtonsoft.Json.Utilities.DictionaryWrapper`2::Add	System.Collections.Generic.IDictionary`2<TKey, TValue>::Add	invoker_method	this._genericDictionary (System.Collections.Generic.IDictionary`2<TKey, TValue>)	Type: Il2CppClass<System.Collections.Generic.IDictionary`2<TKey, TValue>>	1	v387 @ X19_v7		UNKNOWN_ARGUMENT	POINTER_NOT_A_FRAME_ADDRESS_OR_BUFFER	UNKNOWN_ARGUMENT:POINTER_NOT_A_FRAME_ADDRESS_OR_BUFFER
Newtonsoft.Json.Utilities.DictionaryWrapper`2::Remove	System.Collections.Generic.IDictionary`2<TKey, TValue>::Remove	invoker_method	v95 @ X0_v15 (System.Collections.Generic.IDictionary`2<TKey, TValue>)	Type: Il2CppClass<System.Collections.Generic.IDictionary`2<TKey, TValue>>	0	v379 @ X19_v7		UNKNOWN_ARGUMENT	POINTER_NOT_A_FRAME_ADDRESS_OR_BUFFER	UNKNOWN_ARGUMENT:POINTER_NOT_A_FRAME_ADDRESS_OR_BUFFER
Newtonsoft.Json.Utilities.DictionaryWrapper`2::set_Item	System.Collections.Generic.IDictionary`2<TKey, TValue>::set_Item	invoker_method	v109 @ X0_v14 (System.Collections.Generic.IDictionary`2<TKey, TValue>)	Type: Il2CppClass<System.Collections.Generic.IDictionary`2<TKey, TValue>>	0	v414 @ X20_v5		UNKNOWN_ARGUMENT	POINTER_NOT_A_FRAME_ADDRESS_OR_BUFFER	UNKNOWN_ARGUMENT:POINTER_NOT_A_FRAME_ADDRESS_OR_BUFFER
Newtonsoft.Json.Utilities.DictionaryWrapper`2::set_Item	System.Collections.Generic.IDictionary`2<TKey, TValue>::set_Item	invoker_method	v109 @ X0_v14 (System.Collections.Generic.IDictionary`2<TKey, TValue>)	Type: Il2CppClass<System.Collections.Generic.IDictionary`2<TKey, TValue>>	1	v449 @ X19_v8		UNKNOWN_ARGUMENT	POINTER_NOT_A_FRAME_ADDRESS_OR_BUFFER	UNKNOWN_ARGUMENT:POINTER_NOT_A_FRAME_ADDRESS_OR_BUFFER
Newtonsoft.Json.Utilities.DictionaryWrapper`2::Add	System.Collections.Generic.ICollection`1<System.Collections.Generic.KeyValuePair`2<TKey, TValue>>::Add	invoker_method	v51._genericDictionary (System.Collections.Generic.IDictionary`2<TKey, TValue>)	Type: Il2CppClass<System.Collections.Generic.ICollection`1<System.Collections.Generic.KeyValuePair`2<TKey, TValue>>>	0	v62 @ X19_v2		UNKNOWN_ARGUMENT	POINTER_NOT_A_FRAME_ADDRESS_OR_BUFFER	UNKNOWN_ARGUMENT:POINTER_NOT_A_FRAME_ADDRESS_OR_BUFFER
Newtonsoft.Json.Utilities.DictionaryWrapper`2::Contains	System.Collections.Generic.ICollection`1<System.Collections.Generic.KeyValuePair`2<TKey, TValue>>::Contains	invoker_method	v296 @ X2_v2 (System.Collections.Generic.IDictionary`2<TKey, TValue>)	Type: Il2CppClass<System.Collections.Generic.ICollection`1<System.Collections.Generic.KeyValuePair`2<TKey, TValue>>>	0			UNKNOWN_ARGUMENT	ARGS_NOT_A_FRAME_ADDRESS	UNKNOWN_ARGUMENT:ARGS_NOT_A_FRAME_ADDRESS
Newtonsoft.Json.Utilities.DictionaryWrapper`2::Remove	System.Collections.Generic.ICollection`1<System.Collections.Generic.KeyValuePair`2<TKey, TValue>>::Remove	invoker_method	v110 @ X0_v15 (System.Collections.Generic.IDictionary`2<TKey, TValue>)	Type: Il2CppClass<System.Collections.Generic.ICollection`1<System.Collections.Generic.KeyValuePair`2<TKey, TValue>>>	0	v80 @ X24_v1	T buffer	BUFFER	T_BUFFER	UNKNOWN_RETURN
Newtonsoft.Json.Utilities.DictionaryWrapper`2::System.Collections.IDictionary.Add	System.Collections.Generic.IDictionary`2<TKey, TValue>::Add	invoker_method	v127 @ X0_v14 (System.Collections.Generic.IDictionary`2<TKey, TValue>)	Type: Il2CppClass<System.Collections.Generic.IDictionary`2<TKey, TValue>>	0	v167 @ X0_v17		UNKNOWN_ARGUMENT	POINTER_NOT_A_FRAME_ADDRESS_OR_BUFFER	UNKNOWN_ARGUMENT:POINTER_NOT_A_FRAME_ADDRESS_OR_BUFFER
Newtonsoft.Json.Utilities.DictionaryWrapper`2::System.Collections.IDictionary.Add	System.Collections.Generic.IDictionary`2<TKey, TValue>::Add	invoker_method	v127 @ X0_v14 (System.Collections.Generic.IDictionary`2<TKey, TValue>)	Type: Il2CppClass<System.Collections.Generic.IDictionary`2<TKey, TValue>>	1	v278 @ X0_v20		UNKNOWN_ARGUMENT	POINTER_NOT_A_FRAME_ADDRESS_OR_BUFFER	UNKNOWN_ARGUMENT:POINTER_NOT_A_FRAME_ADDRESS_OR_BUFFER
Newtonsoft.Json.Utilities.DictionaryWrapper`2::System.Collections.IDictionary.set_Item	System.Collections.Generic.IDictionary`2<TKey, TValue>::set_Item	invoker_method	v127 @ X0_v14 (System.Collections.Generic.IDictionary`2<TKey, TValue>)	Type: Il2CppClass<System.Collections.Generic.IDictionary`2<TKey, TValue>>	0	v167 @ X0_v17		UNKNOWN_ARGUMENT	POINTER_NOT_A_FRAME_ADDRESS_OR_BUFFER	UNKNOWN_ARGUMENT:POINTER_NOT_A_FRAME_ADDRESS_OR_BUFFER
Newtonsoft.Json.Utilities.DictionaryWrapper`2::System.Collections.IDictionary.set_Item	System.Collections.Generic.IDictionary`2<TKey, TValue>::set_Item	invoker_method	v127 @ X0_v14 (System.Collections.Generic.IDictionary`2<TKey, TValue>)	Type: Il2CppClass<System.Collections.Generic.IDictionary`2<TKey, TValue>>	1	v278 @ X0_v20		UNKNOWN_ARGUMENT	POINTER_NOT_A_FRAME_ADDRESS_OR_BUFFER	UNKNOWN_ARGUMENT:POINTER_NOT_A_FRAME_ADDRESS_OR_BUFFER
Newtonsoft.Json.Utilities.DictionaryWrapper`2::Remove	System.Collections.Generic.IDictionary`2<TKey, TValue>::Remove	invoker_method	v115 @ X0_v14 (System.Collections.Generic.IDictionary`2<TKey, TValue>)	Type: Il2CppClass<System.Collections.Generic.IDictionary`2<TKey, TValue>>	0	v155 @ X0_v17		UNKNOWN_ARGUMENT	POINTER_NOT_A_FRAME_ADDRESS_OR_BUFFER	UNKNOWN_ARGUMENT:POINTER_NOT_A_FRAME_ADDRESS_OR_BUFFER
Newtonsoft.Json.Utilities.CollectionWrapper`1::Add	System.Collections.Generic.ICollection`1<T>::Add	invoker_method	this._genericCollection (System.Collections.Generic.ICollection`1<T>)	Type: Il2CppClass<System.Collections.Generic.ICollection`1<T>>	0	v63 @ X19_v2 (System.Object)		UNKNOWN_ARGUMENT	POINTER_NOT_A_FRAME_ADDRESS_OR_BUFFER	UNKNOWN_ARGUMENT:POINTER_NOT_A_FRAME_ADDRESS_OR_BUFFER
Newtonsoft.Json.Utilities.CollectionWrapper`1::Contains	System.Collections.Generic.ICollection`1<T>::Contains	invoker_method	this._genericCollection (System.Collections.Generic.ICollection`1<T>)	Type: Il2CppClass<System.Collections.Generic.ICollection`1<T>>	0	v62 @ X19_v2 (System.Object)		UNKNOWN_ARGUMENT	POINTER_NOT_A_FRAME_ADDRESS_OR_BUFFER	UNKNOWN_ARGUMENT:POINTER_NOT_A_FRAME_ADDRESS_OR_BUFFER
Newtonsoft.Json.Utilities.CollectionWrapper`1::Remove	System.Collections.Generic.ICollection`1<T>::Remove	invoker_method	this._genericCollection (System.Collections.Generic.ICollection`1<T>)	Type: Il2CppClass<System.Collections.Generic.ICollection`1<T>>	0	v136 @ X19_v7		UNKNOWN_ARGUMENT	POINTER_NOT_A_FRAME_ADDRESS_OR_BUFFER	UNKNOWN_ARGUMENT:POINTER_NOT_A_FRAME_ADDRESS_OR_BUFFER
Newtonsoft.Json.Utilities.DictionaryWrapper`2+DictionaryEnumerator`2::get_Current	System.Collections.Generic.IEnumerator`1<System.Collections.Generic.KeyValuePair`2<TEnumeratorKey, TEnumeratorValue>>::get_Current	invoker_method	v129 @ X27_v1 (System.Collections.Generic.IEnumerator`1<System.Collections.Generic.KeyValuePair`2<TEnumeratorKey, TEnumeratorValue>>)	Type: Il2CppClass<System.Collections.Generic.IEnumerator`1<System.Collections.Generic.KeyValuePair`2<TEnumeratorKey, TEnumeratorValue>>>	-1			-	NO_ARGUMENTS	UNKNOWN_RETURN
Newtonsoft.Json.Utilities.DictionaryWrapper`2+DictionaryEnumerator`2::get_Current	System.Collections.Generic.IEnumerator`1<System.Collections.Generic.KeyValuePair`2<TEnumeratorKey, TEnumeratorValue>>::get_Current	invoker_method	v148 @ X25_v4 (System.Collections.Generic.IEnumerator`1<System.Collections.Generic.KeyValuePair`2<TEnumeratorKey, TEnumeratorValue>>)	Type: Il2CppClass<System.Collections.Generic.IEnumerator`1<System.Collections.Generic.KeyValuePair`2<TEnumeratorKey, TEnumeratorValue>>>	-1			-	NO_ARGUMENTS	UNKNOWN_RETURN
Newtonsoft.Json.Utilities.DictionaryWrapper`2::Add	System.Collections.Generic.IDictionary`2<TKey, TValue>::Add	invoker_method	this._genericDictionary (System.Collections.Generic.IDictionary`2<TKey, TValue>)	Type: Il2CppClass<System.Collections.Generic.IDictionary`2<TKey, TValue>>	0	v359 @ X20_v5		UNKNOWN_ARGUMENT	POINTER_NOT_A_FRAME_ADDRESS_OR_BUFFER	UNKNOWN_ARGUMENT:POINTER_NOT_A_FRAME_ADDRESS_OR_BUFFER
Newtonsoft.Json.Utilities.DictionaryWrapper`2::Add	System.Collections.Generic.IDictionary`2<TKey, TValue>::Add	invoker_method	this._genericDictionary (System.Collections.Generic.IDictionary`2<TKey, TValue>)	Type: Il2CppClass<System.Collections.Generic.IDictionary`2<TKey, TValue>>	1	v387 @ X19_v7		UNKNOWN_ARGUMENT	POINTER_NOT_A_FRAME_ADDRESS_OR_BUFFER	UNKNOWN_ARGUMENT:POINTER_NOT_A_FRAME_ADDRESS_OR_BUFFER
Newtonsoft.Json.Utilities.DictionaryWrapper`2::Remove	System.Collections.Generic.IDictionary`2<TKey, TValue>::Remove	invoker_method	v95 @ X0_v15 (System.Collections.Generic.IDictionary`2<TKey, TValue>)	Type: Il2CppClass<System.Collections.Generic.IDictionary`2<TKey, TValue>>	0	v379 @ X19_v7		UNKNOWN_ARGUMENT	POINTER_NOT_A_FRAME_ADDRESS_OR_BUFFER	UNKNOWN_ARGUMENT:POINTER_NOT_A_FRAME_ADDRESS_OR_BUFFER
Newtonsoft.Json.Utilities.DictionaryWrapper`2::set_Item	System.Collections.Generic.IDictionary`2<TKey, TValue>::set_Item	invoker_method	v109 @ X0_v14 (System.Collections.Generic.IDictionary`2<TKey, TValue>)	Type: Il2CppClass<System.Collections.Generic.IDictionary`2<TKey, TValue>>	0	v414 @ X20_v5		UNKNOWN_ARGUMENT	POINTER_NOT_A_FRAME_ADDRESS_OR_BUFFER	UNKNOWN_ARGUMENT:POINTER_NOT_A_FRAME_ADDRESS_OR_BUFFER
Newtonsoft.Json.Utilities.DictionaryWrapper`2::set_Item	System.Collections.Generic.IDictionary`2<TKey, TValue>::set_Item	invoker_method	v109 @ X0_v14 (System.Collections.Generic.IDictionary`2<TKey, TValue>)	Type: Il2CppClass<System.Collections.Generic.IDictionary`2<TKey, TValue>>	1	v449 @ X19_v8		UNKNOWN_ARGUMENT	POINTER_NOT_A_FRAME_ADDRESS_OR_BUFFER	UNKNOWN_ARGUMENT:POINTER_NOT_A_FRAME_ADDRESS_OR_BUFFER
Newtonsoft.Json.Utilities.DictionaryWrapper`2::Add	System.Collections.Generic.ICollection`1<System.Collections.Generic.KeyValuePair`2<TKey, TValue>>::Add	invoker_method	v51._genericDictionary (System.Collections.Generic.IDictionary`2<TKey, TValue>)	Type: Il2CppClass<System.Collections.Generic.ICollection`1<System.Collections.Generic.KeyValuePair`2<TKey, TValue>>>	0	v62 @ X19_v2		UNKNOWN_ARGUMENT	POINTER_NOT_A_FRAME_ADDRESS_OR_BUFFER	UNKNOWN_ARGUMENT:POINTER_NOT_A_FRAME_ADDRESS_OR_BUFFER
Newtonsoft.Json.Utilities.DictionaryWrapper`2::Contains	System.Collections.Generic.ICollection`1<System.Collections.Generic.KeyValuePair`2<TKey, TValue>>::Contains	invoker_method	v296 @ X2_v2 (System.Collections.Generic.IDictionary`2<TKey, TValue>)	Type: Il2CppClass<System.Collections.Generic.ICollection`1<System.Collections.Generic.KeyValuePair`2<TKey, TValue>>>	0			UNKNOWN_ARGUMENT	ARGS_NOT_A_FRAME_ADDRESS	UNKNOWN_ARGUMENT:ARGS_NOT_A_FRAME_ADDRESS
Newtonsoft.Json.Utilities.DictionaryWrapper`2::Remove	System.Collections.Generic.ICollection`1<System.Collections.Generic.KeyValuePair`2<TKey, TValue>>::Remove	invoker_method	v110 @ X0_v15 (System.Collections.Generic.IDictionary`2<TKey, TValue>)	Type: Il2CppClass<System.Collections.Generic.ICollection`1<System.Collections.Generic.KeyValuePair`2<TKey, TValue>>>	0	v80 @ X24_v1	T buffer	BUFFER	T_BUFFER	UNKNOWN_RETURN
Newtonsoft.Json.Utilities.DictionaryWrapper`2::System.Collections.IDictionary.Add	System.Collections.Generic.IDictionary`2<TKey, TValue>::Add	invoker_method	v127 @ X0_v14 (System.Collections.Generic.IDictionary`2<TKey, TValue>)	Type: Il2CppClass<System.Collections.Generic.IDictionary`2<TKey, TValue>>	0	v167 @ X0_v17		UNKNOWN_ARGUMENT	POINTER_NOT_A_FRAME_ADDRESS_OR_BUFFER	UNKNOWN_ARGUMENT:POINTER_NOT_A_FRAME_ADDRESS_OR_BUFFER
Newtonsoft.Json.Utilities.DictionaryWrapper`2::System.Collections.IDictionary.Add	System.Collections.Generic.IDictionary`2<TKey, TValue>::Add	invoker_method	v127 @ X0_v14 (System.Collections.Generic.IDictionary`2<TKey, TValue>)	Type: Il2CppClass<System.Collections.Generic.IDictionary`2<TKey, TValue>>	1	v278 @ X0_v20		UNKNOWN_ARGUMENT	POINTER_NOT_A_FRAME_ADDRESS_OR_BUFFER	UNKNOWN_ARGUMENT:POINTER_NOT_A_FRAME_ADDRESS_OR_BUFFER
Newtonsoft.Json.Utilities.DictionaryWrapper`2::System.Collections.IDictionary.set_Item	System.Collections.Generic.IDictionary`2<TKey, TValue>::set_Item	invoker_method	v127 @ X0_v14 (System.Collections.Generic.IDictionary`2<TKey, TValue>)	Type: Il2CppClass<System.Collections.Generic.IDictionary`2<TKey, TValue>>	0	v167 @ X0_v17		UNKNOWN_ARGUMENT	POINTER_NOT_A_FRAME_ADDRESS_OR_BUFFER	UNKNOWN_ARGUMENT:POINTER_NOT_A_FRAME_ADDRESS_OR_BUFFER
Newtonsoft.Json.Utilities.DictionaryWrapper`2::System.Collections.IDictionary.set_Item	System.Collections.Generic.IDictionary`2<TKey, TValue>::set_Item	invoker_method	v127 @ X0_v14 (System.Collections.Generic.IDictionary`2<TKey, TValue>)	Type: Il2CppClass<System.Collections.Generic.IDictionary`2<TKey, TValue>>	1	v278 @ X0_v20		UNKNOWN_ARGUMENT	POINTER_NOT_A_FRAME_ADDRESS_OR_BUFFER	UNKNOWN_ARGUMENT:POINTER_NOT_A_FRAME_ADDRESS_OR_BUFFER
Newtonsoft.Json.Utilities.DictionaryWrapper`2::Remove	System.Collections.Generic.IDictionary`2<TKey, TValue>::Remove	invoker_method	v115 @ X0_v14 (System.Collections.Generic.IDictionary`2<TKey, TValue>)	Type: Il2CppClass<System.Collections.Generic.IDictionary`2<TKey, TValue>>	0	v155 @ X0_v17		UNKNOWN_ARGUMENT	POINTER_NOT_A_FRAME_ADDRESS_OR_BUFFER	UNKNOWN_ARGUMENT:POINTER_NOT_A_FRAME_ADDRESS_OR_BUFFER
