MoreMountains.Tools.ListExtensions::MMSwap	System.Collections.Generic.IList`1<T>::get_Item	invoker_method		Type: Il2CppClass<System.Collections.Generic.IList`1<T>>	0	&v92 @ stack_-6C_v2 (System.Int32)	v92 @ stack_-6C_v2 (System.Int32)	EXACT	FRAME_SLOT	REWRITTEN
MoreMountains.Tools.ListExtensions::MMSwap	System.Collections.Generic.IList`1<T>::get_Item	invoker_method		Type: Il2CppClass<System.Collections.Generic.IList`1<T>>	0	&v92 @ stack_-6C_v2 (System.Int32)	v92 @ stack_-6C_v2 (System.Int32)	EXACT	FRAME_SLOT	REWRITTEN
MoreMountains.Tools.ListExtensions::MMSwap	System.Collections.Generic.IList`1<T>::set_Item	invoker_method		Type: Il2CppClass<System.Collections.Generic.IList`1<T>>	0	&v92 @ stack_-6C_v2 (System.Int32)	v92 @ stack_-6C_v2 (System.Int32)	EXACT	FRAME_SLOT	REWRITTEN
MoreMountains.Tools.ListExtensions::MMSwap	System.Collections.Generic.IList`1<T>::set_Item	invoker_method		Type: Il2CppClass<System.Collections.Generic.IList`1<T>>	1	v115 @ X24_v3	T buffer	BUFFER	T_BUFFER	REWRITTEN
MoreMountains.Tools.ListExtensions::MMSwap	System.Collections.Generic.IList`1<T>::set_Item	invoker_method		Type: Il2CppClass<System.Collections.Generic.IList`1<T>>	0	&v92 @ stack_-6C_v2 (System.Int32)	v92 @ stack_-6C_v2 (System.Int32)	EXACT	FRAME_SLOT	REWRITTEN
MoreMountains.Tools.ListExtensions::MMSwap	System.Collections.Generic.IList`1<T>::set_Item	invoker_method		Type: Il2CppClass<System.Collections.Generic.IList`1<T>>	1	v113 @ X20_v3	T buffer	BUFFER	T_BUFFER	REWRITTEN
Newtonsoft.Json.Utilities.CollectionWrapper`1::Add	System.Collections.Generic.ICollection`1<T>::Add	invoker_method	this._genericCollection (System.Collections.Generic.ICollection`1<T>)	Type: Il2CppClass<System.Collections.Generic.ICollection`1<T>>	0	v63 @ X19_v2 (System.Object)		UNKNOWN_ARGUMENT	POINTER_NOT_A_FRAME_ADDRESS_OR_BUFFER	UNKNOWN_ARGUMENT:POINTER_NOT_A_FRAME_ADDRESS_OR_BUFFER
Newtonsoft.Json.Utilities.CollectionWrapper`1::Contains	System.Collections.Generic.ICollection`1<T>::Contains	invoker_method	this._genericCollection (System.Collections.Generic.ICollection`1<T>)	Type: Il2CppClass<System.Collections.Generic.ICollection`1<T>>	0	v62 @ X19_v2 (System.Object)		UNKNOWN_ARGUMENT	POINTER_NOT_A_FRAME_ADDRESS_OR_BUFFER	UNKNOWN_ARGUMENT:POINTER_NOT_A_FRAME_ADDRESS_OR_BUFFER
Newtonsoft.Json.Utilities.CollectionWrapper`1::Remove	System.Collections.Generic.ICollection`1<T>::Remove	invoker_method	this._genericCollection (System.Collections.Generic.ICollection`1<T>)	Type: Il2CppClass<System.Collections.Generic.ICollection`1<T>>	0	v136 @ X19_v7		UNKNOWN_ARGUMENT	POINTER_NOT_A_FRAME_ADDRESS_OR_BUFFER	UNKNOWN_ARGUMENT:POINTER_NOT_A_FRAME_ADDRESS_OR_BUFFER
Newtonsoft.Json.Utilities.DictionaryWrapper`2+DictionaryEnumerator`2::get_Current	System.Collections.Generic.IEnumerator`1<System.Collections.Generic.KeyValuePair`2<TEnumeratorKey, TEnumeratorValue>>::get_Current	invoker_method	v129 @ X27_v1 (System.Collections.Generic.IEnumerator`1<System.Collections.Generic.KeyValuePair`2<TEnumeratorKey, TEnumeratorValue>>)	Type: Il2CppClass<System.Collections.Generic.IEnumerator`1<System.Collections.Generic.KeyValuePair`2<TEnumeratorKey, TEnumeratorValue>>>	-1			-	NO_ARGUMENTS	UNKNOWN_RETURN
Newtonsoft.Json.Utilities.DictionaryWrapper`2+DictionaryEnumerator`2::get_Current	System.Collections.Generic.IEnumerator`1<System.Collections.Generic.KeyValuePair`2<TEnumeratorKey, TEnumeratorValue>>::get_Current	invoker_method	v148 @ X25_v4 (System.Collections.Generic.IEnumerator`1<System.Collections.Generic.KeyValuePair`2<TEnumeratorKey, TEnumeratorValue>>)	Type: Il2CppClass<System.Collections.Generic.IEnumerator`1<System.Collections.Generic.KeyValuePair`2<TEnumeratorKey, TEnumeratorValue>>>	-1			-	NO_ARGUMENTS	UNKNOWN_RETURN
Newtonsoft.Json.Utilities.DictionaryWrapper`2::Add	System.Collections.Generic.IDictionary`2<TKey, TValue>::Add	invoker_method	this._genericDictionary (System.Collections.Generic.IDictionary`2<TKey, TValue>)	Type: Il2CppClass<System.Collections.Generic.IDictionary`2<TKey, TValue>>	0	v359 @ X20_v5		UNKNOWN_ARGUMENT	POINTER_NOT_A_FRAME_ADDRESS_OR_BUFFER	UNKNOWN_ARGUMENT:POINTER_NOT_A_FRAME_ADDRESS_OR_BUFFER
Newtonsoft.Json.Utilities.DictionaryWrapper`2::Add	System.Collections.Generic.IDictionary`2<TKey, TValue>::Add	invoker_method	this._genericDictionary (System.Collections.Generic.IDictionary`2<TKey, TValue>)	Type: Il2CppClass<System.Collections.Generic.IDictionary`2<TKey, TValue>>	1	v387 @ X19_v7		UNKNOWN_ARGUMENT	POINTER_NOT_A_FRAME_ADDRESS_OR_BUFFER	UNKNOWN_ARGUMENT:POINTER_NOT_A_FRAME_ADDRESS_OR_BUFFER
Newtonsoft.Json.Utilities.DictionaryWrapper`2::Remove	System.Collections.Generic.IDictionary`2<TKey, TValue>::Remove	invoker_method	v95 @ X0_v15 (System.Collections.Generic.IDictionary`2<TKey, TValue>)	Type: Il2CppClass<System.Collections.Generic.IDictionary`2<TKey, TValue>>	0	v379 @ X19_v7		UNKNOWN_ARGUMENT	POINTER_NOT_A_FRAME_ADDRESS_OR_BUFFER	UNKNOWN_ARGUMENT:POINTER_NOT_A_FRAME_ADDRESS_OR_BUFFER
Newtonsoft.Json.Utilities.DictionaryWrapper`2::TryGetValue	System.Collections.Generic.IDictionary`2<TKey, TValue>::TryGetValue	invoker_method	v107 @ X0_v16 (System.Collections.Generic.IDictionary`2<TKey, TValue>)	Type: Il2CppClass<System.Collections.Generic.IDictionary`2<TKey, TValue>>	0	v401 @ X21_v7		UNKNOWN_ARGUMENT	POINTER_NOT_A_FRAME_ADDRESS_OR_BUFFER	UNKNOWN_ARGUMENT:POINTER_NOT_A_FRAME_ADDRESS_OR_BUFFER
Newtonsoft.Json.Utilities.DictionaryWrapper`2::TryGetValue	System.Collections.Generic.IDictionary`2<TKey, TValue>::TryGetValue	invoker_method	v107 @ X0_v16 (System.Collections.Generic.IDictionary`2<TKey, TValue>)	Type: Il2CppClass<System.Collections.Generic.IDictionary`2<TKey, TValue>>	1	value @ X2 (TValue&)		UNKNOWN_ARGUMENT	POINTER_NOT_A_FRAME_ADDRESS_OR_BUFFER	UNKNOWN_ARGUMENT:POINTER_NOT_A_FRAME_ADDRESS_OR_BUFFER
Newtonsoft.Json.Utilities.DictionaryWrapper`2::set_Item	System.Collections.Generic.IDictionary`2<TKey, TValue>::set_Item	invoker_method	v109 @ X0_v14 (System.Collections.Generic.IDictionary`2<TKey, TValue>)	Type: Il2CppClass<System.Collections.Generic.IDictionary`2<TKey, TValue>>	0	v414 @ X20_v5		UNKNOWN_ARGUMENT	POINTER_NOT_A_FRAME_ADDRESS_OR_BUFFER	UNKNOWN_ARGUMENT:POINTER_NOT_A_FRAME_ADDRESS_OR_BUFFER
Newtonsoft.Json.Utilities.DictionaryWrapper`2::set_Item	System.Collections.Generic.IDictionary`2<TKey, TValue>::set_Item	invoker_method	v109 @ X0_v14 (System.Collections.Generic.IDictionary`2<TKey, TValue>)	Type: Il2CppClass<System.Collections.Generic.IDictionary`2<TKey, TValue>>	1	v449 @ X19_v8		UNKNOWN_ARGUMENT	POINTER_NOT_A_FRAME_ADDRESS_OR_BUFFER	UNKNOWN_ARGUMENT:POINTER_NOT_A_FRAME_ADDRESS_OR_BUFFER
Newtonsoft.Json.Utilities.DictionaryWrapper`2::Add	System.Collections.Generic.ICollection`1<System.Collections.Generic.KeyValuePair`2<TKey, TValue>>::Add	invoker_method	v51._genericDictionary (System.Collections.Generic.IDictionary`2<TKey, TValue>)	Type: Il2CppClass<System.Collections.Generic.ICollection`1<System.Collections.Generic.KeyValuePair`2<TKey, TValue>>>	0	v62 @ X19_v2		UNKNOWN_ARGUMENT	POINTER_NOT_A_FRAME_ADDRESS_OR_BUFFER	UNKNOWN_ARGUMENT:POINTER_NOT_A_FRAME_ADDRESS_OR_BUFFER
Newtonsoft.Json.Utilities.DictionaryWrapper`2::Contains	System.Collections.Generic.ICollection`1<System.Collections.Generic.KeyValuePair`2<TKey, TValue>>::Contains	invoker_method	v296 @ X2_v2 (System.Collections.Generic.IDictionary`2<TKey, TValue>)	Type: Il2CppClass<System.Collections.Generic.ICollection`1<System.Collections.Generic.KeyValuePair`2<TKey, TValue>>>	0			UNKNOWN_ARGUMENT	ARGS_NOT_A_FRAME_ADDRESS	UNKNOWN_ARGUMENT:ARGS_NOT_A_FRAME_ADDRESS
Newtonsoft.Json.Utilities.DictionaryWrapper`2::Remove	System.Collections.Generic.ICollection`1<System.Collections.Generic.KeyValuePair`2<TKey, TValue>>::Remove	invoker_method	v110 @ X0_v15 (System.Collections.Generic.IDictionary`2<TKey, TValue>)	Type: Il2CppClass<System.Collections.Generic.ICollection`1<System.Collections.Generic.KeyValuePair`2<TKey, TValue>>>	0	v80 @ X24_v1	T buffer	BUFFER	T_BUFFER	UNKNOWN_RETURN
Newtonsoft.Json.Utilities.DictionaryWrapper`2::System.Collections.IDictionary.Add	System.Collections.Generic.IDictionary`2<TKey, TValue>::Add	invoker_method	v127 @ X0_v14 (System.Collections.Generic.IDictionary`2<TKey, TValue>)	Type: Il2CppClass<System.Collections.Generic.IDictionary`2<TKey, TValue>>	0	v167 @ X0_v17		UNKNOWN_ARGUMENT	POINTER_NOT_A_FRAME_ADDRESS_OR_BUFFER	UNKNOWN_ARGUMENT:POINTER_NOT_A_FRAME_ADDRESS_OR_BUFFER
Newtonsoft.Json.Utilities.DictionaryWrapper`2::System.Collections.IDictionary.Add	System.Collections.Generic.IDictionary`2<TKey, TValue>::Add	invoker_method	v127 @ X0_v14 (System.Collections.Generic.IDictionary`2<TKey, TValue>)	Type: Il2CppClass<System.Collections.Generic.IDictionary`2<TKey, TValue>>	1	v278 @ X0_v20		UNKNOWN_ARGUMENT	POINTER_NOT_A_FRAME_ADDRESS_OR_BUFFER	UNKNOWN_ARGUMENT:POINTER_NOT_A_FRAME_ADDRESS_OR_BUFFER
Newtonsoft.Json.Utilities.DictionaryWrapper`2::System.Collections.IDictionary.set_Item	System.Collections.Generic.IDictionary`2<TKey, TValue>::set_Item	invoker_method	v127 @ X0_v14 (System.Collections.Generic.IDictionary`2<TKey, TValue>)	Type: Il2CppClass<System.Collections.Generic.IDictionary`2<TKey, TValue>>	0	v167 @ X0_v17		UNKNOWN_ARGUMENT	POINTER_NOT_A_FRAME_ADDRESS_OR_BUFFER	UNKNOWN_ARGUMENT:POINTER_NOT_A_FRAME_ADDRESS_OR_BUFFER
Newtonsoft.Json.Utilities.DictionaryWrapper`2::System.Collections.IDictionary.set_Item	System.Collections.Generic.IDictionary`2<TKey, TValue>::set_Item	invoker_method	v127 @ X0_v14 (System.Collections.Generic.IDictionary`2<TKey, TValue>)	Type: Il2CppClass<System.Collections.Generic.IDictionary`2<TKey, TValue>>	1	v278 @ X0_v20		UNKNOWN_ARGUMENT	POINTER_NOT_A_FRAME_ADDRESS_OR_BUFFER	UNKNOWN_ARGUMENT:POINTER_NOT_A_FRAME_ADDRESS_OR_BUFFER
Newtonsoft.Json.Utilities.DictionaryWrapper`2::Remove	System.Collections.Generic.IDictionary`2<TKey, TValue>::Remove	invoker_method	v115 @ X0_v14 (System.Collections.Generic.IDictionary`2<TKey, TValue>)	Type: Il2CppClass<System.Collections.Generic.IDictionary`2<TKey, TValue>>	0	v155 @ X0_v17		UNKNOWN_ARGUMENT	POINTER_NOT_A_FRAME_ADDRESS_OR_BUFFER	UNKNOWN_ARGUMENT:POINTER_NOT_A_FRAME_ADDRESS_OR_BUFFER
Sirenix.Serialization.ComplexTypeSerializer`1::WriteValue	Sirenix.Serialization.IFormatter`1<T>::Serialize	invoker_method	v2237 @ X0_v277 (Sirenix.Serialization.IFormatter`1<T>)	Type: Il2CppClass<Sirenix.Serialization.IFormatter`1<T>>	0	v73 @ X23_v1 (System.String)		UNKNOWN_ARGUMENT	POINTER_NOT_A_FRAME_ADDRESS_OR_BUFFER	UNKNOWN_ARGUMENT:POINTER_NOT_A_FRAME_ADDRESS_OR_BUFFER
Sirenix.Serialization.ComplexTypeSerializer`1::WriteValue	Sirenix.Serialization.IFormatter`1<T>::Serialize	invoker_method	v2237 @ X0_v277 (Sirenix.Serialization.IFormatter`1<T>)	Type: Il2CppClass<Sirenix.Serialization.IFormatter`1<T>>	1	writer @ X3 (Sirenix.Serialization.IDataWriter)		UNKNOWN_ARGUMENT	POINTER_NOT_A_FRAME_ADDRESS_OR_BUFFER	UNKNOWN_ARGUMENT:POINTER_NOT_A_FRAME_ADDRESS_OR_BUFFER
Sirenix.Serialization.DictionaryKeyUtility+KeyComparer`1::Compare	System.Collections.Generic.IComparer`1<T>::Compare	invoker_method	v46 @ X19_v1 (System.Collections.Generic.IComparer`1<T>)	Type: Il2CppClass<System.Collections.Generic.IComparer`1<T>>	0	v169 @ X20_v3	T buffer	BUFFER	T_BUFFER	UNKNOWN_RETURN
Sirenix.Serialization.DictionaryKeyUtility+KeyComparer`1::Compare	System.Collections.Generic.IComparer`1<T>::Compare	invoker_method	v46 @ X19_v1 (System.Collections.Generic.IComparer`1<T>)	Type: Il2CppClass<System.Collections.Generic.IComparer`1<T>>	1	v165 @ X21_v3	T buffer	BUFFER	T_BUFFER	UNKNOWN_RETURN
Sirenix.Serialization.Utilities.LinqExtensions+<Append>d__2`1::MoveNext	System.Collections.Generic.IEnumerator`1<T>::get_Current	invoker_method		Type: Il2CppClass<System.Collections.Generic.IEnumerator`1<T>>	-1			-	NO_ARGUMENTS	REWRITTEN
Sirenix.Serialization.Utilities.LinqExtensions+<Append>d__2`1::MoveNext	System.Collections.Generic.IEnumerator`1<T>::get_Current	invoker_method		Type: Il2CppClass<System.Collections.Generic.IEnumerator`1<T>>	-1			-	NO_ARGUMENTS	REWRITTEN
Sirenix.Serialization.Utilities.LinqExtensions::ForEach	System.Collections.Generic.IEnumerator`1<T>::get_Current	invoker_method		Type: Il2CppClass<System.Collections.Generic.IEnumerator`1<T>>	-1			-	NO_ARGUMENTS	REWRITTEN
Sirenix.Serialization.Utilities.LinqExtensions::ForEach	System.Collections.Generic.IEnumerator`1<T>::get_Current	invoker_method		Type: Il2CppClass<System.Collections.Generic.IEnumerator`1<T>>	-1			-	NO_ARGUMENTS	REWRITTEN
Sirenix.Serialization.Utilities.ImmutableList`1::System.Collections.Generic.IList<T>.get_Item	System.Collections.Generic.IList`1<T>::get_Item	invoker_method		Type: Il2CppClass<System.Collections.Generic.IList`1<T>>	0	&v63 @ stack_-4C_v2 (System.Int32)	v63 @ stack_-4C_v2 (System.Int32)	EXACT	FRAME_SLOT	REWRITTEN
Sirenix.Serialization.Utilities.ImmutableList`1::get_Item	System.Collections.Generic.IList`1<T>::get_Item	invoker_method		Type: Il2CppClass<System.Collections.Generic.IList`1<T>>	0	&v63 @ stack_-4C_v2 (System.Int32)	v63 @ stack_-4C_v2 (System.Int32)	EXACT	FRAME_SLOT	REWRITTEN
Sirenix.Serialization.Utilities.ImmutableList`1::Contains	System.Collections.Generic.ICollection`1<T>::Contains	invoker_method	v34 @ X19_v1 (System.Collections.Generic.IList`1<T>)	Type: Il2CppClass<System.Collections.Generic.ICollection`1<T>>	0	v128 @ X20_v3	T buffer	BUFFER	T_BUFFER	UNKNOWN_RETURN
Sirenix.Serialization.Utilities.ImmutableList`1::System.Collections.IList.Contains	System.Collections.Generic.ICollection`1<T>::Contains	invoker_method	v35 @ X19_v1 (System.Collections.Generic.IList`1<T>)	Type: Il2CppClass<System.Collections.Generic.ICollection`1<T>>	0	v60 @ X0_v3		UNKNOWN_ARGUMENT	POINTER_NOT_A_FRAME_ADDRESS_OR_BUFFER	UNKNOWN_ARGUMENT:POINTER_NOT_A_FRAME_ADDRESS_OR_BUFFER
Sirenix.Serialization.Utilities.ImmutableList`1::System.Collections.IList.IndexOf	System.Collections.Generic.IList`1<T>::IndexOf	invoker_method	v35 @ X19_v1 (System.Collections.Generic.IList`1<T>)	Type: Il2CppClass<System.Collections.Generic.IList`1<T>>	0	v60 @ X0_v3		UNKNOWN_ARGUMENT	POINTER_NOT_A_FRAME_ADDRESS_OR_BUFFER	UNKNOWN_ARGUMENT:POINTER_NOT_A_FRAME_ADDRESS_OR_BUFFER
Sirenix.Serialization.Utilities.ImmutableList`1::IndexOf	System.Collections.Generic.IList`1<T>::IndexOf	invoker_method	v34 @ X19_v1 (System.Collections.Generic.IList`1<T>)	Type: Il2CppClass<System.Collections.Generic.IList`1<T>>	0	v128 @ X20_v3	T buffer	BUFFER	T_BUFFER	UNKNOWN_RETURN
Sirenix.Utilities.LinqExtensions+<Examine>d__0`1::MoveNext	System.Collections.Generic.IEnumerator`1<T>::get_Current	invoker_method		Type: Il2CppClass<System.Collections.Generic.IEnumerator`1<T>>	-1			-	NO_ARGUMENTS	REWRITTEN
Sirenix.Utilities.LinqExtensions+<PrependWith>d__7`1::MoveNext	System.Collections.Generic.IEnumerator`1<T>::get_Current	invoker_method	v269 @ X23_v11	Type: Il2CppClass<System.Collections.Generic.IEnumerator`1<T>>	-1			-	NO_ARGUMENTS	UNKNOWN_RETURN
Sirenix.Utilities.LinqExtensions+<PrependWith>d__8`1::MoveNext	System.Collections.Generic.IEnumerator`1<T>::get_Current	invoker_method	v269 @ X23_v10	Type: Il2CppClass<System.Collections.Generic.IEnumerator`1<T>>	-1			-	NO_ARGUMENTS	UNKNOWN_RETURN
Sirenix.Utilities.LinqExtensions+<PrependWith>d__9`1::MoveNext	System.Collections.Generic.IEnumerator`1<T>::get_Current	invoker_method		Type: Il2CppClass<System.Collections.Generic.IEnumerator`1<T>>	-1			-	NO_ARGUMENTS	REWRITTEN
Sirenix.Utilities.LinqExtensions+<PrependWith>d__9`1::MoveNext	System.Collections.Generic.IEnumerator`1<T>::get_Current	invoker_method		Type: Il2CppClass<System.Collections.Generic.IEnumerator`1<T>>	-1			-	NO_ARGUMENTS	REWRITTEN
Sirenix.Utilities.LinqExtensions+<PrependIf>d__10`1::MoveNext	System.Collections.Generic.IEnumerator`1<T>::get_Current	invoker_method	v262 @ X23_v11	Type: Il2CppClass<System.Collections.Generic.IEnumerator`1<T>>	-1			-	NO_ARGUMENTS	UNKNOWN_RETURN
Sirenix.Utilities.LinqExtensions+<PrependIf>d__11`1::MoveNext	System.Collections.Generic.IEnumerator`1<T>::get_Current	invoker_method	v259 @ X23_v10	Type: Il2CppClass<System.Collections.Generic.IEnumerator`1<T>>	-1			-	NO_ARGUMENTS	UNKNOWN_RETURN
Sirenix.Utilities.LinqExtensions+<PrependIf>d__12`1::MoveNext	System.Collections.Generic.IEnumerator`1<T>::get_Current	invoker_method		Type: Il2CppClass<System.Collections.Generic.IEnumerator`1<T>>	-1			-	NO_ARGUMENTS	REWRITTEN
Sirenix.Utilities.LinqExtensions+<PrependIf>d__12`1::MoveNext	System.Collections.Generic.IEnumerator`1<T>::get_Current	invoker_method		Type: Il2CppClass<System.Collections.Generic.IEnumerator`1<T>>	-1			-	NO_ARGUMENTS	REWRITTEN
Sirenix.Utilities.LinqExtensions+<PrependIf>d__13`1::MoveNext	System.Collections.Generic.IEnumerator`1<T>::get_Current	invoker_method	v263 @ X23_v12	Type: Il2CppClass<System.Collections.Generic.IEnumerator`1<T>>	-1			-	NO_ARGUMENTS	UNKNOWN_RETURN
Sirenix.Utilities.LinqExtensions+<PrependIf>d__14`1::MoveNext	System.Collections.Generic.IEnumerator`1<T>::get_Current	invoker_method	v261 @ X23_v11	Type: Il2CppClass<System.Collections.Generic.IEnumerator`1<T>>	-1			-	NO_ARGUMENTS	UNKNOWN_RETURN
Sirenix.Utilities.LinqExtensions+<PrependIf>d__15`1::MoveNext	System.Collections.Generic.IEnumerator`1<T>::get_Current	invoker_method		Type: Il2CppClass<System.Collections.Generic.IEnumerator`1<T>>	-1			-	NO_ARGUMENTS	REWRITTEN
Sirenix.Utilities.LinqExtensions+<PrependIf>d__15`1::MoveNext	System.Collections.Generic.IEnumerator`1<T>::get_Current	invoker_method		Type: Il2CppClass<System.Collections.Generic.IEnumerator`1<T>>	-1			-	NO_ARGUMENTS	REWRITTEN
Sirenix.Utilities.LinqExtensions+<PrependIf>d__16`1::MoveNext	System.Collections.Generic.IEnumerator`1<T>::get_Current	invoker_method	v281 @ X23_v12	Type: Il2CppClass<System.Collections.Generic.IEnumerator`1<T>>	-1			-	NO_ARGUMENTS	UNKNOWN_RETURN
Sirenix.Utilities.LinqExtensions+<PrependIf>d__17`1::MoveNext	System.Collections.Generic.IEnumerator`1<T>::get_Current	invoker_method	v281 @ X23_v11	Type: Il2CppClass<System.Collections.Generic.IEnumerator`1<T>>	-1			-	NO_ARGUMENTS	UNKNOWN_RETURN
Sirenix.Utilities.LinqExtensions+<PrependIf>d__18`1::MoveNext	System.Collections.Generic.IEnumerator`1<T>::get_Current	invoker_method		Type: Il2CppClass<System.Collections.Generic.IEnumerator`1<T>>	-1			-	NO_ARGUMENTS	REWRITTEN
Sirenix.Utilities.LinqExtensions+<PrependIf>d__18`1::MoveNext	System.Collections.Generic.IEnumerator`1<T>::get_Current	invoker_method		Type: Il2CppClass<System.Collections.Generic.IEnumerator`1<T>>	-1			-	NO_ARGUMENTS	REWRITTEN
Sirenix.Utilities.LinqExtensions+<AppendWith>d__19`1::MoveNext	System.Collections.Generic.IEnumerator`1<T>::get_Current	invoker_method	v232 @ X23_v10	Type: Il2CppClass<System.Collections.Generic.IEnumerator`1<T>>	-1			-	NO_ARGUMENTS	UNKNOWN_RETURN
Sirenix.Utilities.LinqExtensions+<AppendWith>d__20`1::MoveNext	System.Collections.Generic.IEnumerator`1<T>::get_Current	invoker_method	v230 @ X23_v9	Type: Il2CppClass<System.Collections.Generic.IEnumerator`1<T>>	-1			-	NO_ARGUMENTS	UNKNOWN_RETURN
Sirenix.Utilities.LinqExtensions+<AppendWith>d__21`1::MoveNext	System.Collections.Generic.IEnumerator`1<T>::get_Current	invoker_method		Type: Il2CppClass<System.Collections.Generic.IEnumerator`1<T>>	-1			-	NO_ARGUMENTS	REWRITTEN
Sirenix.Utilities.LinqExtensions+<AppendWith>d__21`1::MoveNext	System.Collections.Generic.IEnumerator`1<T>::get_Current	invoker_method		Type: Il2CppClass<System.Collections.Generic.IEnumerator`1<T>>	-1			-	NO_ARGUMENTS	REWRITTEN
Sirenix.Utilities.LinqExtensions+<AppendIf>d__22`1::MoveNext	System.Collections.Generic.IEnumerator`1<T>::get_Current	invoker_method	v253 @ X23_v11	Type: Il2CppClass<System.Collections.Generic.IEnumerator`1<T>>	-1			-	NO_ARGUMENTS	UNKNOWN_RETURN
Sirenix.Utilities.LinqExtensions+<AppendIf>d__23`1::MoveNext	System.Collections.Generic.IEnumerator`1<T>::get_Current	invoker_method	v250 @ X23_v10	Type: Il2CppClass<System.Collections.Generic.IEnumerator`1<T>>	-1			-	NO_ARGUMENTS	UNKNOWN_RETURN
Sirenix.Utilities.LinqExtensions+<AppendIf>d__24`1::MoveNext	System.Collections.Generic.IEnumerator`1<T>::get_Current	invoker_method		Type: Il2CppClass<System.Collections.Generic.IEnumerator`1<T>>	-1			-	NO_ARGUMENTS	REWRITTEN
Sirenix.Utilities.LinqExtensions+<AppendIf>d__24`1::MoveNext	System.Collections.Generic.IEnumerator`1<T>::get_Current	invoker_method		Type: Il2CppClass<System.Collections.Generic.IEnumerator`1<T>>	-1			-	NO_ARGUMENTS	REWRITTEN
Sirenix.Utilities.LinqExtensions+<AppendIf>d__25`1::MoveNext	System.Collections.Generic.IEnumerator`1<T>::get_Current	invoker_method	v253 @ X23_v12	Type: Il2CppClass<System.Collections.Generic.IEnumerator`1<T>>	-1			-	NO_ARGUMENTS	UNKNOWN_RETURN
Sirenix.Utilities.LinqExtensions+<AppendIf>d__26`1::MoveNext	System.Collections.Generic.IEnumerator`1<T>::get_Current	invoker_method	v250 @ X23_v11	Type: Il2CppClass<System.Collections.Generic.IEnumerator`1<T>>	-1			-	NO_ARGUMENTS	UNKNOWN_RETURN
Sirenix.Utilities.LinqExtensions+<AppendIf>d__27`1::MoveNext	System.Collections.Generic.IEnumerator`1<T>::get_Current	invoker_method		Type: Il2CppClass<System.Collections.Generic.IEnumerator`1<T>>	-1			-	NO_ARGUMENTS	REWRITTEN
Sirenix.Utilities.LinqExtensions+<AppendIf>d__27`1::MoveNext	System.Collections.Generic.IEnumerator`1<T>::get_Current	invoker_method		Type: Il2CppClass<System.Collections.Generic.IEnumerator`1<T>>	-1			-	NO_ARGUMENTS	REWRITTEN
Sirenix.Utilities.LinqExtensions::ForEach	System.Collections.Generic.IEnumerator`1<T>::get_Current	invoker_method		Type: Il2CppClass<System.Collections.Generic.IEnumerator`1<T>>	-1			-	NO_ARGUMENTS	REWRITTEN
Sirenix.Utilities.LinqExtensions::ForEach	System.Collections.Generic.IEnumerator`1<T>::get_Current	invoker_method		Type: Il2CppClass<System.Collections.Generic.IEnumerator`1<T>>	-1			-	NO_ARGUMENTS	REWRITTEN
Sirenix.Utilities.LinqExtensions::AddRange	System.Collections.Generic.IEnumerator`1<T>::get_Current	invoker_method		Type: Il2CppClass<System.Collections.Generic.IEnumerator`1<T>>	-1			-	NO_ARGUMENTS	REWRITTEN
Sirenix.Utilities.LinqExtensions::Populate	System.Collections.Generic.IList`1<T>::set_Item	invoker_method	list @ X0 (System.Collections.Generic.IList`1<T>)	Type: Il2CppClass<System.Collections.Generic.IList`1<T>>	0	&v86 @ stack_-6C		UNKNOWN_ARGUMENT	NO_STORE_REACHES_THE_VALUE_SLOT	UNKNOWN_ARGUMENT:NO_STORE_REACHES_THE_VALUE_SLOT
Sirenix.Utilities.LinqExtensions::Populate	System.Collections.Generic.IList`1<T>::set_Item	invoker_method	list @ X0 (System.Collections.Generic.IList`1<T>)	Type: Il2CppClass<System.Collections.Generic.IList`1<T>>	1	v64 @ X23_v1		UNKNOWN_ARGUMENT	POINTER_NOT_A_FRAME_ADDRESS_OR_BUFFER	UNKNOWN_ARGUMENT:NO_STORE_REACHES_THE_VALUE_SLOT
Sirenix.Utilities.LinqExtensions::AddRange	System.Collections.Generic.IEnumerator`1<T>::get_Current	invoker_method	v250 @ X0_v46 (System.Collections.IEnumerator)	Type: Il2CppClass<System.Collections.Generic.IEnumerator`1<T>>	-1			-	NO_ARGUMENTS	UNKNOWN_RETURN
Sirenix.Utilities.LinqExtensions::AddRange	System.Collections.Generic.ICollection`1<T>::Add	invoker_method	list @ X0 (System.Collections.Generic.IList`1<T>)	Type: Il2CppClass<System.Collections.Generic.ICollection`1<T>>	0	v72 @ X24_v1 (System.Collections.Generic.List`1<T>)		UNKNOWN_ARGUMENT	POINTER_NOT_A_FRAME_ADDRESS_OR_BUFFER	UNKNOWN_ARGUMENT:POINTER_NOT_A_FRAME_ADDRESS_OR_BUFFER
Sirenix.Utilities.LinqExtensions::Sort	System.Collections.Generic.IList`1<T>::set_Item	invoker_method	list @ X0 (System.Collections.Generic.IList`1<T>)	Type: Il2CppClass<System.Collections.Generic.IList`1<T>>	0	&v266 @ stack_-5C		UNKNOWN_ARGUMENT	NO_STORE_REACHES_THE_VALUE_SLOT	UNKNOWN_ARGUMENT:NO_STORE_REACHES_THE_VALUE_SLOT
Sirenix.Utilities.LinqExtensions::Sort	System.Collections.Generic.IList`1<T>::set_Item	invoker_method	list @ X0 (System.Collections.Generic.IList`1<T>)	Type: Il2CppClass<System.Collections.Generic.IList`1<T>>	1	v59 @ X21_v1		UNKNOWN_ARGUMENT	POINTER_NOT_A_FRAME_ADDRESS_OR_BUFFER	UNKNOWN_ARGUMENT:NO_STORE_REACHES_THE_VALUE_SLOT
Sirenix.Utilities.LinqExtensions::Sort	System.Collections.Generic.IList`1<T>::set_Item	invoker_method	list @ X0 (System.Collections.Generic.IList`1<T>)	Type: Il2CppClass<System.Collections.Generic.IList`1<T>>	0	&v266 @ stack_-5C		UNKNOWN_ARGUMENT	NO_STORE_REACHES_THE_VALUE_SLOT	UNKNOWN_ARGUMENT:NO_STORE_REACHES_THE_VALUE_SLOT
Sirenix.Utilities.LinqExtensions::Sort	System.Collections.Generic.IList`1<T>::set_Item	invoker_method	list @ X0 (System.Collections.Generic.IList`1<T>)	Type: Il2CppClass<System.Collections.Generic.IList`1<T>>	1	v58 @ X21_v1		UNKNOWN_ARGUMENT	POINTER_NOT_A_FRAME_ADDRESS_OR_BUFFER	UNKNOWN_ARGUMENT:NO_STORE_REACHES_THE_VALUE_SLOT
Sirenix.Utilities.ImmutableList`1::System.Collections.Generic.IList<T>.get_Item	System.Collections.Generic.IList`1<T>::get_Item	invoker_method		Type: Il2CppClass<System.Collections.Generic.IList`1<T>>	0	&v63 @ stack_-4C_v2 (System.Int32)	v63 @ stack_-4C_v2 (System.Int32)	EXACT	FRAME_SLOT	REWRITTEN
Sirenix.Utilities.ImmutableList`1::get_Item	System.Collections.Generic.IList`1<T>::get_Item	invoker_method		Type: Il2CppClass<System.Collections.Generic.IList`1<T>>	0	&v63 @ stack_-4C_v2 (System.Int32)	v63 @ stack_-4C_v2 (System.Int32)	EXACT	FRAME_SLOT	REWRITTEN
Sirenix.Utilities.ImmutableList`1::Contains	System.Collections.Generic.ICollection`1<T>::Contains	invoker_method	v34 @ X19_v1 (System.Collections.Generic.IList`1<T>)	Type: Il2CppClass<System.Collections.Generic.ICollection`1<T>>	0	v128 @ X20_v3	T buffer	BUFFER	T_BUFFER	UNKNOWN_RETURN
Sirenix.Utilities.ImmutableList`1::System.Collections.IList.Contains	System.Collections.Generic.ICollection`1<T>::Contains	invoker_method	v35 @ X19_v1 (System.Collections.Generic.IList`1<T>)	Type: Il2CppClass<System.Collections.Generic.ICollection`1<T>>	0	v60 @ X0_v3		UNKNOWN_ARGUMENT	POINTER_NOT_A_FRAME_ADDRESS_OR_BUFFER	UNKNOWN_ARGUMENT:POINTER_NOT_A_FRAME_ADDRESS_OR_BUFFER
Sirenix.Utilities.ImmutableList`1::System.Collections.IList.IndexOf	System.Collections.Generic.IList`1<T>::IndexOf	invoker_method	v35 @ X19_v1 (System.Collections.Generic.IList`1<T>)	Type: Il2CppClass<System.Collections.Generic.IList`1<T>>	0	v60 @ X0_v3		UNKNOWN_ARGUMENT	POINTER_NOT_A_FRAME_ADDRESS_OR_BUFFER	UNKNOWN_ARGUMENT:POINTER_NOT_A_FRAME_ADDRESS_OR_BUFFER
Sirenix.Utilities.ImmutableList`1::IndexOf	System.Collections.Generic.IList`1<T>::IndexOf	invoker_method	v34 @ X19_v1 (System.Collections.Generic.IList`1<T>)	Type: Il2CppClass<System.Collections.Generic.IList`1<T>>	0	v128 @ X20_v3	T buffer	BUFFER	T_BUFFER	UNKNOWN_RETURN
Sirenix.Utilities.ListExtensions::SetLength	System.Collections.Generic.ICollection`1<T>::Add	invoker_method	v211 @ X25_v2 (System.Collections.Generic.IList`1<T>)	Type: Il2CppClass<System.Collections.Generic.ICollection`1<T>>	0	v61 @ X23_v1		UNKNOWN_ARGUMENT	POINTER_NOT_A_FRAME_ADDRESS_OR_BUFFER	UNKNOWN_ARGUMENT:POINTER_NOT_A_FRAME_ADDRESS_OR_BUFFER
Sirenix.Utilities.ListExtensions::SetLength	System.Collections.Generic.ICollection`1<T>::Add	invoker_method	v214 @ X24_v2 (System.Collections.Generic.IList`1<T>)	Type: Il2CppClass<System.Collections.Generic.ICollection`1<T>>	0	v60 @ X23_v1		UNKNOWN_ARGUMENT	POINTER_NOT_A_FRAME_ADDRESS_OR_BUFFER	UNKNOWN_ARGUMENT:POINTER_NOT_A_FRAME_ADDRESS_OR_BUFFER
Sirenix.Utilities.ListExtensions::SetLength	System.Collections.Generic.ICollection`1<T>::Add	invoker_method	list @ X0 (System.Collections.Generic.IList`1<T>)	Type: Il2CppClass<System.Collections.Generic.ICollection`1<T>>	0	v59 @ X23_v1		UNKNOWN_ARGUMENT	POINTER_NOT_A_FRAME_ADDRESS_OR_BUFFER	UNKNOWN_ARGUMENT:POINTER_NOT_A_FRAME_ADDRESS_OR_BUFFER
Sirenix.Utilities.ListExtensions::SetLength	System.Collections.Generic.ICollection`1<T>::Add	invoker_method	list @ X0 (System.Collections.Generic.IList`1<T>)	Type: Il2CppClass<System.Collections.Generic.ICollection`1<T>>	0	v58 @ X23_v1		UNKNOWN_ARGUMENT	POINTER_NOT_A_FRAME_ADDRESS_OR_BUFFER	UNKNOWN_ARGUMENT:POINTER_NOT_A_FRAME_ADDRESS_OR_BUFFER
MoreMountains.Tools.ListExtensions::MMSwap	System.Collections.Generic.IList`1<T>::get_Item	invoker_method		Type: Il2CppClass<System.Collections.Generic.IList`1<T>>	0	&v92 @ stack_-6C_v2 (System.Int32)	v92 @ stack_-6C_v2 (System.Int32)	EXACT	FRAME_SLOT	REWRITTEN
MoreMountains.Tools.ListExtensions::MMSwap	System.Collections.Generic.IList`1<T>::get_Item	invoker_method		Type: Il2CppClass<System.Collections.Generic.IList`1<T>>	0	&v92 @ stack_-6C_v2 (System.Int32)	v92 @ stack_-6C_v2 (System.Int32)	EXACT	FRAME_SLOT	REWRITTEN
MoreMountains.Tools.ListExtensions::MMSwap	System.Collections.Generic.IList`1<T>::set_Item	invoker_method		Type: Il2CppClass<System.Collections.Generic.IList`1<T>>	0	&v92 @ stack_-6C_v2 (System.Int32)	v92 @ stack_-6C_v2 (System.Int32)	EXACT	FRAME_SLOT	REWRITTEN
MoreMountains.Tools.ListExtensions::MMSwap	System.Collections.Generic.IList`1<T>::set_Item	invoker_method		Type: Il2CppClass<System.Collections.Generic.IList`1<T>>	1	v115 @ X24_v3	T buffer	BUFFER	T_BUFFER	REWRITTEN
MoreMountains.Tools.ListExtensions::MMSwap	System.Collections.Generic.IList`1<T>::set_Item	invoker_method		Type: Il2CppClass<System.Collections.Generic.IList`1<T>>	0	&v92 @ stack_-6C_v2 (System.Int32)	v92 @ stack_-6C_v2 (System.Int32)	EXACT	FRAME_SLOT	REWRITTEN
MoreMountains.Tools.ListExtensions::MMSwap	System.Collections.Generic.IList`1<T>::set_Item	invoker_method		Type: Il2CppClass<System.Collections.Generic.IList`1<T>>	1	v113 @ X20_v3	T buffer	BUFFER	T_BUFFER	REWRITTEN
Newtonsoft.Json.Utilities.CollectionWrapper`1::Add	System.Collections.Generic.ICollection`1<T>::Add	invoker_method	this._genericCollection (System.Collections.Generic.ICollection`1<T>)	Type: Il2CppClass<System.Collections.Generic.ICollection`1<T>>	0	v63 @ X19_v2 (System.Object)		UNKNOWN_ARGUMENT	POINTER_NOT_A_FRAME_ADDRESS_OR_BUFFER	UNKNOWN_ARGUMENT:POINTER_NOT_A_FRAME_ADDRESS_OR_BUFFER
Newtonsoft.Json.Utilities.CollectionWrapper`1::Contains	System.Collections.Generic.ICollection`1<T>::Contains	invoker_method	this._genericCollection (System.Collections.Generic.ICollection`1<T>)	Type: Il2CppClass<System.Collections.Generic.ICollection`1<T>>	0	v62 @ X19_v2 (System.Object)		UNKNOWN_ARGUMENT	POINTER_NOT_A_FRAME_ADDRESS_OR_BUFFER	UNKNOWN_ARGUMENT:POINTER_NOT_A_FRAME_ADDRESS_OR_BUFFER
Newtonsoft.Json.Utilities.CollectionWrapper`1::Remove	System.Collections.Generic.ICollection`1<T>::Remove	invoker_method	this._genericCollection (System.Collections.Generic.ICollection`1<T>)	Type: Il2CppClass<System.Collections.Generic.ICollection`1<T>>	0	v136 @ X19_v7		UNKNOWN_ARGUMENT	POINTER_NOT_A_FRAME_ADDRESS_OR_BUFFER	UNKNOWN_ARGUMENT:POINTER_NOT_A_FRAME_ADDRESS_OR_BUFFER
Newtonsoft.Json.Utilities.DictionaryWrapper`2+DictionaryEnumerator`2::get_Current	System.Collections.Generic.IEnumerator`1<System.Collections.Generic.KeyValuePair`2<TEnumeratorKey, TEnumeratorValue>>::get_Current	invoker_method	v129 @ X27_v1 (System.Collections.Generic.IEnumerator`1<System.Collections.Generic.KeyValuePair`2<TEnumeratorKey, TEnumeratorValue>>)	Type: Il2CppClass<System.Collections.Generic.IEnumerator`1<System.Collections.Generic.KeyValuePair`2<TEnumeratorKey, TEnumeratorValue>>>	-1			-	NO_ARGUMENTS	UNKNOWN_RETURN
Newtonsoft.Json.Utilities.DictionaryWrapper`2+DictionaryEnumerator`2::get_Current	System.Collections.Generic.IEnumerator`1<System.Collections.Generic.KeyValuePair`2<TEnumeratorKey, TEnumeratorValue>>::get_Current	invoker_method	v148 @ X25_v4 (System.Collections.Generic.IEnumerator`1<System.Collections.Generic.KeyValuePair`2<TEnumeratorKey, TEnumeratorValue>>)	Type: Il2CppClass<System.Collections.Generic.IEnumerator`1<System.Collections.Generic.KeyValuePair`2<TEnumeratorKey, TEnumeratorValue>>>	-1			-	NO_ARGUMENTS	UNKNOWN_RETURN
Newtonsoft.Json.Utilities.DictionaryWrapper`2::Add	System.Collections.Generic.IDictionary`2<TKey, TValue>::Add	invoker_method	this._genericDictionary (System.Collections.Generic.IDictionary`2<TKey, TValue>)	Type: Il2CppClass<System.Collections.Generic.IDictionary`2<TKey, TValue>>	0	v359 @ X20_v5		UNKNOWN_ARGUMENT	POINTER_NOT_A_FRAME_ADDRESS_OR_BUFFER	UNKNOWN_ARGUMENT:POINTER_NOT_A_FRAME_ADDRESS_OR_BUFFER
Newtonsoft.Json.Utilities.DictionaryWrapper`2::Add	System.Collections.Generic.IDictionary`2<TKey, TValue>::Add	invoker_method	this._genericDictionary (System.Collections.Generic.IDictionary`2<TKey, TValue>)	Type: Il2CppClass<System.Collections.Generic.IDictionary`2<TKey, TValue>>	1	v387 @ X19_v7		UNKNOWN_ARGUMENT	POINTER_NOT_A_FRAME_ADDRESS_OR_BUFFER	UNKNOWN_ARGUMENT:POINTER_NOT_A_FRAME_ADDRESS_OR_BUFFER
Newtonsoft.Json.Utilities.DictionaryWrapper`2::Remove	System.Collections.Generic.IDictionary`2<TKey, TValue>::Remove	invoker_method	v95 @ X0_v15 (System.Collections.Generic.IDictionary`2<TKey, TValue>)	Type: Il2CppClass<System.Collections.Generic.IDictionary`2<TKey, TValue>>	0	v379 @ X19_v7		UNKNOWN_ARGUMENT	POINTER_NOT_A_FRAME_ADDRESS_OR_BUFFER	UNKNOWN_ARGUMENT:POINTER_NOT_A_FRAME_ADDRESS_OR_BUFFER
Newtonsoft.Json.Utilities.DictionaryWrapper`2::TryGetValue	System.Collections.Generic.IDictionary`2<TKey, TValue>::TryGetValue	invoker_method	v107 @ X0_v16 (System.Collections.Generic.IDictionary`2<TKey, TValue>)	Type: Il2CppClass<System.Collections.Generic.IDictionary`2<TKey, TValue>>	0	v401 @ X21_v7		UNKNOWN_ARGUMENT	POINTER_NOT_A_FRAME_ADDRESS_OR_BUFFER	UNKNOWN_ARGUMENT:POINTER_NOT_A_FRAME_ADDRESS_OR_BUFFER
Newtonsoft.Json.Utilities.DictionaryWrapper`2::TryGetValue	System.Collections.Generic.IDictionary`2<TKey, TValue>::TryGetValue	invoker_method	v107 @ X0_v16 (System.Collections.Generic.IDictionary`2<TKey, TValue>)	Type: Il2CppClass<System.Collections.Generic.IDictionary`2<TKey, TValue>>	1	value @ X2 (TValue&)		UNKNOWN_ARGUMENT	POINTER_NOT_A_FRAME_ADDRESS_OR_BUFFER	UNKNOWN_ARGUMENT:POINTER_NOT_A_FRAME_ADDRESS_OR_BUFFER
Newtonsoft.Json.Utilities.DictionaryWrapper`2::set_Item	System.Collections.Generic.IDictionary`2<TKey, TValue>::set_Item	invoker_method	v109 @ X0_v14 (System.Collections.Generic.IDictionary`2<TKey, TValue>)	Type: Il2CppClass<System.Collections.Generic.IDictionary`2<TKey, TValue>>	0	v414 @ X20_v5		UNKNOWN_ARGUMENT	POINTER_NOT_A_FRAME_ADDRESS_OR_BUFFER	UNKNOWN_ARGUMENT:POINTER_NOT_A_FRAME_ADDRESS_OR_BUFFER
Newtonsoft.Json.Utilities.DictionaryWrapper`2::set_Item	System.Collections.Generic.IDictionary`2<TKey, TValue>::set_Item	invoker_method	v109 @ X0_v14 (System.Collections.Generic.IDictionary`2<TKey, TValue>)	Type: Il2CppClass<System.Collections.Generic.IDictionary`2<TKey, TValue>>	1	v449 @ X19_v8		UNKNOWN_ARGUMENT	POINTER_NOT_A_FRAME_ADDRESS_OR_BUFFER	UNKNOWN_ARGUMENT:POINTER_NOT_A_FRAME_ADDRESS_OR_BUFFER
Newtonsoft.Json.Utilities.DictionaryWrapper`2::Add	System.Collections.Generic.ICollection`1<System.Collections.Generic.KeyValuePair`2<TKey, TValue>>::Add	invoker_method	v51._genericDictionary (System.Collections.Generic.IDictionary`2<TKey, TValue>)	Type: Il2CppClass<System.Collections.Generic.ICollection`1<System.Collections.Generic.KeyValuePair`2<TKey, TValue>>>	0	v62 @ X19_v2		UNKNOWN_ARGUMENT	POINTER_NOT_A_FRAME_ADDRESS_OR_BUFFER	UNKNOWN_ARGUMENT:POINTER_NOT_A_FRAME_ADDRESS_OR_BUFFER
Newtonsoft.Json.Utilities.DictionaryWrapper`2::Contains	System.Collections.Generic.ICollection`1<System.Collections.Generic.KeyValuePair`2<TKey, TValue>>::Contains	invoker_method	v296 @ X2_v2 (System.Collections.Generic.IDictionary`2<TKey, TValue>)	Type: Il2CppClass<System.Collections.Generic.ICollection`1<System.Collections.Generic.KeyValuePair`2<TKey, TValue>>>	0			UNKNOWN_ARGUMENT	ARGS_NOT_A_FRAME_ADDRESS	UNKNOWN_ARGUMENT:ARGS_NOT_A_FRAME_ADDRESS
Newtonsoft.Json.Utilities.DictionaryWrapper`2::Remove	System.Collections.Generic.ICollection`1<System.Collections.Generic.KeyValuePair`2<TKey, TValue>>::Remove	invoker_method	v110 @ X0_v15 (System.Collections.Generic.IDictionary`2<TKey, TValue>)	Type: Il2CppClass<System.Collections.Generic.ICollection`1<System.Collections.Generic.KeyValuePair`2<TKey, TValue>>>	0	v80 @ X24_v1	T buffer	BUFFER	T_BUFFER	UNKNOWN_RETURN
Newtonsoft.Json.Utilities.DictionaryWrapper`2::System.Collections.IDictionary.Add	System.Collections.Generic.IDictionary`2<TKey, TValue>::Add	invoker_method	v127 @ X0_v14 (System.Collections.Generic.IDictionary`2<TKey, TValue>)	Type: Il2CppClass<System.Collections.Generic.IDictionary`2<TKey, TValue>>	0	v167 @ X0_v17		UNKNOWN_ARGUMENT	POINTER_NOT_A_FRAME_ADDRESS_OR_BUFFER	UNKNOWN_ARGUMENT:POINTER_NOT_A_FRAME_ADDRESS_OR_BUFFER
Newtonsoft.Json.Utilities.DictionaryWrapper`2::System.Collections.IDictionary.Add	System.Collections.Generic.IDictionary`2<TKey, TValue>::Add	invoker_method	v127 @ X0_v14 (System.Collections.Generic.IDictionary`2<TKey, TValue>)	Type: Il2CppClass<System.Collections.Generic.IDictionary`2<TKey, TValue>>	1	v278 @ X0_v20		UNKNOWN_ARGUMENT	POINTER_NOT_A_FRAME_ADDRESS_OR_BUFFER	UNKNOWN_ARGUMENT:POINTER_NOT_A_FRAME_ADDRESS_OR_BUFFER
Newtonsoft.Json.Utilities.DictionaryWrapper`2::System.Collections.IDictionary.set_Item	System.Collections.Generic.IDictionary`2<TKey, TValue>::set_Item	invoker_method	v127 @ X0_v14 (System.Collections.Generic.IDictionary`2<TKey, TValue>)	Type: Il2CppClass<System.Collections.Generic.IDictionary`2<TKey, TValue>>	0	v167 @ X0_v17		UNKNOWN_ARGUMENT	POINTER_NOT_A_FRAME_ADDRESS_OR_BUFFER	UNKNOWN_ARGUMENT:POINTER_NOT_A_FRAME_ADDRESS_OR_BUFFER
Newtonsoft.Json.Utilities.DictionaryWrapper`2::System.Collections.IDictionary.set_Item	System.Collections.Generic.IDictionary`2<TKey, TValue>::set_Item	invoker_method	v127 @ X0_v14 (System.Collections.Generic.IDictionary`2<TKey, TValue>)	Type: Il2CppClass<System.Collections.Generic.IDictionary`2<TKey, TValue>>	1	v278 @ X0_v20		UNKNOWN_ARGUMENT	POINTER_NOT_A_FRAME_ADDRESS_OR_BUFFER	UNKNOWN_ARGUMENT:POINTER_NOT_A_FRAME_ADDRESS_OR_BUFFER
Newtonsoft.Json.Utilities.DictionaryWrapper`2::Remove	System.Collections.Generic.IDictionary`2<TKey, TValue>::Remove	invoker_method	v115 @ X0_v14 (System.Collections.Generic.IDictionary`2<TKey, TValue>)	Type: Il2CppClass<System.Collections.Generic.IDictionary`2<TKey, TValue>>	0	v155 @ X0_v17		UNKNOWN_ARGUMENT	POINTER_NOT_A_FRAME_ADDRESS_OR_BUFFER	UNKNOWN_ARGUMENT:POINTER_NOT_A_FRAME_ADDRESS_OR_BUFFER
Sirenix.Serialization.Utilities.LinqExtensions+<Append>d__2`1::MoveNext	System.Collections.Generic.IEnumerator`1<T>::get_Current	invoker_method		Type: Il2CppClass<System.Collections.Generic.IEnumerator`1<T>>	-1			-	NO_ARGUMENTS	REWRITTEN
Sirenix.Serialization.Utilities.LinqExtensions+<Append>d__2`1::MoveNext	System.Collections.Generic.IEnumerator`1<T>::get_Current	invoker_method		Type: Il2CppClass<System.Collections.Generic.IEnumerator`1<T>>	-1			-	NO_ARGUMENTS	REWRITTEN
Sirenix.Serialization.Utilities.LinqExtensions::ForEach	System.Collections.Generic.IEnumerator`1<T>::get_Current	invoker_method		Type: Il2CppClass<System.Collections.Generic.IEnumerator`1<T>>	-1			-	NO_ARGUMENTS	REWRITTEN
Sirenix.Serialization.Utilities.ImmutableList`1::System.Collections.IList.Contains	System.Collections.Generic.ICollection`1<T>::Contains	invoker_method	v35 @ X19_v1 (System.Collections.Generic.IList`1<T>)	Type: Il2CppClass<System.Collections.Generic.ICollection`1<T>>	0	v60 @ X0_v3		UNKNOWN_ARGUMENT	POINTER_NOT_A_FRAME_ADDRESS_OR_BUFFER	UNKNOWN_ARGUMENT:POINTER_NOT_A_FRAME_ADDRESS_OR_BUFFER
Sirenix.Serialization.Utilities.ImmutableList`1::System.Collections.Generic.IList<T>.get_Item	System.Collections.Generic.IList`1<T>::get_Item	invoker_method		Type: Il2CppClass<System.Collections.Generic.IList`1<T>>	0	&v63 @ stack_-4C_v2 (System.Int32)	v63 @ stack_-4C_v2 (System.Int32)	EXACT	FRAME_SLOT	REWRITTEN
Sirenix.Serialization.Utilities.ImmutableList`1::get_Item	System.Collections.Generic.IList`1<T>::get_Item	invoker_method		Type: Il2CppClass<System.Collections.Generic.IList`1<T>>	0	&v63 @ stack_-4C_v2 (System.Int32)	v63 @ stack_-4C_v2 (System.Int32)	EXACT	FRAME_SLOT	REWRITTEN
Sirenix.Serialization.Utilities.ImmutableList`1::System.Collections.IList.IndexOf	System.Collections.Generic.IList`1<T>::IndexOf	invoker_method	v35 @ X19_v1 (System.Collections.Generic.IList`1<T>)	Type: Il2CppClass<System.Collections.Generic.IList`1<T>>	0	v60 @ X0_v3		UNKNOWN_ARGUMENT	POINTER_NOT_A_FRAME_ADDRESS_OR_BUFFER	UNKNOWN_ARGUMENT:POINTER_NOT_A_FRAME_ADDRESS_OR_BUFFER
Sirenix.Serialization.Utilities.ImmutableList`1::Contains	System.Collections.Generic.ICollection`1<T>::Contains	invoker_method	v34 @ X19_v1 (System.Collections.Generic.IList`1<T>)	Type: Il2CppClass<System.Collections.Generic.ICollection`1<T>>	0	v128 @ X20_v3	T buffer	BUFFER	T_BUFFER	UNKNOWN_RETURN
Sirenix.Serialization.Utilities.LinqExtensions::ForEach	System.Collections.Generic.IEnumerator`1<T>::get_Current	invoker_method		Type: Il2CppClass<System.Collections.Generic.IEnumerator`1<T>>	-1			-	NO_ARGUMENTS	REWRITTEN
Sirenix.Serialization.Utilities.ImmutableList`1::IndexOf	System.Collections.Generic.IList`1<T>::IndexOf	invoker_method	v34 @ X19_v1 (System.Collections.Generic.IList`1<T>)	Type: Il2CppClass<System.Collections.Generic.IList`1<T>>	0	v128 @ X20_v3	T buffer	BUFFER	T_BUFFER	UNKNOWN_RETURN
Sirenix.Serialization.ComplexTypeSerializer`1::ReadValue	Sirenix.Serialization.IFormatter`1<T>::Deserialize	invoker_method	v2985 @ X0_v396 (Sirenix.Serialization.IFormatter`1<T>)	Type: Il2CppClass<Sirenix.Serialization.IFormatter`1<T>>	0	reader @ X1 (Sirenix.Serialization.IDataReader)		UNKNOWN_ARGUMENT	POINTER_NOT_A_FRAME_ADDRESS_OR_BUFFER	UNKNOWN_ARGUMENT:POINTER_NOT_A_FRAME_ADDRESS_OR_BUFFER
Sirenix.Serialization.ComplexTypeSerializer`1::ReadValue	Sirenix.Serialization.IFormatter`1<T>::Deserialize	invoker_method	v4286 @ X0_v446 (Sirenix.Serialization.IFormatter`1<T>)	Type: Il2CppClass<Sirenix.Serialization.IFormatter`1<T>>	0	reader @ X1 (Sirenix.Serialization.IDataReader)		UNKNOWN_ARGUMENT	POINTER_NOT_A_FRAME_ADDRESS_OR_BUFFER	UNKNOWN_ARGUMENT:POINTER_NOT_A_FRAME_ADDRESS_OR_BUFFER
Sirenix.Serialization.ComplexTypeSerializer`1::ReadValue	Sirenix.Serialization.IFormatter`1<T>::Deserialize	invoker_method	v6359 @ X0_v570 (Sirenix.Serialization.IFormatter`1<T>)	Type: Il2CppClass<Sirenix.Serialization.IFormatter`1<T>>	0	reader @ X1 (Sirenix.Serialization.IDataReader)		UNKNOWN_ARGUMENT	POINTER_NOT_A_FRAME_ADDRESS_OR_BUFFER	UNKNOWN_ARGUMENT:POINTER_NOT_A_FRAME_ADDRESS_OR_BUFFER
Sirenix.Serialization.ComplexTypeSerializer`1::WriteValue	Sirenix.Serialization.IFormatter`1<T>::Serialize	invoker_method	v2237 @ X0_v277 (Sirenix.Serialization.IFormatter`1<T>)	Type: Il2CppClass<Sirenix.Serialization.IFormatter`1<T>>	0	v73 @ X23_v1 (System.String)		UNKNOWN_ARGUMENT	POINTER_NOT_A_FRAME_ADDRESS_OR_BUFFER	UNKNOWN_ARGUMENT:POINTER_NOT_A_FRAME_ADDRESS_OR_BUFFER
Sirenix.Serialization.ComplexTypeSerializer`1::WriteValue	Sirenix.Serialization.IFormatter`1<T>::Serialize	invoker_method	v2237 @ X0_v277 (Sirenix.Serialization.IFormatter`1<T>)	Type: Il2CppClass<Sirenix.Serialization.IFormatter`1<T>>	1	writer @ X3 (Sirenix.Serialization.IDataWriter)		UNKNOWN_ARGUMENT	POINTER_NOT_A_FRAME_ADDRESS_OR_BUFFER	UNKNOWN_ARGUMENT:POINTER_NOT_A_FRAME_ADDRESS_OR_BUFFER
Sirenix.Utilities.LinqExtensions+<PrependWith>d__7`1::MoveNext	System.Collections.Generic.IEnumerator`1<T>::get_Current	invoker_method	v269 @ X23_v11	Type: Il2CppClass<System.Collections.Generic.IEnumerator`1<T>>	-1			-	NO_ARGUMENTS	UNKNOWN_RETURN
Sirenix.Utilities.LinqExtensions+<PrependWith>d__8`1::MoveNext	System.Collections.Generic.IEnumerator`1<T>::get_Current	invoker_method	v269 @ X23_v10	Type: Il2CppClass<System.Collections.Generic.IEnumerator`1<T>>	-1			-	NO_ARGUMENTS	UNKNOWN_RETURN
Sirenix.Utilities.LinqExtensions+<PrependWith>d__9`1::MoveNext	System.Collections.Generic.IEnumerator`1<T>::get_Current	invoker_method		Type: Il2CppClass<System.Collections.Generic.IEnumerator`1<T>>	-1			-	NO_ARGUMENTS	REWRITTEN
Sirenix.Utilities.LinqExtensions+<PrependWith>d__9`1::MoveNext	System.Collections.Generic.IEnumerator`1<T>::get_Current	invoker_method		Type: Il2CppClass<System.Collections.Generic.IEnumerator`1<T>>	-1			-	NO_ARGUMENTS	REWRITTEN
Sirenix.Utilities.LinqExtensions+<Examine>d__0`1::MoveNext	System.Collections.Generic.IEnumerator`1<T>::get_Current	invoker_method		Type: Il2CppClass<System.Collections.Generic.IEnumerator`1<T>>	-1			-	NO_ARGUMENTS	REWRITTEN
Sirenix.Utilities.LinqExtensions+<PrependIf>d__10`1::MoveNext	System.Collections.Generic.IEnumerator`1<T>::get_Current	invoker_method	v262 @ X23_v11	Type: Il2CppClass<System.Collections.Generic.IEnumerator`1<T>>	-1			-	NO_ARGUMENTS	UNKNOWN_RETURN
Sirenix.Utilities.LinqExtensions+<PrependIf>d__11`1::MoveNext	System.Collections.Generic.IEnumerator`1<T>::get_Current	invoker_method	v259 @ X23_v10	Type: Il2CppClass<System.Collections.Generic.IEnumerator`1<T>>	-1			-	NO_ARGUMENTS	UNKNOWN_RETURN
Sirenix.Utilities.LinqExtensions+<AppendWith>d__21`1::MoveNext	System.Collections.Generic.IEnumerator`1<T>::get_Current	invoker_method		Type: Il2CppClass<System.Collections.Generic.IEnumerator`1<T>>	-1			-	NO_ARGUMENTS	REWRITTEN
Sirenix.Utilities.LinqExtensions+<AppendWith>d__21`1::MoveNext	System.Collections.Generic.IEnumerator`1<T>::get_Current	invoker_method		Type: Il2CppClass<System.Collections.Generic.IEnumerator`1<T>>	-1			-	NO_ARGUMENTS	REWRITTEN
Sirenix.Utilities.LinqExtensions::ForEach	System.Collections.Generic.IEnumerator`1<T>::get_Current	invoker_method		Type: Il2CppClass<System.Collections.Generic.IEnumerator`1<T>>	-1			-	NO_ARGUMENTS	REWRITTEN
Sirenix.Utilities.LinqExtensions::ForEach	System.Collections.Generic.IEnumerator`1<T>::get_Current	invoker_method		Type: Il2CppClass<System.Collections.Generic.IEnumerator`1<T>>	-1			-	NO_ARGUMENTS	REWRITTEN
Sirenix.Utilities.ImmutableList`1::System.Collections.Generic.IList<T>.get_Item	System.Collections.Generic.IList`1<T>::get_Item	invoker_method		Type: Il2CppClass<System.Collections.Generic.IList`1<T>>	0	&v63 @ stack_-4C_v2 (System.Int32)	v63 @ stack_-4C_v2 (System.Int32)	EXACT	FRAME_SLOT	REWRITTEN
Sirenix.Utilities.ImmutableList`1::get_Item	System.Collections.Generic.IList`1<T>::get_Item	invoker_method		Type: Il2CppClass<System.Collections.Generic.IList`1<T>>	0	&v63 @ stack_-4C_v2 (System.Int32)	v63 @ stack_-4C_v2 (System.Int32)	EXACT	FRAME_SLOT	REWRITTEN
Sirenix.Utilities.ImmutableList`1::Contains	System.Collections.Generic.ICollection`1<T>::Contains	invoker_method	v34 @ X19_v1 (System.Collections.Generic.IList`1<T>)	Type: Il2CppClass<System.Collections.Generic.ICollection`1<T>>	0	v128 @ X20_v3	T buffer	BUFFER	T_BUFFER	UNKNOWN_RETURN
Sirenix.Utilities.LinqExtensions+<AppendIf>d__22`1::MoveNext	System.Collections.Generic.IEnumerator`1<T>::get_Current	invoker_method	v253 @ X23_v11	Type: Il2CppClass<System.Collections.Generic.IEnumerator`1<T>>	-1			-	NO_ARGUMENTS	UNKNOWN_RETURN
Sirenix.Utilities.ImmutableList`1::System.Collections.IList.Contains	System.Collections.Generic.ICollection`1<T>::Contains	invoker_method	v35 @ X19_v1 (System.Collections.Generic.IList`1<T>)	Type: Il2CppClass<System.Collections.Generic.ICollection`1<T>>	0	v60 @ X0_v3		UNKNOWN_ARGUMENT	POINTER_NOT_A_FRAME_ADDRESS_OR_BUFFER	UNKNOWN_ARGUMENT:POINTER_NOT_A_FRAME_ADDRESS_OR_BUFFER
Sirenix.Utilities.ImmutableList`1::System.Collections.IList.IndexOf	System.Collections.Generic.IList`1<T>::IndexOf	invoker_method	v35 @ X19_v1 (System.Collections.Generic.IList`1<T>)	Type: Il2CppClass<System.Collections.Generic.IList`1<T>>	0	v60 @ X0_v3		UNKNOWN_ARGUMENT	POINTER_NOT_A_FRAME_ADDRESS_OR_BUFFER	UNKNOWN_ARGUMENT:POINTER_NOT_A_FRAME_ADDRESS_OR_BUFFER
Sirenix.Utilities.ImmutableList`1::IndexOf	System.Collections.Generic.IList`1<T>::IndexOf	invoker_method	v34 @ X19_v1 (System.Collections.Generic.IList`1<T>)	Type: Il2CppClass<System.Collections.Generic.IList`1<T>>	0	v128 @ X20_v3	T buffer	BUFFER	T_BUFFER	UNKNOWN_RETURN
Sirenix.Utilities.ListExtensions::SetLength	System.Collections.Generic.ICollection`1<T>::Add	invoker_method	v211 @ X25_v2 (System.Collections.Generic.IList`1<T>)	Type: Il2CppClass<System.Collections.Generic.ICollection`1<T>>	0	v61 @ X23_v1		UNKNOWN_ARGUMENT	POINTER_NOT_A_FRAME_ADDRESS_OR_BUFFER	UNKNOWN_ARGUMENT:POINTER_NOT_A_FRAME_ADDRESS_OR_BUFFER
Sirenix.Utilities.ListExtensions::SetLength	System.Collections.Generic.ICollection`1<T>::Add	invoker_method	v214 @ X24_v2 (System.Collections.Generic.IList`1<T>)	Type: Il2CppClass<System.Collections.Generic.ICollection`1<T>>	0	v60 @ X23_v1		UNKNOWN_ARGUMENT	POINTER_NOT_A_FRAME_ADDRESS_OR_BUFFER	UNKNOWN_ARGUMENT:POINTER_NOT_A_FRAME_ADDRESS_OR_BUFFER
Sirenix.Utilities.ListExtensions::SetLength	System.Collections.Generic.ICollection`1<T>::Add	invoker_method	list @ X0 (System.Collections.Generic.IList`1<T>)	Type: Il2CppClass<System.Collections.Generic.ICollection`1<T>>	0	v59 @ X23_v1		UNKNOWN_ARGUMENT	POINTER_NOT_A_FRAME_ADDRESS_OR_BUFFER	UNKNOWN_ARGUMENT:POINTER_NOT_A_FRAME_ADDRESS_OR_BUFFER
Sirenix.Utilities.ListExtensions::SetLength	System.Collections.Generic.ICollection`1<T>::Add	invoker_method	list @ X0 (System.Collections.Generic.IList`1<T>)	Type: Il2CppClass<System.Collections.Generic.ICollection`1<T>>	0	v58 @ X23_v1		UNKNOWN_ARGUMENT	POINTER_NOT_A_FRAME_ADDRESS_OR_BUFFER	UNKNOWN_ARGUMENT:POINTER_NOT_A_FRAME_ADDRESS_OR_BUFFER
Sirenix.Utilities.LinqExtensions+<PrependIf>d__12`1::MoveNext	System.Collections.Generic.IEnumerator`1<T>::get_Current	invoker_method		Type: Il2CppClass<System.Collections.Generic.IEnumerator`1<T>>	-1			-	NO_ARGUMENTS	REWRITTEN
Sirenix.Utilities.LinqExtensions+<PrependIf>d__12`1::MoveNext	System.Collections.Generic.IEnumerator`1<T>::get_Current	invoker_method		Type: Il2CppClass<System.Collections.Generic.IEnumerator`1<T>>	-1			-	NO_ARGUMENTS	REWRITTEN
Sirenix.Utilities.LinqExtensions::AddRange	System.Collections.Generic.IEnumerator`1<T>::get_Current	invoker_method		Type: Il2CppClass<System.Collections.Generic.IEnumerator`1<T>>	-1			-	NO_ARGUMENTS	REWRITTEN
Sirenix.Utilities.LinqExtensions+<AppendIf>d__23`1::MoveNext	System.Collections.Generic.IEnumerator`1<T>::get_Current	invoker_method	v250 @ X23_v10	Type: Il2CppClass<System.Collections.Generic.IEnumerator`1<T>>	-1			-	NO_ARGUMENTS	UNKNOWN_RETURN
Sirenix.Utilities.LinqExtensions::Populate	System.Collections.Generic.IList`1<T>::set_Item	invoker_method	list @ X0 (System.Collections.Generic.IList`1<T>)	Type: Il2CppClass<System.Collections.Generic.IList`1<T>>	0	&v86 @ stack_-6C		UNKNOWN_ARGUMENT	NO_STORE_REACHES_THE_VALUE_SLOT	UNKNOWN_ARGUMENT:NO_STORE_REACHES_THE_VALUE_SLOT
Sirenix.Utilities.LinqExtensions::Populate	System.Collections.Generic.IList`1<T>::set_Item	invoker_method	list @ X0 (System.Collections.Generic.IList`1<T>)	Type: Il2CppClass<System.Collections.Generic.IList`1<T>>	1	v64 @ X23_v1		UNKNOWN_ARGUMENT	POINTER_NOT_A_FRAME_ADDRESS_OR_BUFFER	UNKNOWN_ARGUMENT:NO_STORE_REACHES_THE_VALUE_SLOT
Sirenix.Utilities.LinqExtensions::AddRange	System.Collections.Generic.IEnumerator`1<T>::get_Current	invoker_method	v250 @ X0_v46 (System.Collections.IEnumerator)	Type: Il2CppClass<System.Collections.Generic.IEnumerator`1<T>>	-1			-	NO_ARGUMENTS	UNKNOWN_RETURN
Sirenix.Utilities.LinqExtensions::AddRange	System.Collections.Generic.ICollection`1<T>::Add	invoker_method	list @ X0 (System.Collections.Generic.IList`1<T>)	Type: Il2CppClass<System.Collections.Generic.ICollection`1<T>>	0	v72 @ X24_v1 (System.Collections.Generic.List`1<T>)		UNKNOWN_ARGUMENT	POINTER_NOT_A_FRAME_ADDRESS_OR_BUFFER	UNKNOWN_ARGUMENT:POINTER_NOT_A_FRAME_ADDRESS_OR_BUFFER
Sirenix.Utilities.LinqExtensions::Sort	System.Collections.Generic.IList`1<T>::set_Item	invoker_method	list @ X0 (System.Collections.Generic.IList`1<T>)	Type: Il2CppClass<System.Collections.Generic.IList`1<T>>	0	&v266 @ stack_-5C		UNKNOWN_ARGUMENT	NO_STORE_REACHES_THE_VALUE_SLOT	UNKNOWN_ARGUMENT:NO_STORE_REACHES_THE_VALUE_SLOT
Sirenix.Utilities.LinqExtensions::Sort	System.Collections.Generic.IList`1<T>::set_Item	invoker_method	list @ X0 (System.Collections.Generic.IList`1<T>)	Type: Il2CppClass<System.Collections.Generic.IList`1<T>>	1	v59 @ X21_v1		UNKNOWN_ARGUMENT	POINTER_NOT_A_FRAME_ADDRESS_OR_BUFFER	UNKNOWN_ARGUMENT:NO_STORE_REACHES_THE_VALUE_SLOT
Sirenix.Utilities.LinqExtensions::Sort	System.Collections.Generic.IList`1<T>::set_Item	invoker_method	list @ X0 (System.Collections.Generic.IList`1<T>)	Type: Il2CppClass<System.Collections.Generic.IList`1<T>>	0	&v266 @ stack_-5C		UNKNOWN_ARGUMENT	NO_STORE_REACHES_THE_VALUE_SLOT	UNKNOWN_ARGUMENT:NO_STORE_REACHES_THE_VALUE_SLOT
Sirenix.Utilities.LinqExtensions::Sort	System.Collections.Generic.IList`1<T>::set_Item	invoker_method	list @ X0 (System.Collections.Generic.IList`1<T>)	Type: Il2CppClass<System.Collections.Generic.IList`1<T>>	1	v58 @ X21_v1		UNKNOWN_ARGUMENT	POINTER_NOT_A_FRAME_ADDRESS_OR_BUFFER	UNKNOWN_ARGUMENT:NO_STORE_REACHES_THE_VALUE_SLOT
Sirenix.Utilities.LinqExtensions+<PrependIf>d__13`1::MoveNext	System.Collections.Generic.IEnumerator`1<T>::get_Current	invoker_method	v263 @ X23_v12	Type: Il2CppClass<System.Collections.Generic.IEnumerator`1<T>>	-1			-	NO_ARGUMENTS	UNKNOWN_RETURN
Sirenix.Utilities.LinqExtensions+<AppendIf>d__24`1::MoveNext	System.Collections.Generic.IEnumerator`1<T>::get_Current	invoker_method		Type: Il2CppClass<System.Collections.Generic.IEnumerator`1<T>>	-1			-	NO_ARGUMENTS	REWRITTEN
Sirenix.Utilities.LinqExtensions+<AppendIf>d__24`1::MoveNext	System.Collections.Generic.IEnumerator`1<T>::get_Current	invoker_method		Type: Il2CppClass<System.Collections.Generic.IEnumerator`1<T>>	-1			-	NO_ARGUMENTS	REWRITTEN
Sirenix.Utilities.LinqExtensions+<PrependIf>d__14`1::MoveNext	System.Collections.Generic.IEnumerator`1<T>::get_Current	invoker_method	v261 @ X23_v11	Type: Il2CppClass<System.Collections.Generic.IEnumerator`1<T>>	-1			-	NO_ARGUMENTS	UNKNOWN_RETURN
Sirenix.Utilities.LinqExtensions+<AppendIf>d__25`1::MoveNext	System.Collections.Generic.IEnumerator`1<T>::get_Current	invoker_method	v253 @ X23_v12	Type: Il2CppClass<System.Collections.Generic.IEnumerator`1<T>>	-1			-	NO_ARGUMENTS	UNKNOWN_RETURN
Sirenix.Utilities.LinqExtensions+<PrependIf>d__15`1::MoveNext	System.Collections.Generic.IEnumerator`1<T>::get_Current	invoker_method		Type: Il2CppClass<System.Collections.Generic.IEnumerator`1<T>>	-1			-	NO_ARGUMENTS	REWRITTEN
Sirenix.Utilities.LinqExtensions+<PrependIf>d__15`1::MoveNext	System.Collections.Generic.IEnumerator`1<T>::get_Current	invoker_method		Type: Il2CppClass<System.Collections.Generic.IEnumerator`1<T>>	-1			-	NO_ARGUMENTS	REWRITTEN
Sirenix.Utilities.LinqExtensions+<AppendIf>d__26`1::MoveNext	System.Collections.Generic.IEnumerator`1<T>::get_Current	invoker_method	v250 @ X23_v11	Type: Il2CppClass<System.Collections.Generic.IEnumerator`1<T>>	-1			-	NO_ARGUMENTS	UNKNOWN_RETURN
Sirenix.Serialization.DictionaryKeyUtility+KeyComparer`1::Compare	System.Collections.Generic.IComparer`1<T>::Compare	invoker_method	v46 @ X19_v1 (System.Collections.Generic.IComparer`1<T>)	Type: Il2CppClass<System.Collections.Generic.IComparer`1<T>>	0	v169 @ X20_v3	T buffer	BUFFER	T_BUFFER	UNKNOWN_RETURN
Sirenix.Serialization.DictionaryKeyUtility+KeyComparer`1::Compare	System.Collections.Generic.IComparer`1<T>::Compare	invoker_method	v46 @ X19_v1 (System.Collections.Generic.IComparer`1<T>)	Type: Il2CppClass<System.Collections.Generic.IComparer`1<T>>	1	v165 @ X21_v3	T buffer	BUFFER	T_BUFFER	UNKNOWN_RETURN
Sirenix.Utilities.LinqExtensions+<PrependIf>d__16`1::MoveNext	System.Collections.Generic.IEnumerator`1<T>::get_Current	invoker_method	v281 @ X23_v12	Type: Il2CppClass<System.Collections.Generic.IEnumerator`1<T>>	-1			-	NO_ARGUMENTS	UNKNOWN_RETURN
Sirenix.Utilities.LinqExtensions+<AppendIf>d__27`1::MoveNext	System.Collections.Generic.IEnumerator`1<T>::get_Current	invoker_method		Type: Il2CppClass<System.Collections.Generic.IEnumerator`1<T>>	-1			-	NO_ARGUMENTS	REWRITTEN
Sirenix.Utilities.LinqExtensions+<AppendIf>d__27`1::MoveNext	System.Collections.Generic.IEnumerator`1<T>::get_Current	invoker_method		Type: Il2CppClass<System.Collections.Generic.IEnumerator`1<T>>	-1			-	NO_ARGUMENTS	REWRITTEN
Sirenix.Utilities.LinqExtensions+<PrependIf>d__17`1::MoveNext	System.Collections.Generic.IEnumerator`1<T>::get_Current	invoker_method	v281 @ X23_v11	Type: Il2CppClass<System.Collections.Generic.IEnumerator`1<T>>	-1			-	NO_ARGUMENTS	UNKNOWN_RETURN
Sirenix.Utilities.LinqExtensions+<PrependIf>d__18`1::MoveNext	System.Collections.Generic.IEnumerator`1<T>::get_Current	invoker_method		Type: Il2CppClass<System.Collections.Generic.IEnumerator`1<T>>	-1			-	NO_ARGUMENTS	REWRITTEN
Sirenix.Utilities.LinqExtensions+<PrependIf>d__18`1::MoveNext	System.Collections.Generic.IEnumerator`1<T>::get_Current	invoker_method		Type: Il2CppClass<System.Collections.Generic.IEnumerator`1<T>>	-1			-	NO_ARGUMENTS	REWRITTEN
Sirenix.Utilities.LinqExtensions+<AppendWith>d__19`1::MoveNext	System.Collections.Generic.IEnumerator`1<T>::get_Current	invoker_method	v232 @ X23_v10	Type: Il2CppClass<System.Collections.Generic.IEnumerator`1<T>>	-1			-	NO_ARGUMENTS	UNKNOWN_RETURN
Sirenix.Utilities.LinqExtensions+<AppendWith>d__20`1::MoveNext	System.Collections.Generic.IEnumerator`1<T>::get_Current	invoker_method	v230 @ X23_v9	Type: Il2CppClass<System.Collections.Generic.IEnumerator`1<T>>	-1			-	NO_ARGUMENTS	UNKNOWN_RETURN
