Newtonsoft.Json.Utilities.CollectionWrapper`1::Add	System.Collections.Generic.ICollection`1<T>::Add	invoker_method	this._genericCollection (System.Collections.Generic.ICollection`1<T>)	Type: Il2CppClass<System.Collections.Generic.ICollection`1<T>>	0	v133 @ X19_v8		UNKNOWN_ARGUMENT	POINTER_NOT_A_FRAME_ADDRESS_OR_BUFFER	UNKNOWN_ARGUMENT:POINTER_NOT_A_FRAME_ADDRESS_OR_BUFFER
Newtonsoft.Json.Utilities.CollectionWrapper`1::Contains	System.Collections.Generic.ICollection`1<T>::Contains	invoker_method	this._genericCollection (System.Collections.Generic.ICollection`1<T>)	Type: Il2CppClass<System.Collections.Generic.ICollection`1<T>>	0	v132 @ X19_v8		UNKNOWN_ARGUMENT	POINTER_NOT_A_FRAME_ADDRESS_OR_BUFFER	UNKNOWN_ARGUMENT:POINTER_NOT_A_FRAME_ADDRESS_OR_BUFFER
Newtonsoft.Json.Utilities.CollectionWrapper`1::Remove	System.Collections.Generic.ICollection`1<T>::Remove	invoker_method	this._genericCollection (System.Collections.Generic.ICollection`1<T>)	Type: Il2CppClass<System.Collections.Generic.ICollection`1<T>>	0	v135 @ X19_v7		UNKNOWN_ARGUMENT	POINTER_NOT_A_FRAME_ADDRESS_OR_BUFFER	UNKNOWN_ARGUMENT:POINTER_NOT_A_FRAME_ADDRESS_OR_BUFFER
Newtonsoft.Json.Utilities.DictionaryWrapper`2+DictionaryEnumerator`2::get_Current	System.Collections.Generic.IEnumerator`1<System.Collections.Generic.KeyValuePair`2<TEnumeratorKey, TEnumeratorValue>>::get_Current	invoker_method	v136 @ X27_v1 (System.Collections.Generic.IEnumerator`1<System.Collections.Generic.KeyValuePair`2<TEnumeratorKey, TEnumeratorValue>>)	v368 @ X1_v22 (Il2CppClass<System.Collections.Generic.IEnumerator`1<System.Collections.Generic.KeyValuePair`2<TEnumeratorKey, TEnumeratorValue>>>)	-1			-	NO_ARGUMENTS	UNKNOWN_RETURN
Newtonsoft.Json.Utilities.DictionaryWrapper`2+DictionaryEnumerator`2::get_Current	System.Collections.Generic.IEnumerator`1<System.Collections.Generic.KeyValuePair`2<TEnumeratorKey, TEnumeratorValue>>::get_Current	invoker_method	v200 @ X23_v4 (System.Collections.Generic.IEnumerator`1<System.Collections.Generic.KeyValuePair`2<TEnumeratorKey, TEnumeratorValue>>)	v533 @ X1_v15 (Il2CppClass<System.Collections.Generic.IEnumerator`1<System.Collections.Generic.KeyValuePair`2<TEnumeratorKey, TEnumeratorValue>>>)	-1			-	NO_ARGUMENTS	UNKNOWN_RETURN
Newtonsoft.Json.Utilities.DictionaryWrapper`2::Add	System.Collections.Generic.IDictionary`2<TKey, TValue>::Add	invoker_method	this._genericDictionary (System.Collections.Generic.IDictionary`2<TKey, TValue>)	Type: Il2CppClass<System.Collections.Generic.IDictionary`2<TKey, TValue>>	0	v509 @ X12_v6		UNKNOWN_ARGUMENT	POINTER_NOT_A_FRAME_ADDRESS_OR_BUFFER	UNKNOWN_ARGUMENT:POINTER_NOT_A_FRAME_ADDRESS_OR_BUFFER
Newtonsoft.Json.Utilities.DictionaryWrapper`2::Add	System.Collections.Generic.IDictionary`2<TKey, TValue>::Add	invoker_method	this._genericDictionary (System.Collections.Generic.IDictionary`2<TKey, TValue>)	Type: Il2CppClass<System.Collections.Generic.IDictionary`2<TKey, TValue>>	1	v79 @ X19_v2		UNKNOWN_ARGUMENT	POINTER_NOT_A_FRAME_ADDRESS_OR_BUFFER	UNKNOWN_ARGUMENT:POINTER_NOT_A_FRAME_ADDRESS_OR_BUFFER
Newtonsoft.Json.Utilities.DictionaryWrapper`2::Remove	System.Collections.Generic.IDictionary`2<TKey, TValue>::Remove	invoker_method	v92 @ X0_v16 (System.Collections.Generic.IDictionary`2<TKey, TValue>)	Type: Il2CppClass<System.Collections.Generic.IDictionary`2<TKey, TValue>>	0	v438 @ X19_v10		UNKNOWN_ARGUMENT	POINTER_NOT_A_FRAME_ADDRESS_OR_BUFFER	UNKNOWN_ARGUMENT:POINTER_NOT_A_FRAME_ADDRESS_OR_BUFFER
Newtonsoft.Json.Utilities.DictionaryWrapper`2::TryGetValue	System.Collections.Generic.IDictionary`2<TKey, TValue>::TryGetValue	invoker_method	v106 @ X0_v15 (System.Collections.Generic.IDictionary`2<TKey, TValue>)	Type: Il2CppClass<System.Collections.Generic.IDictionary`2<TKey, TValue>>	0	v486 @ X21_v7		UNKNOWN_ARGUMENT	POINTER_NOT_A_FRAME_ADDRESS_OR_BUFFER	UNKNOWN_ARGUMENT:POINTER_NOT_A_FRAME_ADDRESS_OR_BUFFER
Newtonsoft.Json.Utilities.DictionaryWrapper`2::TryGetValue	System.Collections.Generic.IDictionary`2<TKey, TValue>::TryGetValue	invoker_method	v106 @ X0_v15 (System.Collections.Generic.IDictionary`2<TKey, TValue>)	Type: Il2CppClass<System.Collections.Generic.IDictionary`2<TKey, TValue>>	1	v69 @ stack_-90_v2		UNKNOWN_ARGUMENT	POINTER_NOT_A_FRAME_ADDRESS_OR_BUFFER	UNKNOWN_ARGUMENT:POINTER_NOT_A_FRAME_ADDRESS_OR_BUFFER
Newtonsoft.Json.Utilities.DictionaryWrapper`2::set_Item	System.Collections.Generic.IDictionary`2<TKey, TValue>::set_Item	invoker_method	v106 @ X0_v15 (System.Collections.Generic.IDictionary`2<TKey, TValue>)	Type: Il2CppClass<System.Collections.Generic.IDictionary`2<TKey, TValue>>	0	v443 @ X20_v7		UNKNOWN_ARGUMENT	POINTER_NOT_A_FRAME_ADDRESS_OR_BUFFER	UNKNOWN_ARGUMENT:POINTER_NOT_A_FRAME_ADDRESS_OR_BUFFER
Newtonsoft.Json.Utilities.DictionaryWrapper`2::set_Item	System.Collections.Generic.IDictionary`2<TKey, TValue>::set_Item	invoker_method	v106 @ X0_v15 (System.Collections.Generic.IDictionary`2<TKey, TValue>)	Type: Il2CppClass<System.Collections.Generic.IDictionary`2<TKey, TValue>>	1	v492 @ X19_v9		UNKNOWN_ARGUMENT	POINTER_NOT_A_FRAME_ADDRESS_OR_BUFFER	UNKNOWN_ARGUMENT:POINTER_NOT_A_FRAME_ADDRESS_OR_BUFFER
Newtonsoft.Json.Utilities.DictionaryWrapper`2::Add	System.Collections.Generic.ICollection`1<System.Collections.Generic.KeyValuePair`2<TKey, TValue>>::Add	invoker_method	v292._genericDictionary (System.Collections.Generic.IDictionary`2<TKey, TValue>)	Type: Il2CppClass<System.Collections.Generic.ICollection`1<System.Collections.Generic.KeyValuePair`2<TKey, TValue>>>	0	v64 @ X19_v2		UNKNOWN_ARGUMENT	POINTER_NOT_A_FRAME_ADDRESS_OR_BUFFER	UNKNOWN_ARGUMENT:POINTER_NOT_A_FRAME_ADDRESS_OR_BUFFER
Newtonsoft.Json.Utilities.DictionaryWrapper`2::Contains	System.Collections.Generic.ICollection`1<System.Collections.Generic.KeyValuePair`2<TKey, TValue>>::Contains	invoker_method	v303 @ X2_v4 (System.Collections.Generic.IDictionary`2<TKey, TValue>)	Type: Il2CppClass<System.Collections.Generic.ICollection`1<System.Collections.Generic.KeyValuePair`2<TKey, TValue>>>	0			UNKNOWN_ARGUMENT	ARGS_NOT_A_FRAME_ADDRESS	UNKNOWN_ARGUMENT:ARGS_NOT_A_FRAME_ADDRESS
Newtonsoft.Json.Utilities.DictionaryWrapper`2::Remove	System.Collections.Generic.ICollection`1<System.Collections.Generic.KeyValuePair`2<TKey, TValue>>::Remove	invoker_method	v108 @ X0_v14 (System.Collections.Generic.IDictionary`2<TKey, TValue>)	Type: Il2CppClass<System.Collections.Generic.ICollection`1<System.Collections.Generic.KeyValuePair`2<TKey, TValue>>>	0	v78 @ X24_v1		UNKNOWN_ARGUMENT	POINTER_NOT_A_FRAME_ADDRESS_OR_BUFFER	UNKNOWN_ARGUMENT:POINTER_NOT_A_FRAME_ADDRESS_OR_BUFFER
Newtonsoft.Json.Utilities.DictionaryWrapper`2::System.Collections.IDictionary.Add	System.Collections.Generic.IDictionary`2<TKey, TValue>::Add	invoker_method	v127 @ X0_v14 (System.Collections.Generic.IDictionary`2<TKey, TValue>)	Type: Il2CppClass<System.Collections.Generic.IDictionary`2<TKey, TValue>>	0	v221 @ X0_v17		UNKNOWN_ARGUMENT	POINTER_NOT_A_FRAME_ADDRESS_OR_BUFFER	UNKNOWN_ARGUMENT:POINTER_NOT_A_FRAME_ADDRESS_OR_BUFFER
Newtonsoft.Json.Utilities.DictionaryWrapper`2::System.Collections.IDictionary.Add	System.Collections.Generic.IDictionary`2<TKey, TValue>::Add	invoker_method	v127 @ X0_v14 (System.Collections.Generic.IDictionary`2<TKey, TValue>)	Type: Il2CppClass<System.Collections.Generic.IDictionary`2<TKey, TValue>>	1	v317 @ X0_v20		UNKNOWN_ARGUMENT	POINTER_NOT_A_FRAME_ADDRESS_OR_BUFFER	UNKNOWN_ARGUMENT:POINTER_NOT_A_FRAME_ADDRESS_OR_BUFFER
Newtonsoft.Json.Utilities.DictionaryWrapper`2::System.Collections.IDictionary.set_Item	System.Collections.Generic.IDictionary`2<TKey, TValue>::set_Item	invoker_method	v127 @ X0_v14 (System.Collections.Generic.IDictionary`2<TKey, TValue>)	Type: Il2CppClass<System.Collections.Generic.IDictionary`2<TKey, TValue>>	0	v221 @ X0_v17		UNKNOWN_ARGUMENT	POINTER_NOT_A_FRAME_ADDRESS_OR_BUFFER	UNKNOWN_ARGUMENT:POINTER_NOT_A_FRAME_ADDRESS_OR_BUFFER
Newtonsoft.Json.Utilities.DictionaryWrapper`2::System.Collections.IDictionary.set_Item	System.Collections.Generic.IDictionary`2<TKey, TValue>::set_Item	invoker_method	v127 @ X0_v14 (System.Collections.Generic.IDictionary`2<TKey, TValue>)	Type: Il2CppClass<System.Collections.Generic.IDictionary`2<TKey, TValue>>	1	v317 @ X0_v20		UNKNOWN_ARGUMENT	POINTER_NOT_A_FRAME_ADDRESS_OR_BUFFER	UNKNOWN_ARGUMENT:POINTER_NOT_A_FRAME_ADDRESS_OR_BUFFER
Newtonsoft.Json.Utilities.DictionaryWrapper`2::Remove	System.Collections.Generic.IDictionary`2<TKey, TValue>::Remove	invoker_method	v115 @ X0_v14 (System.Collections.Generic.IDictionary`2<TKey, TValue>)	Type: Il2CppClass<System.Collections.Generic.IDictionary`2<TKey, TValue>>	0	v204 @ X0_v17		UNKNOWN_ARGUMENT	POINTER_NOT_A_FRAME_ADDRESS_OR_BUFFER	UNKNOWN_ARGUMENT:POINTER_NOT_A_FRAME_ADDRESS_OR_BUFFER
Newtonsoft.Json.Serialization.DefaultContractResolver+EnumerableDictionaryWrapper`2+<GetEnumerator>d__2::MoveNext	System.Collections.Generic.IEnumerator`1<System.Collections.Generic.KeyValuePair`2<TEnumeratorKey, TEnumeratorValue>>::get_Current	invoker_method	[this @ X0 (Newtonsoft.Json.Serialization.DefaultContractResolver+EnumerableDictionaryWrapper`2<TEnumeratorKey, TEnumeratorValue>+<GetEnumerator>d__2<TEnumeratorKey, TEnumeratorValue>)+30]	Type: Il2CppClass<System.Collections.Generic.IEnumerator`1<System.Collections.Generic.KeyValuePair`2<TEnumeratorKey, TEnumeratorValue>>>	-1			-	NO_ARGUMENTS	UNKNOWN_RETURN
FluidPhysicsCoupler::Shuffle	System.Collections.Generic.IList`1<T>::set_Item	invoker_method	list @ X1 (System.Collections.Generic.IList`1<T>)	Type: Il2CppClass<System.Collections.Generic.IList`1<T>>	0	&v415 @ stack_-7C_v4 (System.Int32)		UNKNOWN_ARGUMENT	NO_STORE_REACHES_THE_VALUE_SLOT	UNKNOWN_ARGUMENT:NO_STORE_REACHES_THE_VALUE_SLOT
FluidPhysicsCoupler::Shuffle	System.Collections.Generic.IList`1<T>::set_Item	invoker_method	list @ X1 (System.Collections.Generic.IList`1<T>)	Type: Il2CppClass<System.Collections.Generic.IList`1<T>>	1	v74 @ X26_v1		UNKNOWN_ARGUMENT	POINTER_NOT_A_FRAME_ADDRESS_OR_BUFFER	UNKNOWN_ARGUMENT:NO_STORE_REACHES_THE_VALUE_SLOT
FluidPhysicsCoupler::Shuffle	System.Collections.Generic.IList`1<T>::get_Item	invoker_method	list @ X1 (System.Collections.Generic.IList`1<T>)	Type: Il2CppClass<System.Collections.Generic.IList`1<T>>	0	&v415 @ stack_-7C_v4 (System.Int32)		UNKNOWN_ARGUMENT	NO_STORE_REACHES_THE_VALUE_SLOT	UNKNOWN_ARGUMENT:NO_STORE_REACHES_THE_VALUE_SLOT
FluidPhysicsCoupler::Shuffle	System.Collections.Generic.IList`1<T>::get_Item	invoker_method	list @ X1 (System.Collections.Generic.IList`1<T>)	Type: Il2CppClass<System.Collections.Generic.IList`1<T>>	0	&v415 @ stack_-7C_v4 (System.Int32)		UNKNOWN_ARGUMENT	NO_STORE_REACHES_THE_VALUE_SLOT	UNKNOWN_ARGUMENT:NO_STORE_REACHES_THE_VALUE_SLOT
FluidPhysicsCoupler::Shuffle	System.Collections.Generic.IList`1<T>::set_Item	invoker_method	list @ X1 (System.Collections.Generic.IList`1<T>)	Type: Il2CppClass<System.Collections.Generic.IList`1<T>>	0	&v415 @ stack_-7C_v4 (System.Int32)		UNKNOWN_ARGUMENT	NO_STORE_REACHES_THE_VALUE_SLOT	UNKNOWN_ARGUMENT:NO_STORE_REACHES_THE_VALUE_SLOT
FluidPhysicsCoupler::Shuffle	System.Collections.Generic.IList`1<T>::set_Item	invoker_method	list @ X1 (System.Collections.Generic.IList`1<T>)	Type: Il2CppClass<System.Collections.Generic.IList`1<T>>	1	v60 @ stack_-A0		UNKNOWN_ARGUMENT	POINTER_NOT_A_FRAME_ADDRESS_OR_BUFFER	UNKNOWN_ARGUMENT:NO_STORE_REACHES_THE_VALUE_SLOT
Newtonsoft.Json.Utilities.DictionaryWrapper`2+DictionaryEnumerator`2::get_Current	System.Collections.Generic.IEnumerator`1<System.Collections.Generic.KeyValuePair`2<TEnumeratorKey, TEnumeratorValue>>::get_Current	invoker_method	v136 @ X27_v1 (System.Collections.Generic.IEnumerator`1<System.Collections.Generic.KeyValuePair`2<TEnumeratorKey, TEnumeratorValue>>)	v368 @ X1_v22 (Il2CppClass<System.Collections.Generic.IEnumerator`1<System.Collections.Generic.KeyValuePair`2<TEnumeratorKey, TEnumeratorValue>>>)	-1			-	NO_ARGUMENTS	UNKNOWN_RETURN
Newtonsoft.Json.Utilities.DictionaryWrapper`2+DictionaryEnumerator`2::get_Current	System.Collections.Generic.IEnumerator`1<System.Collections.Generic.KeyValuePair`2<TEnumeratorKey, TEnumeratorValue>>::get_Current	invoker_method	v200 @ X23_v4 (System.Collections.Generic.IEnumerator`1<System.Collections.Generic.KeyValuePair`2<TEnumeratorKey, TEnumeratorValue>>)	v533 @ X1_v15 (Il2CppClass<System.Collections.Generic.IEnumerator`1<System.Collections.Generic.KeyValuePair`2<TEnumeratorKey, TEnumeratorValue>>>)	-1			-	NO_ARGUMENTS	UNKNOWN_RETURN
Newtonsoft.Json.Utilities.CollectionWrapper`1::Add	System.Collections.Generic.ICollection`1<T>::Add	invoker_method	this._genericCollection (System.Collections.Generic.ICollection`1<T>)	Type: Il2CppClass<System.Collections.Generic.ICollection`1<T>>	0	v133 @ X19_v8		UNKNOWN_ARGUMENT	POINTER_NOT_A_FRAME_ADDRESS_OR_BUFFER	UNKNOWN_ARGUMENT:POINTER_NOT_A_FRAME_ADDRESS_OR_BUFFER
Newtonsoft.Json.Utilities.CollectionWrapper`1::Contains	System.Collections.Generic.ICollection`1<T>::Contains	invoker_method	this._genericCollection (System.Collections.Generic.ICollection`1<T>)	Type: Il2CppClass<System.Collections.Generic.ICollection`1<T>>	0	v132 @ X19_v8		UNKNOWN_ARGUMENT	POINTER_NOT_A_FRAME_ADDRESS_OR_BUFFER	UNKNOWN_ARGUMENT:POINTER_NOT_A_FRAME_ADDRESS_OR_BUFFER
Newtonsoft.Json.Utilities.DictionaryWrapper`2::Add	System.Collections.Generic.IDictionary`2<TKey, TValue>::Add	invoker_method	this._genericDictionary (System.Collections.Generic.IDictionary`2<TKey, TValue>)	Type: Il2CppClass<System.Collections.Generic.IDictionary`2<TKey, TValue>>	0	v509 @ X12_v6		UNKNOWN_ARGUMENT	POINTER_NOT_A_FRAME_ADDRESS_OR_BUFFER	UNKNOWN_ARGUMENT:POINTER_NOT_A_FRAME_ADDRESS_OR_BUFFER
Newtonsoft.Json.Utilities.DictionaryWrapper`2::Add	System.Collections.Generic.IDictionary`2<TKey, TValue>::Add	invoker_method	this._genericDictionary (System.Collections.Generic.IDictionary`2<TKey, TValue>)	Type: Il2CppClass<System.Collections.Generic.IDictionary`2<TKey, TValue>>	1	v79 @ X19_v2		UNKNOWN_ARGUMENT	POINTER_NOT_A_FRAME_ADDRESS_OR_BUFFER	UNKNOWN_ARGUMENT:POINTER_NOT_A_FRAME_ADDRESS_OR_BUFFER
Newtonsoft.Json.Utilities.CollectionWrapper`1::Remove	System.Collections.Generic.ICollection`1<T>::Remove	invoker_method	this._genericCollection (System.Collections.Generic.ICollection`1<T>)	Type: Il2CppClass<System.Collections.Generic.ICollection`1<T>>	0	v135 @ X19_v7		UNKNOWN_ARGUMENT	POINTER_NOT_A_FRAME_ADDRESS_OR_BUFFER	UNKNOWN_ARGUMENT:POINTER_NOT_A_FRAME_ADDRESS_OR_BUFFER
Newtonsoft.Json.Utilities.DictionaryWrapper`2::Remove	System.Collections.Generic.IDictionary`2<TKey, TValue>::Remove	invoker_method	v92 @ X0_v16 (System.Collections.Generic.IDictionary`2<TKey, TValue>)	Type: Il2CppClass<System.Collections.Generic.IDictionary`2<TKey, TValue>>	0	v438 @ X19_v10		UNKNOWN_ARGUMENT	POINTER_NOT_A_FRAME_ADDRESS_OR_BUFFER	UNKNOWN_ARGUMENT:POINTER_NOT_A_FRAME_ADDRESS_OR_BUFFER
Newtonsoft.Json.Utilities.DictionaryWrapper`2::TryGetValue	System.Collections.Generic.IDictionary`2<TKey, TValue>::TryGetValue	invoker_method	v106 @ X0_v15 (System.Collections.Generic.IDictionary`2<TKey, TValue>)	Type: Il2CppClass<System.Collections.Generic.IDictionary`2<TKey, TValue>>	0	v486 @ X21_v7		UNKNOWN_ARGUMENT	POINTER_NOT_A_FRAME_ADDRESS_OR_BUFFER	UNKNOWN_ARGUMENT:POINTER_NOT_A_FRAME_ADDRESS_OR_BUFFER
Newtonsoft.Json.Utilities.DictionaryWrapper`2::TryGetValue	System.Collections.Generic.IDictionary`2<TKey, TValue>::TryGetValue	invoker_method	v106 @ X0_v15 (System.Collections.Generic.IDictionary`2<TKey, TValue>)	Type: Il2CppClass<System.Collections.Generic.IDictionary`2<TKey, TValue>>	1	v69 @ stack_-90_v2		UNKNOWN_ARGUMENT	POINTER_NOT_A_FRAME_ADDRESS_OR_BUFFER	UNKNOWN_ARGUMENT:POINTER_NOT_A_FRAME_ADDRESS_OR_BUFFER
Newtonsoft.Json.Utilities.DictionaryWrapper`2::set_Item	System.Collections.Generic.IDictionary`2<TKey, TValue>::set_Item	invoker_method	v106 @ X0_v15 (System.Collections.Generic.IDictionary`2<TKey, TValue>)	Type: Il2CppClass<System.Collections.Generic.IDictionary`2<TKey, TValue>>	0	v443 @ X20_v7		UNKNOWN_ARGUMENT	POINTER_NOT_A_FRAME_ADDRESS_OR_BUFFER	UNKNOWN_ARGUMENT:POINTER_NOT_A_FRAME_ADDRESS_OR_BUFFER
Newtonsoft.Json.Utilities.DictionaryWrapper`2::set_Item	System.Collections.Generic.IDictionary`2<TKey, TValue>::set_Item	invoker_method	v106 @ X0_v15 (System.Collections.Generic.IDictionary`2<TKey, TValue>)	Type: Il2CppClass<System.Collections.Generic.IDictionary`2<TKey, TValue>>	1	v492 @ X19_v9		UNKNOWN_ARGUMENT	POINTER_NOT_A_FRAME_ADDRESS_OR_BUFFER	UNKNOWN_ARGUMENT:POINTER_NOT_A_FRAME_ADDRESS_OR_BUFFER
Newtonsoft.Json.Utilities.DictionaryWrapper`2::Add	System.Collections.Generic.ICollection`1<System.Collections.Generic.KeyValuePair`2<TKey, TValue>>::Add	invoker_method	v292._genericDictionary (System.Collections.Generic.IDictionary`2<TKey, TValue>)	Type: Il2CppClass<System.Collections.Generic.ICollection`1<System.Collections.Generic.KeyValuePair`2<TKey, TValue>>>	0	v64 @ X19_v2		UNKNOWN_ARGUMENT	POINTER_NOT_A_FRAME_ADDRESS_OR_BUFFER	UNKNOWN_ARGUMENT:POINTER_NOT_A_FRAME_ADDRESS_OR_BUFFER
Newtonsoft.Json.Utilities.DictionaryWrapper`2::Contains	System.Collections.Generic.ICollection`1<System.Collections.Generic.KeyValuePair`2<TKey, TValue>>::Contains	invoker_method	v303 @ X2_v4 (System.Collections.Generic.IDictionary`2<TKey, TValue>)	Type: Il2CppClass<System.Collections.Generic.ICollection`1<System.Collections.Generic.KeyValuePair`2<TKey, TValue>>>	0			UNKNOWN_ARGUMENT	ARGS_NOT_A_FRAME_ADDRESS	UNKNOWN_ARGUMENT:ARGS_NOT_A_FRAME_ADDRESS
Newtonsoft.Json.Utilities.DictionaryWrapper`2::Remove	System.Collections.Generic.ICollection`1<System.Collections.Generic.KeyValuePair`2<TKey, TValue>>::Remove	invoker_method	v108 @ X0_v14 (System.Collections.Generic.IDictionary`2<TKey, TValue>)	Type: Il2CppClass<System.Collections.Generic.ICollection`1<System.Collections.Generic.KeyValuePair`2<TKey, TValue>>>	0	v78 @ X24_v1		UNKNOWN_ARGUMENT	POINTER_NOT_A_FRAME_ADDRESS_OR_BUFFER	UNKNOWN_ARGUMENT:POINTER_NOT_A_FRAME_ADDRESS_OR_BUFFER
Newtonsoft.Json.Serialization.DefaultContractResolver+EnumerableDictionaryWrapper`2+<GetEnumerator>d__2::MoveNext	System.Collections.Generic.IEnumerator`1<System.Collections.Generic.KeyValuePair`2<TEnumeratorKey, TEnumeratorValue>>::get_Current	invoker_method	[this @ X0 (Newtonsoft.Json.Serialization.DefaultContractResolver+EnumerableDictionaryWrapper`2<TEnumeratorKey, TEnumeratorValue>+<GetEnumerator>d__2<TEnumeratorKey, TEnumeratorValue>)+30]	Type: Il2CppClass<System.Collections.Generic.IEnumerator`1<System.Collections.Generic.KeyValuePair`2<TEnumeratorKey, TEnumeratorValue>>>	-1			-	NO_ARGUMENTS	UNKNOWN_RETURN
Newtonsoft.Json.Utilities.DictionaryWrapper`2::System.Collections.IDictionary.Add	System.Collections.Generic.IDictionary`2<TKey, TValue>::Add	invoker_method	v127 @ X0_v14 (System.Collections.Generic.IDictionary`2<TKey, TValue>)	Type: Il2CppClass<System.Collections.Generic.IDictionary`2<TKey, TValue>>	0	v221 @ X0_v17		UNKNOWN_ARGUMENT	POINTER_NOT_A_FRAME_ADDRESS_OR_BUFFER	UNKNOWN_ARGUMENT:POINTER_NOT_A_FRAME_ADDRESS_OR_BUFFER
Newtonsoft.Json.Utilities.DictionaryWrapper`2::System.Collections.IDictionary.Add	System.Collections.Generic.IDictionary`2<TKey, TValue>::Add	invoker_method	v127 @ X0_v14 (System.Collections.Generic.IDictionary`2<TKey, TValue>)	Type: Il2CppClass<System.Collections.Generic.IDictionary`2<TKey, TValue>>	1	v317 @ X0_v20		UNKNOWN_ARGUMENT	POINTER_NOT_A_FRAME_ADDRESS_OR_BUFFER	UNKNOWN_ARGUMENT:POINTER_NOT_A_FRAME_ADDRESS_OR_BUFFER
Newtonsoft.Json.Utilities.DictionaryWrapper`2::System.Collections.IDictionary.set_Item	System.Collections.Generic.IDictionary`2<TKey, TValue>::set_Item	invoker_method	v127 @ X0_v14 (System.Collections.Generic.IDictionary`2<TKey, TValue>)	Type: Il2CppClass<System.Collections.Generic.IDictionary`2<TKey, TValue>>	0	v221 @ X0_v17		UNKNOWN_ARGUMENT	POINTER_NOT_A_FRAME_ADDRESS_OR_BUFFER	UNKNOWN_ARGUMENT:POINTER_NOT_A_FRAME_ADDRESS_OR_BUFFER
Newtonsoft.Json.Utilities.DictionaryWrapper`2::System.Collections.IDictionary.set_Item	System.Collections.Generic.IDictionary`2<TKey, TValue>::set_Item	invoker_method	v127 @ X0_v14 (System.Collections.Generic.IDictionary`2<TKey, TValue>)	Type: Il2CppClass<System.Collections.Generic.IDictionary`2<TKey, TValue>>	1	v317 @ X0_v20		UNKNOWN_ARGUMENT	POINTER_NOT_A_FRAME_ADDRESS_OR_BUFFER	UNKNOWN_ARGUMENT:POINTER_NOT_A_FRAME_ADDRESS_OR_BUFFER
Newtonsoft.Json.Utilities.DictionaryWrapper`2::Remove	System.Collections.Generic.IDictionary`2<TKey, TValue>::Remove	invoker_method	v115 @ X0_v14 (System.Collections.Generic.IDictionary`2<TKey, TValue>)	Type: Il2CppClass<System.Collections.Generic.IDictionary`2<TKey, TValue>>	0	v204 @ X0_v17		UNKNOWN_ARGUMENT	POINTER_NOT_A_FRAME_ADDRESS_OR_BUFFER	UNKNOWN_ARGUMENT:POINTER_NOT_A_FRAME_ADDRESS_OR_BUFFER
FluidPhysicsCoupler::Shuffle	System.Collections.Generic.IList`1<T>::set_Item	invoker_method	list @ X1 (System.Collections.Generic.IList`1<T>)	Type: Il2CppClass<System.Collections.Generic.IList`1<T>>	0	&v415 @ stack_-7C_v4 (System.Int32)		UNKNOWN_ARGUMENT	NO_STORE_REACHES_THE_VALUE_SLOT	UNKNOWN_ARGUMENT:NO_STORE_REACHES_THE_VALUE_SLOT
FluidPhysicsCoupler::Shuffle	System.Collections.Generic.IList`1<T>::set_Item	invoker_method	list @ X1 (System.Collections.Generic.IList`1<T>)	Type: Il2CppClass<System.Collections.Generic.IList`1<T>>	1	v74 @ X26_v1		UNKNOWN_ARGUMENT	POINTER_NOT_A_FRAME_ADDRESS_OR_BUFFER	UNKNOWN_ARGUMENT:NO_STORE_REACHES_THE_VALUE_SLOT
FluidPhysicsCoupler::Shuffle	System.Collections.Generic.IList`1<T>::get_Item	invoker_method	list @ X1 (System.Collections.Generic.IList`1<T>)	Type: Il2CppClass<System.Collections.Generic.IList`1<T>>	0	&v415 @ stack_-7C_v4 (System.Int32)		UNKNOWN_ARGUMENT	NO_STORE_REACHES_THE_VALUE_SLOT	UNKNOWN_ARGUMENT:NO_STORE_REACHES_THE_VALUE_SLOT
FluidPhysicsCoupler::Shuffle	System.Collections.Generic.IList`1<T>::get_Item	invoker_method	list @ X1 (System.Collections.Generic.IList`1<T>)	Type: Il2CppClass<System.Collections.Generic.IList`1<T>>	0	&v415 @ stack_-7C_v4 (System.Int32)		UNKNOWN_ARGUMENT	NO_STORE_REACHES_THE_VALUE_SLOT	UNKNOWN_ARGUMENT:NO_STORE_REACHES_THE_VALUE_SLOT
FluidPhysicsCoupler::Shuffle	System.Collections.Generic.IList`1<T>::set_Item	invoker_method	list @ X1 (System.Collections.Generic.IList`1<T>)	Type: Il2CppClass<System.Collections.Generic.IList`1<T>>	0	&v415 @ stack_-7C_v4 (System.Int32)		UNKNOWN_ARGUMENT	NO_STORE_REACHES_THE_VALUE_SLOT	UNKNOWN_ARGUMENT:NO_STORE_REACHES_THE_VALUE_SLOT
FluidPhysicsCoupler::Shuffle	System.Collections.Generic.IList`1<T>::set_Item	invoker_method	list @ X1 (System.Collections.Generic.IList`1<T>)	Type: Il2CppClass<System.Collections.Generic.IList`1<T>>	1	v60 @ stack_-A0		UNKNOWN_ARGUMENT	POINTER_NOT_A_FRAME_ADDRESS_OR_BUFFER	UNKNOWN_ARGUMENT:NO_STORE_REACHES_THE_VALUE_SLOT
