Spine.Collections.OrderedDictionary`2::System.Collections.Generic.IList<System.Collections.Generic.KeyValuePair<TKey,TValue>>.set_Item	System.Collections.Generic.IEqualityComparer`1<TKey>::Equals	invoker_method	v285 @ X0_v12 (System.Collections.Generic.IEqualityComparer`1<TKey>)	Type: Il2CppClass<System.Collections.Generic.IEqualityComparer`1<TKey>>	0	v366 @ X25_v4		UNKNOWN_ARGUMENT	POINTER_NOT_A_FRAME_ADDRESS_OR_BUFFER	UNKNOWN_ARGUMENT:POINTER_NOT_A_FRAME_ADDRESS_OR_BUFFER
Spine.Collections.OrderedDictionary`2::System.Collections.Generic.IList<System.Collections.Generic.KeyValuePair<TKey,TValue>>.set_Item	System.Collections.Generic.IEqualityComparer`1<TKey>::Equals	invoker_method	v285 @ X0_v12 (System.Collections.Generic.IEqualityComparer`1<TKey>)	Type: Il2CppClass<System.Collections.Generic.IEqualityComparer`1<TKey>>	1	v365 @ X28_v4		UNKNOWN_ARGUMENT	POINTER_NOT_A_FRAME_ADDRESS_OR_BUFFER	UNKNOWN_ARGUMENT:POINTER_NOT_A_FRAME_ADDRESS_OR_BUFFER
Spine.Collections.OrderedDictionary`2::System.Collections.Generic.ICollection<System.Collections.Generic.KeyValuePair<TKey,TValue>>.Remove	System.Collections.Generic.ICollection`1<System.Collections.Generic.KeyValuePair`2<TKey, TValue>>::Contains	invoker_method	this @ X0 (Spine.Collections.OrderedDictionary`2<TKey, TValue>)	Type: Il2CppClass<System.Collections.Generic.ICollection`1<System.Collections.Generic.KeyValuePair`2<TKey, TValue>>>	0	v45 @ X23_v1	T buffer	BUFFER	T_BUFFER	UNKNOWN_RETURN
Spine.Collections.CollectionExtensions::ToOrderedDictionary	System.Collections.Generic.IEnumerator`1<TSource>::get_Current	invoker_method		Type: Il2CppClass<System.Collections.Generic.IEnumerator`1<TSource>>	-1			-	NO_ARGUMENTS	REWRITTEN
Extensions::Replace	System.Collections.Generic.IList`1<T>::set_Item	invoker_method	source @ X0 (System.Collections.Generic.IList`1<T>)	Type: Il2CppClass<System.Collections.Generic.IList`1<T>>	0	v347 @ X20_v5		UNKNOWN_ARGUMENT	POINTER_NOT_A_FRAME_ADDRESS_OR_BUFFER	UNKNOWN_ARGUMENT:POINTER_NOT_A_FRAME_ADDRESS_OR_BUFFER
Extensions::Replace	System.Collections.Generic.IList`1<T>::set_Item	invoker_method	source @ X0 (System.Collections.Generic.IList`1<T>)	Type: Il2CppClass<System.Collections.Generic.IList`1<T>>	1			UNKNOWN_ARGUMENT	NO_STORE_REACHES_ARGS[1]	UNKNOWN_ARGUMENT:POINTER_NOT_A_FRAME_ADDRESS_OR_BUFFER
Extensions::Replace	System.Collections.Generic.IList`1<T>::set_Item	invoker_method	source @ X0 (System.Collections.Generic.IList`1<T>)	Type: Il2CppClass<System.Collections.Generic.IList`1<T>>	0	&v313 @ stack_-5C_v2 (System.Int32)		UNKNOWN_ARGUMENT	NO_STORE_REACHES_THE_VALUE_SLOT	UNKNOWN_ARGUMENT:NO_STORE_REACHES_THE_VALUE_SLOT
Extensions::Replace	System.Collections.Generic.IList`1<T>::set_Item	invoker_method	source @ X0 (System.Collections.Generic.IList`1<T>)	Type: Il2CppClass<System.Collections.Generic.IList`1<T>>	1	v347 @ X20_v5		UNKNOWN_ARGUMENT	POINTER_NOT_A_FRAME_ADDRESS_OR_BUFFER	UNKNOWN_ARGUMENT:NO_STORE_REACHES_THE_VALUE_SLOT
Extensions::ReplaceAll	System.Collections.Generic.IList`1<T>::IndexOf	invoker_method	source @ X0 (System.Collections.Generic.IList`1<T>)	Type: Il2CppClass<System.Collections.Generic.IList`1<T>>	0	v67 @ X24_v1		UNKNOWN_ARGUMENT	POINTER_NOT_A_FRAME_ADDRESS_OR_BUFFER	UNKNOWN_ARGUMENT:POINTER_NOT_A_FRAME_ADDRESS_OR_BUFFER
Extensions::ReplaceAll	System.Collections.Generic.IList`1<T>::set_Item	invoker_method	source @ X0 (System.Collections.Generic.IList`1<T>)	Type: Il2CppClass<System.Collections.Generic.IList`1<T>>	0	&v192 @ stack_-6C_v3		UNKNOWN_ARGUMENT	NO_STORE_REACHES_THE_VALUE_SLOT	UNKNOWN_ARGUMENT:NO_STORE_REACHES_THE_VALUE_SLOT
Extensions::ReplaceAll	System.Collections.Generic.IList`1<T>::set_Item	invoker_method	source @ X0 (System.Collections.Generic.IList`1<T>)	Type: Il2CppClass<System.Collections.Generic.IList`1<T>>	1	v67 @ X24_v1		UNKNOWN_ARGUMENT	POINTER_NOT_A_FRAME_ADDRESS_OR_BUFFER	UNKNOWN_ARGUMENT:NO_STORE_REACHES_THE_VALUE_SLOT
Spine.Collections.OrderedDictionary`2::System.Collections.Generic.IList<System.Collections.Generic.KeyValuePair<TKey,TValue>>.set_Item	System.Collections.Generic.IEqualityComparer`1<TKey>::Equals	invoker_method	v285 @ X0_v12 (System.Collections.Generic.IEqualityComparer`1<TKey>)	Type: Il2CppClass<System.Collections.Generic.IEqualityComparer`1<TKey>>	0	v366 @ X25_v4		UNKNOWN_ARGUMENT	POINTER_NOT_A_FRAME_ADDRESS_OR_BUFFER	UNKNOWN_ARGUMENT:POINTER_NOT_A_FRAME_ADDRESS_OR_BUFFER
Spine.Collections.OrderedDictionary`2::System.Collections.Generic.IList<System.Collections.Generic.KeyValuePair<TKey,TValue>>.set_Item	System.Collections.Generic.IEqualityComparer`1<TKey>::Equals	invoker_method	v285 @ X0_v12 (System.Collections.Generic.IEqualityComparer`1<TKey>)	Type: Il2CppClass<System.Collections.Generic.IEqualityComparer`1<TKey>>	1	v365 @ X28_v4		UNKNOWN_ARGUMENT	POINTER_NOT_A_FRAME_ADDRESS_OR_BUFFER	UNKNOWN_ARGUMENT:POINTER_NOT_A_FRAME_ADDRESS_OR_BUFFER
Spine.Collections.OrderedDictionary`2::System.Collections.Generic.ICollection<System.Collections.Generic.KeyValuePair<TKey,TValue>>.Remove	System.Collections.Generic.ICollection`1<System.Collections.Generic.KeyValuePair`2<TKey, TValue>>::Contains	invoker_method	this @ X0 (Spine.Collections.OrderedDictionary`2<TKey, TValue>)	Type: Il2CppClass<System.Collections.Generic.ICollection`1<System.Collections.Generic.KeyValuePair`2<TKey, TValue>>>	0	v45 @ X23_v1	T buffer	BUFFER	T_BUFFER	UNKNOWN_RETURN
Spine.Collections.CollectionExtensions::ToOrderedDictionary	System.Collections.Generic.IEnumerator`1<TSource>::get_Current	invoker_method		Type: Il2CppClass<System.Collections.Generic.IEnumerator`1<TSource>>	-1			-	NO_ARGUMENTS	REWRITTEN
Extensions::Replace	System.Collections.Generic.IList`1<T>::set_Item	invoker_method	source @ X0 (System.Collections.Generic.IList`1<T>)	Type: Il2CppClass<System.Collections.Generic.IList`1<T>>	0	v347 @ X20_v5		UNKNOWN_ARGUMENT	POINTER_NOT_A_FRAME_ADDRESS_OR_BUFFER	UNKNOWN_ARGUMENT:POINTER_NOT_A_FRAME_ADDRESS_OR_BUFFER
Extensions::Replace	System.Collections.Generic.IList`1<T>::set_Item	invoker_method	source @ X0 (System.Collections.Generic.IList`1<T>)	Type: Il2CppClass<System.Collections.Generic.IList`1<T>>	1			UNKNOWN_ARGUMENT	NO_STORE_REACHES_ARGS[1]	UNKNOWN_ARGUMENT:POINTER_NOT_A_FRAME_ADDRESS_OR_BUFFER
Extensions::Replace	System.Collections.Generic.IList`1<T>::set_Item	invoker_method	source @ X0 (System.Collections.Generic.IList`1<T>)	Type: Il2CppClass<System.Collections.Generic.IList`1<T>>	0	&v313 @ stack_-5C_v2 (System.Int32)		UNKNOWN_ARGUMENT	NO_STORE_REACHES_THE_VALUE_SLOT	UNKNOWN_ARGUMENT:NO_STORE_REACHES_THE_VALUE_SLOT
Extensions::Replace	System.Collections.Generic.IList`1<T>::set_Item	invoker_method	source @ X0 (System.Collections.Generic.IList`1<T>)	Type: Il2CppClass<System.Collections.Generic.IList`1<T>>	1	v347 @ X20_v5		UNKNOWN_ARGUMENT	POINTER_NOT_A_FRAME_ADDRESS_OR_BUFFER	UNKNOWN_ARGUMENT:NO_STORE_REACHES_THE_VALUE_SLOT
Extensions::ReplaceAll	System.Collections.Generic.IList`1<T>::IndexOf	invoker_method	source @ X0 (System.Collections.Generic.IList`1<T>)	Type: Il2CppClass<System.Collections.Generic.IList`1<T>>	0	v67 @ X24_v1		UNKNOWN_ARGUMENT	POINTER_NOT_A_FRAME_ADDRESS_OR_BUFFER	UNKNOWN_ARGUMENT:POINTER_NOT_A_FRAME_ADDRESS_OR_BUFFER
Extensions::ReplaceAll	System.Collections.Generic.IList`1<T>::set_Item	invoker_method	source @ X0 (System.Collections.Generic.IList`1<T>)	Type: Il2CppClass<System.Collections.Generic.IList`1<T>>	0	&v192 @ stack_-6C_v3		UNKNOWN_ARGUMENT	NO_STORE_REACHES_THE_VALUE_SLOT	UNKNOWN_ARGUMENT:NO_STORE_REACHES_THE_VALUE_SLOT
Extensions::ReplaceAll	System.Collections.Generic.IList`1<T>::set_Item	invoker_method	source @ X0 (System.Collections.Generic.IList`1<T>)	Type: Il2CppClass<System.Collections.Generic.IList`1<T>>	1	v67 @ X24_v1		UNKNOWN_ARGUMENT	POINTER_NOT_A_FRAME_ADDRESS_OR_BUFFER	UNKNOWN_ARGUMENT:NO_STORE_REACHES_THE_VALUE_SLOT
