Unknown	Spine.Skin::AddSkin stack:-C0 in 2 locals: v760 at 302 CallVoid Skin.SetAttachment, this @ X0 (Spine.Skin), v760 @ stack_-C0_v11 (System.Int32), v380.next (System.Int32), v380.current (Spine.ConstraintData) and 118 Call Enumerator<System.Object>.MoveNext, v320 @ X0_v37 (System.Boolean), &v112 @ stack_-C0_v5 (Spine.ExposedList`1<System.Object>+Enumerator<System.Object>) are joined by a path across blocks
Unknown	Spine.Skin::CopySkin stack:-C0 in 2 locals: v264 at 364 CallVoid Skin.SetAttachment, this @ X0 (Spine.Skin), v264 @ stack_-C0_v13 (System.Int32), v499.next (System.Int32), v280 @ X0_v70 (Spine.MeshAttachment) and 121 Call Enumerator<System.Object>.MoveNext, v356 @ X0_v39 (System.Boolean), &v156 @ stack_-C0_v6 (Spine.ExposedList`1<System.Object>+Enumerator<System.Object>) are joined by a path across blocks
Unknown	Spine.Unity.AttachmentTools.SkinUtilities::CopyTo stack:-170 in 3 locals: v2769 at 466 CallVoid SkinEntry..ctor, &v1327 @ stack_-170_v38 (Spine.Skin+SkinEntry), v2769 @ stack_-170_v35 (System.Int32), v2771 @ stack_-168 (System.String), v3213 @ X0_v205 (Spine.Attachment) and 671 CallVoid OrderedDictionary`2<Spine.Skin+SkinEntry, Spine.Attachment>.set_Item, v2206 @ X22_v28 (Spine.Collections.OrderedDictionary`2<Spine.Skin+SkinEntry, Spine.Attachment>), &v2813 @ stack_-170_v29 (Spine.Skin+SkinEntry), v2772 @ stack_-150 (Spine.Attachment) are joined by a path across blocks
Unknown	Spine.Unity.BlendModeMaterialsAsset::ApplyMaterials stack:-E0 in 2 locals: v136 at -1 Move v541 @ V0_v2 (Spine.ExposedList`1<System.Object>+Enumerator<System.Object>), v136 @ stack_-E0 (System.Collections.Generic.List`1<Spine.Skin+SkinEntry>) and 230 CallVoid Enumerator<System.Object>.Dispose, &v704 @ stack_-E0_v17 (Spine.ExposedList`1<System.Object>+Enumerator<System.Object>) are joined by a path across blocks
NonAlias	CodeStage.AntiCheat.Storage.ObscuredPrefs::DecryptValue stack:-58 in 2 locals: no path joins the address-take and the other names
Unknown	CodeStage.AntiCheat.Detectors.TimeCheatingDetector::GetOnlineTimeTask stack:-70 in 2 locals: v49 at 36 Move v49 @ stack_-70_v1 (System.Int32), 0 and 70 CallVoid AsyncTaskMethodBuilder`1<CodeStage.AntiCheat.Detectors.TimeCheatingDetector+OnlineTimeResult>.Start, v82 @ X20_v2 (System.Int32), &v85 @ stack_-70_v2 (CodeStage.AntiCheat.Detectors.TimeCheatingDetector+<GetOnlineTimeTask>d__53) are joined by a path across blocks
Unknown	CodeStage.AntiCheat.Detectors.TimeCheatingDetector::GetOnlineTimeTask stack:-A0 in 2 locals: v51 at 38 Move v51 @ stack_-A0_v1 (System.Int32), 0 and 73 CallVoid AsyncTaskMethodBuilder`1<CodeStage.AntiCheat.Detectors.TimeCheatingDetector+OnlineTimeResult>.Start, v85 @ X20_v2 (System.Int32), &v88 @ stack_-A0_v2 (CodeStage.AntiCheat.Detectors.TimeCheatingDetector+<GetOnlineTimeTask>d__54) are joined by a path across blocks
Unknown	Spine.Unity.Examples.TransitionDictionaryExample::Start stack:-A8 in 2 locals: v158 at -1 Move v79 @ V0_v2 (System.Collections.Generic.List`1<Spine.Unity.Examples.TransitionDictionaryExample+SerializedEntry>), v158 @ stack_-A8_v3 (System.Collections.Generic.List`1<Spine.Unity.Examples.TransitionDictionaryExample+SerializedEntry>) and 104 CallVoid AnimationPair..ctor, &v187 @ stack_-A8_v8 (Spine.AnimationStateData+AnimationPair), v218 @ X0_v31 (Spine.Animation), v339 @ X0_v33 (Spine.Animation) are joined by a path across blocks
Unknown	Spine.Unity.Examples.AnimationMatchModifierAsset+AnimationTools::MatchAnimationTimelines stack:-B8 in 3 locals: v128 at -1 Move v632 @ stack_-B8_v25 (Spine.ExposedList`1<Spine.Timeline>), v128 @ stack_-B8 (System.Collections.Generic.List`1<System.Int32>) and 831 CallVoid Enumerator<System.Object>.Dispose, &v973 @ stack_-B8_v5 (Spine.ExposedList`1<System.Object>+Enumerator<System.Object>) are joined by a path across blocks
Unknown	CodeStage.AntiCheat.Detectors.TimeCheatingDetector::ForceCheckTask stack:-60 in 2 locals: v45 at 33 Move v45 @ stack_-60_v1 (System.Int32), 0 and 62 CallVoid AsyncTaskMethodBuilder`1<System.Int32Enum>.Start, v62 @ X20_v5 (System.Int32), &v77 @ stack_-60_v3 (CodeStage.AntiCheat.Detectors.TimeCheatingDetector+<ForceCheckTask>d__61) are joined by a path across blocks
Unknown	Spine.Unity.SkeletonAnimationMulti::Initialize stack:-E8 in 2 locals: v362 at -1 Move v566 @ stack_-E8_v19 (System.Collections.Generic.List`1<System.Object>+Enumerator<System.Object>), v362 @ stack_-E8_v1 (Spine.ExposedList`1<System.Object>+Enumerator<System.Object>) and 271 Call Enumerator<System.Object>.MoveNext, v1178 @ X0_v65 (System.Boolean), &v566 @ stack_-E8_v19 (System.Collections.Generic.List`1<System.Object>+Enumerator<System.Object>) are joined by a path across blocks
TrueAlias	Spine.Unity.Examples.SkeletonRagdoll::AttachBoundingBoxRagdollColliders stack:-100 in 2 locals: v958 read at -1 Move v455 @ stack_-A0_v2 (Spine.ExposedList`1<System.Object>+Enumerator<System.Object>), v958 @ stack_-100_v10 (Spine.ExposedList`1<System.Object>+Enumerator<System.Object>) after 355 CallVoid Enumerator<Spine.Skin+SkinEntry>.Dispose, &v1065 @ stack_-100_v13 (System.Collections.Generic.List`1<Spine.Skin+SkinEntry>+Enumerator<Spine.Skin+SkinEntry>)
Unknown	GoogleMobileAds.Android.Utils::GetAdRequestJavaObject stack:-130 in 6 locals: v3989 at 1061 Move v3989 @ stack_-130_v53 (System.Collections.Generic.List`1<System.Object>+Enumerator<System.Object>), v3076._dictionary (System.Collections.Generic.Dictionary`2<System.Object, System.Object>) and 1254 CallVoid Enumerator<System.Object, System.Object>.Dispose, &v3076 @ stack_-130_v13 (System.Collections.Generic.Dictionary`2<System.Object, System.Object>+Enumerator<System.Object, System.Object>) are joined by a path across blocks
Unknown	Lean.Pool.LeanPool::Despawn stack:-28 in 2 locals: v96 at 129 CallVoid LeanGameObjectPool.Despawn, v96 @ stack_-28_v5 (System.Object), clone @ X0 (UnityEngine.GameObject), delay @ V0 (System.Single) and 120 Call LeanGameObjectPool.TryFindPoolByClone, v187 @ X0_v23 (System.Boolean), clone @ X0 (UnityEngine.GameObject), &v102 @ stack_-28_v6 (Lean.Pool.LeanGameObjectPool) are joined by a path across blocks
Unknown	Lean.Pool.LeanPool::Detach stack:-28 in 2 locals: v93 at 126 CallVoid LeanGameObjectPool.Detach, v93 @ stack_-28_v5 (System.Object), clone @ X0 (UnityEngine.GameObject) and 118 Call LeanGameObjectPool.TryFindPoolByClone, v179 @ X0_v23 (System.Boolean), clone @ X0 (UnityEngine.GameObject), &v99 @ stack_-28_v6 (Lean.Pool.LeanGameObjectPool) are joined by a path across blocks
Unknown	Mono.Security.ASN1Convert::ToOid stack:-24 in 2 locals: v212 at -1 Move v385 @ X9_v10 (System.Int32), v212 @ stack_-24_v9 (System.Int32) and 88 Call Byte.ToString, v177 @ X0_v29 (System.String), &v166 @ stack_-24_v6 (System.Byte), v237 @ X0_v27 (System.Globalization.CultureInfo) are joined by a path across blocks
Unknown	GraphicController::RandomAnimation stack:-A8 in 2 locals: v175 at -1 Move v127 @ stack_-70_v4 (System.Collections.Generic.List`1<System.Object>+Enumerator<System.Object>), v175 @ stack_-A8_v7 (System.Collections.Generic.List`1<System.Object>+Enumerator<System.Object>) and 153 CallVoid Enumerator<System.Object>.Dispose, &v243 @ stack_-A8_v9 (System.Collections.Generic.Stack`1<System.Object>+Enumerator<System.Object>) are joined by a path across blocks
Unknown	GraphicController::SetDefaultAnimation stack:-B8 in 2 locals: v153 at -1 Move v176 @ stack_-80_v2 (System.Collections.Generic.List`1<System.Object>+Enumerator<System.Object>), v153 @ stack_-B8_v10 (System.Collections.Generic.List`1<System.Object>+Enumerator<System.Object>) and 158 CallVoid Enumerator<System.Object>.Dispose, &v190 @ stack_-B8_v12 (System.Collections.Generic.Stack`1<System.Object>+Enumerator<System.Object>) are joined by a path across blocks
Unknown	Spine.SkeletonJson::ReadSkeletonData stack:-148 in 6 locals: v2019 at 4449 Move v2019 @ stack_-148_v153 (System.Collections.Generic.Dictionary`2<System.Object, System.Object>+Enumerator<System.Object, System.Object>), [v2695 @ X0_v947] and 4656 Call Enumerator<System.Object, System.Object>.MoveNext, v3831 @ X0_v97 (System.Boolean), &v2361 @ stack_-148_v13 (System.Collections.Generic.Dictionary`2<System.Object, System.Object>+Enumerator<System.Object, System.Object>) are joined by a path across blocks
Unknown	Spine.SkeletonJson::ReadAnimation stack:-198 in 3 locals: v8672 at -1 Move v590 @ stack_-198 (System.Collections.Generic.List`1<System.Object>+Enumerator<System.Object>), v8672 @ stack_-198_v21 (System.Collections.Generic.Dictionary`2<System.Object, System.Object>+Enumerator<System.Object, System.Object>) and 5935 Call Enumerator<System.Object>.MoveNext, v1849 @ X0_v58 (System.Boolean), &v590 @ stack_-198 (System.Collections.Generic.List`1<System.Object>+Enumerator<System.Object>) are joined by a path across blocks
