Unknown	Mono.Security.Protocol.Ntlm.Type3Message::Decode stack:-34 in 11 locals: v91 at 143 Move v91 @ stack_-34_v11 (System.Int32), 0 and 60 CallVoid BitConverterLE.UShortFromBytes, &v128 @ stack_-34_v3 (System.Int32), message @ X1 (System.Byte[]), 16 are joined by a path across blocks
NonAlias	LunarConsolePluginInternal.ReflectionUtils::ResolveInvokeParameter stack:-60 in 4 locals: no path joins the address-take and the other names
NonAlias	Morpeh.World::Update stack:-A8 in 2 locals: no path joins the address-take and the other names
NonAlias	HutongGames.PlayMaker.FsmProperty::SetValue stack:-50 in 2 locals: no path joins the address-take and the other names
Unknown	HutongGames.PlayMaker.ActionData::LoadActionField stack:-70 in 3 locals: v1975 at -1 Move v1897 @ stack_-70_v5 (System.Single), v1975 @ stack_-70_v11 (UnityEngine.Color) and -1 Move v978 @ X1_v64, &v1897 @ stack_-70_v5 (System.Single) are joined by a path across blocks
Unknown	HutongGames.PlayMaker.ActionData::LoadArrayElement stack:-70 in 3 locals: v1873 at -1 Move v1795 @ stack_-70_v3 (System.Single), v1873 @ stack_-70_v10 (UnityEngine.Color) and -1 Move v1954 @ X1_v62, &v1795 @ stack_-70_v3 (System.Single) are joined by a path across blocks
Unknown	Facebook.Unity.Editor.Dialogs.MockLoginDialog+<>c__DisplayClass4_0::<SendSuccessResult>b__1 stack:-A0 in 2 locals: v89 at 561 Move v89 @ stack_-A0_v8 (System.Nullable`1<System.DateTime>), 0 and 354 Call Enumerator<System.Object>.MoveNext, v1050 @ X0_v43 (System.Boolean), &v88 @ stack_-A0_v7 (System.Collections.Generic.List`1<System.Object>+Enumerator<System.Object>) are joined by a path across blocks
Unknown	GBG.Pinata.ECS.Systems.ShowHideEnemySystem::OnUpdate stack:-D0 in 2 locals: v705 at 299 Move v705 @ stack_-D0_v6 (Morpeh.World), v691.world (Morpeh.World) and 39 Move v67 @ X8_v6, &v262 @ stack_-D0_v4 (System.Single) are joined by a path across blocks
NonAlias	HutongGames.PlayMaker.Actions.StartCoroutine::DoStartCoroutine stack:-40 in 2 locals: no path joins the address-take and the other names
NonAlias	HutongGames.PlayMaker.Actions.UiEventSystemCurrentRayCastAll::ExecuteRayCastAll stack:-F0 in 2 locals: no path joins the address-take and the other names
