Unknown	Newtonsoft.Json.Utilities.DateTimeUtils::TryParseDateTimeOffsetMicrosoft stack:-78 in 2 locals: v159 at 101 Move [methodInfo @ X2 (Il2CppMethodInfo)], v159 @ stack_-78_v5 (System.DateTimeOffset) and 88 Call DateTime.Add, v192 @ X0_v28 (System.DateTime), &v136 @ stack_-78_v3 (System.DateTime), v65 @ stack_-50_v2 (System.DateTimeKind) are joined by a path across blocks
NonAlias	Newtonsoft.Json.JsonTextReader::FinishReadQuotedNumber stack:-50 in 2 locals: no path joins the address-take and the other names
Unknown	Newtonsoft.Json.JsonTextReader::FinishReadStringIntoBuffer stack:-40 in 2 locals: v103 at 42 Move v37._buffer (System.Char[]), v103 @ stack_-40_v6 (Newtonsoft.Json.Utilities.StringBuffer) and -1 Move v57 @ X0_v1 (Newtonsoft.Json.Utilities.StringReference), &v35 @ stack_-40_v8 (Newtonsoft.Json.Utilities.StringReference) are joined by a path across blocks
Unknown	Newtonsoft.Json.JsonTextReader::ParseConstructor stack:-50 in 2 locals: v253 at -1 Move v253 @ stack_-50_v1 (System.Char), v567 @ X0_v32 (System.Char) and 161 CallVoid StringReference..ctor, &v184 @ stack_-50_v6 (Newtonsoft.Json.Utilities.StringReference), v298._chars (System.Char[]), this._charPos (System.Int32), v560 @ X3_v1 (System.Int32) are joined by a path across blocks
NonAlias	Newtonsoft.Json.Utilities.ConvertUtils::TryConvertInternal stack:-88 in 4 locals: no path joins the address-take and the other names
Unknown	Newtonsoft.Json.Serialization.JsonObjectContract::get_HasRequiredOrDefaultValueProperties stack:-88 in 2 locals: v342 at -1 Move v754 @ X8_v38 (System.Nullable`1<System.Int32Enum>), v342 @ stack_-88_v12 (System.Nullable`1<System.Int32Enum>) and 266 CallVoid Nullable`1<System.Boolean>..ctor, &v536 @ stack_-88_v9 (System.Nullable`1<System.Boolean>), 1 are joined by a path across blocks
Unknown	Newtonsoft.Json.Utilities.ConvertUtils::DecimalTryParse stack:-90 in 7 locals: v1310 at -1 Move v1350 @ X8_v41 (System.Nullable`1<System.Int32>), v1310 @ stack_-90_v18 (System.Nullable`1<System.Int32>) and 976 CallVoid Decimal..ctor, &v1129 @ stack_-90_v33 (System.Decimal), 1, 0, 0, 0, v478 @ X5_v18 (System.Byte) are joined by a path across blocks
Unknown	Newtonsoft.Json.Serialization.DefaultContractResolver::SetPropertySettingsFromAttributes stack:-68 in 2 locals: v829 at 439 Move property.<Order>k__BackingField (System.Nullable`1<System.Int32>), v829 @ stack_-68_v12 (System.Nullable`1<System.Int32>) and 660 CallVoid Nullable`1<System.Int32Enum>..ctor, &v776 @ stack_-68_v6 (System.Nullable`1<System.Int32Enum>), 1 are joined by a path across blocks
Unknown	Newtonsoft.Json.Utilities.DateTimeUtils::TryParseDateTimeOffset stack:-50 in 2 locals: v258 at 230 Call DateTimeUtils.TryParseDateTimeOffsetIso, v285 @ X0_v47 (System.Boolean), v258 @ stack_-50_v12 (Newtonsoft.Json.Utilities.StringReference), 0 and 267 Call DateTimeOffset.TryParseExact, v120 @ X0_v23 (System.Boolean), s @ X0 (System.String), dateFormatString @ X1 (System.String), culture @ X2 (System.Globalization.CultureInfo), 128, &v90 @ stack_-50_v7 (System.DateTimeOffset) are joined by a path across blocks
NonAlias	Newtonsoft.Json.Converters.IsoDateTimeConverter::ReadJson stack:-60 in 2 locals: no path joins the address-take and the other names
NonAlias	Newtonsoft.Json.Linq.JValue::Operation stack:-78 in 2 locals: no path joins the address-take and the other names
Unknown	Newtonsoft.Json.Converters.XmlNodeConverter::IsArray stack:-78 in 2 locals: v509 at -1 Move v509 @ stack_-78_v7 (System.Boolean), [v607 @ X0_v31] and 115 Call Enumerator<System.Object>.MoveNext, v399 @ X0_v22 (System.Boolean), &v337 @ stack_-78_v5 (System.Collections.Generic.List`1<System.Object>+Enumerator<System.Object>) are joined by a path across blocks
NonAlias	RayFire.RFMesh::.ctor stack:-B8 in 8 locals: no path joins the address-take and the other names
Unknown	Newtonsoft.Json.Converters.XmlNodeConverter::AllSameName stack:-78 in 2 locals: v279 at -1 Move v279 @ stack_-78_v2 (System.Int32), [v278 @ X0_v11] and 102 Call Enumerator<System.Object>.MoveNext, v206 @ X0_v24 (System.Boolean), &v273 @ stack_-78_v5 (System.Collections.Generic.List`1<System.Object>+Enumerator<System.Object>) are joined by a path across blocks
NonAlias	RayFire.RFStress::CheckSupport stack:-68 in 2 locals: no path joins the address-take and the other names
Unknown	RayFire.RFCluster::TrisNeib stack:-98 in 3 locals: v730 at -1 Move v319 @ V0_v4 (System.Collections.Generic.List`1<System.Object>+Enumerator<System.Object>), v730 @ stack_-98_v11 (System.Collections.Generic.List`1<RayFire.RFShard>) and 134 Call Enumerator<System.Object>.MoveNext, v276 @ X0_v57 (System.Boolean), &v188 @ stack_-98_v8 (System.Collections.Generic.List`1<System.Object>+Enumerator<System.Object>) are joined by a path across blocks
Unknown	RayFire.RFCluster::NeibArea stack:-A8 in 2 locals: v82 at -1 Move v82 @ stack_-A8 (System.Int32), 0 and 89 Call Enumerator<System.Object>.MoveNext, v354 @ X0_v59 (System.Boolean), &v200 @ stack_-A8_v5 (System.Collections.Generic.List`1<System.Object>+Enumerator<System.Object>) are joined by a path across blocks
Unknown	RayFire.RFStress::SetSizeMultiplier stack:-B8 in 3 locals: v700 at -1 Move v200 @ V0_v3 (System.Collections.Generic.List`1<System.Object>+Enumerator<System.Object>), v700 @ stack_-B8_v6 (System.Collections.Generic.List`1<System.Object>+Enumerator<System.Object>) and 386 Call Enumerator<System.Object>.MoveNext, v831 @ X0_v33 (System.Boolean), &v798 @ stack_-B8_v8 (System.Collections.Generic.List`1<System.Object>+Enumerator<System.Object>) are joined by a path across blocks
Unknown	Newtonsoft.Json.Serialization.JsonSerializerInternalWriter::CheckForCircularReference stack:-58 in 2 locals: v329 at -1 Move v77 @ stack_-58_v6 (System.Nullable`1<System.Int32Enum>), v329 @ stack_-58_v8 (System.Nullable`1<Newtonsoft.Json.ReferenceLoopHandling>) and 193 Call Nullable`1<System.Int32Enum>.GetValueOrDefault, v125 @ X0_v21, &v77 @ stack_-58_v6 (System.Nullable`1<System.Int32Enum>), v201._referenceLoopHandling (Newtonsoft.Json.ReferenceLoopHandling) are joined by a path across blocks
Unknown	RayFire.RFStress::SetSizeMultiplierOLD stack:-B8 in 3 locals: v700 at 320 Move v700 @ stack_-B8_v8 (System.Collections.Generic.List`1<System.Object>+Enumerator<System.Object>), v216.m_value (System.Int32) and 265 Call Enumerator<System.Object>.MoveNext, v666 @ X0_v27 (System.Boolean), &v633 @ stack_-B8_v6 (System.Collections.Generic.List`1<System.Object>+Enumerator<System.Object>) are joined by a path across blocks
NonAlias	Newtonsoft.Json.Converters.XmlNodeConverter::ValueAttributes stack:-88 in 2 locals: no path joins the address-take and the other names
Unknown	RayFire.RFFragment::SliceMeshes stack:-68 in 2 locals: v85 at 112 Call RFFragment.SetShatter, v794 @ X0_v45 (RayFire.DotNet.RFShatter), 0, 2, v402.mesh (UnityEngine.Mesh), v370 @ X0_v43 (UnityEngine.Transform), scr.materials (RayFire.RFSurface), v335.dec (System.Boolean), v335.rem (System.Boolean), v403.sd (System.Int32), v335.cap (System.Boolean), 4294967299, 0, v795 @ stack_-88 (System.Boolean), v144 @ stack_-80 (System.Boolean), v266 @ stack_-78 (System.Int32), v796 @ stack_-70 (System.Int32), v85 @ stack_-68 (System.Boolean) and -1 Move v308 @ X7_v4 (System.Int32), &v459 @ stack_-68_v9 (System.Collections.Generic.List`1<System.Collections.Generic.Dictionary`2<System.Int32, System.Int32>>) are joined by a path across blocks
Unknown	RayFire.RayfireCluster::ClusterizeClusterByAmount stack:-160 in 2 locals: v195 at -1 Move v195 @ stack_-160 (System.Int32), [v87 @ X0_v3 (System.Collections.Generic.List`1<RayFire.RFCluster>)] and 288 CallVoid Enumerator<UnityEngine.Vector3>.Dispose, &v1112 @ stack_-160_v11 (System.Collections.Generic.List`1<UnityEngine.Vector3>+Enumerator<UnityEngine.Vector3>) are joined by a path across blocks
Unknown	RayFire.RayfireCombine::SetData stack:-118 in 5 locals: v2367 at -1 Move v1213 @ V0_v4 (System.Single), v2367 @ stack_-118_v20 (System.Collections.Generic.List`1<UnityEngine.GameObject>) and -1 Move v881 @ stack_-120_v1, &v1179 @ stack_-118_v8 (System.Collections.Generic.List`1<System.Object>+Enumerator<System.Object>) are joined by a path across blocks
NonAlias	Block::CheckClear stack:-C0 in 2 locals: no path joins the address-take and the other names
Unknown	FluidCompute::RemoveParticles stack:-78 in 2 locals: v347 at -1 Move v347 @ stack_-78_v2 (System.Int32), [v346 @ X0_v11] and -1 Move v218 @ stack_-70_v2, &v65 @ stack_-78_v6 (System.Single) are joined by a path across blocks
Unknown	FBWindowsTournamentsManager::ConvertDataToDict stack:-98 in 2 locals: v259 at -1 Move v259 @ stack_-98_v4 (System.Int32), [v258 @ X0_v26] and 255 Call Enumerator<System.Object, System.Object>.MoveNext, v206 @ X0_v56 (System.Boolean), &v549 @ stack_-98_v6 (System.Collections.Generic.Dictionary`2<System.Object, System.Object>+Enumerator<System.Object, System.Object>) are joined by a path across blocks
Unknown	Level::AssignLocksToSections stack:-A8 in 2 locals: v495 at -1 Move v495 @ stack_-A8_v1 (System.Int32), 0 and 112 Call Enumerator<System.Object>.MoveNext, v412 @ X0_v71 (System.Boolean), &v369 @ stack_-A8_v8 (System.Collections.Generic.List`1<System.Object>+Enumerator<System.Object>) are joined by a path across blocks
Unknown	Level::CreateSideBackgrounds stack:-D8 in 2 locals: v89 at -1 Move v89 @ stack_-D8 (System.Int32), [this @ X0 (Level)] and -1 Move v373 @ stack_-D0_v2, &v521 @ stack_-D8_v8 (System.Collections.Generic.List`1<System.Object>+Enumerator<System.Object>) are joined by a path across blocks
NonAlias	Stone::CheckClear stack:-B0 in 2 locals: no path joins the address-take and the other names
Unknown	FluidSolver+<RadialDestroyRoutine>d__183::MoveNext stack:-118 in 2 locals: v1037 at -1 Move v1037 @ stack_-118_v14 (System.Int32), [this @ X0 (FluidSolver+<RadialDestroyRoutine>d__183)] and -1 Move v1031 @ stack_-110_v10, &v1325 @ stack_-118_v7 (System.Single) are joined by a path across blocks
Unknown	UIIconGenerator::UpdateIcons stack:-A8 in 2 locals: v333 at -1 Move v333 @ stack_-A8_v2 (System.Int32), [v330 @ X0_v11] and -1 Move v278 @ stack_-A0_v1, &v367 @ stack_-A8_v6 (System.Collections.Generic.List`1<System.Object>+Enumerator<System.Object>) are joined by a path across blocks
Unknown	RotatingSpecialFluid::OnPreComputeUpdate stack:-E8 in 2 locals: v501 at -1 Move v501 @ stack_-E8_v2 (System.Int32), [v500 @ X0_v12] and -1 Move v438 @ stack_-E0_v1, &v106 @ stack_-E8_v7 (System.Single) are joined by a path across blocks
Unknown	SDFCollider::Init stack:-78 in 5 locals: v576 at -1 Move v603 @ stack_-78_v9 (System.Double), v576 @ stack_-78_v11 (System.Double) and -1 Move v237 @ X1_v2 (UnityEngine.Object), &v365 @ stack_-78_v20 (System.Single) are joined by a path across blocks
Unknown	Sponge+<SuckUpWater>d__7::MoveNext stack:-C0 in 2 locals: v334 at -1 Move v334 @ stack_-C0_v1 (System.Int32), [v635 @ X0_v15] and -1 Move v515 @ stack_-B8_v4, &v351 @ stack_-C0_v9 (UnityEngine.Vector2) are joined by a path across blocks
Unknown	BFS.Essential.TweenCore.DoColor::ValueTo stack:-E0 in 2 locals: v82 at 58 Move v82 @ stack_-E0_v1 (System.Int32), 0 and 107 CallVoid AsyncTaskMethodBuilder.Start, v103 @ X21_v3 (System.Int32), &v130 @ stack_-E0_v2 (BFS.Essential.TweenCore.DoColor+<ValueTo>d__0) are joined by a path across blocks
Unknown	Sponge::OnPreComputeUpdate stack:-138 in 3 locals: v1550 at -1 Move v1082 @ V0_v52 (System.Single), v1550 @ stack_-138_v17 (System.Single) and 826 CallVoid Enumerator<System.Object>.Dispose, &v338 @ stack_-138_v11 (System.Collections.Generic.List`1<System.Object>+Enumerator<System.Object>) are joined by a path across blocks
Unknown	BFS.Essential.TweenCore.DoDelay::Delay stack:-90 in 2 locals: v60 at 36 Move v60 @ stack_-90_v1 (System.Int32), 0 and 76 CallVoid AsyncTaskMethodBuilder.Start, v81 @ X21_v3 (System.Int32), &v99 @ stack_-90_v2 (BFS.Essential.TweenCore.DoDelay+<Delay>d__0) are joined by a path across blocks
Unknown	BFS.Essential.TweenCore.DoFloat::ValueTo stack:-B0 in 2 locals: v67 at 41 Move v67 @ stack_-B0_v1 (System.Int32), 0 and 83 CallVoid AsyncTaskMethodBuilder.Start, v88 @ X21_v3 (System.Int32), &v108 @ stack_-B0_v2 (BFS.Essential.TweenCore.DoFloat+<ValueTo>d__0) are joined by a path across blocks
Unknown	BFS.Essential.TweenCore.DoVector::ValueTo stack:-E0 in 2 locals: v81 at 55 Move v81 @ stack_-E0_v1 (System.Int32), 0 and 100 CallVoid AsyncTaskMethodBuilder.Start, v101 @ X21_v3 (System.Int32), &v125 @ stack_-E0_v2 (BFS.Essential.TweenCore.DoVector+<ValueTo>d__0) are joined by a path across blocks
Unknown	FluidSolver::UserRemoveRegion stack:-A8 in 2 locals: v134 at -1 Move v134 @ stack_-A8 (System.Int32), [v200 @ X0_v13] and -1 Move v120 @ stack_-A0_v2, &v232 @ stack_-A8_v5 (UnityEngine.Vector2) are joined by a path across blocks
NonAlias	FluidSolver::BuildOctopusRegionMap stack:-C0 in 2 locals: no path joins the address-take and the other names
Unknown	BFS.Essential.DoRotation::ValueTo stack:-E0 in 2 locals: v82 at 58 Move v82 @ stack_-E0_v1 (System.Int32), 0 and 107 CallVoid AsyncTaskMethodBuilder.Start, v103 @ X21_v3 (System.Int32), &v130 @ stack_-E0_v2 (BFS.Essential.DoRotation+<ValueTo>d__0) are joined by a path across blocks
NonAlias	Facebook.Unity.FBSDKEventBinding::.ctor stack:-88 in 2 locals: no path joins the address-take and the other names
Unknown	Facebook.Unity.FBSDKEventBindingManager::.ctor stack:-98 in 2 locals: v100 at -1 Move v100 @ stack_-98 (System.Int32), [v261 @ X0_v16] and 226 CallVoid Enumerator<System.Object>.Dispose, &v192 @ stack_-98_v5 (System.Collections.Generic.List`1<System.Object>+Enumerator<System.Object>) are joined by a path across blocks
Unknown	Facebook.Unity.Editor.Dialogs.MockLoginDialog+<>c__DisplayClass4_1::<SendSuccessResult>b__1 stack:-A0 in 2 locals: v1005 at 407 Move v1005 @ stack_-A0_v8 (System.Collections.Generic.List`1<System.Object>+Enumerator<System.Object>), [v567 @ X0_v129 (System.String)] and 678 CallVoid Nullable`1<System.DateTime>..ctor, &v126 @ stack_-A0 (System.Nullable`1<System.DateTime>), v959 @ X0_v10 (System.DateTime) are joined by a path across blocks
Unknown	Facebook.Unity.Mobile.IOS.IOSFacebook::MarshallDict stack:-98 in 2 locals: v242 at -1 Move v242 @ stack_-98_v4 (System.Int32), [v376 @ X0_v38] and 137 Call Enumerator<System.Object, System.Object>.MoveNext, v328 @ X0_v28 (System.Boolean), &v299 @ stack_-98_v2 (System.Collections.Generic.Dictionary`2<System.Object, System.Object>+Enumerator<System.Object, System.Object>) are joined by a path across blocks
Unknown	DG.Tweening.DOTweenModuleUnityVersion::AsyncWaitForCompletion stack:-60 in 2 locals: v50 at 30 Move v50 @ stack_-60_v1 (System.Int32), 0 and 64 CallVoid AsyncTaskMethodBuilder.Start, v70 @ X20_v3 (System.Int32), &v83 @ stack_-60_v2 (DG.Tweening.DOTweenModuleUnityVersion+<AsyncWaitForCompletion>d__10) are joined by a path across blocks
Unknown	DG.Tweening.DOTweenModuleUnityVersion::AsyncWaitForRewind stack:-60 in 2 locals: v50 at 30 Move v50 @ stack_-60_v1 (System.Int32), 0 and 64 CallVoid AsyncTaskMethodBuilder.Start, v70 @ X20_v3 (System.Int32), &v83 @ stack_-60_v2 (DG.Tweening.DOTweenModuleUnityVersion+<AsyncWaitForRewind>d__11) are joined by a path across blocks
Unknown	DG.Tweening.DOTweenModuleUnityVersion::AsyncWaitForKill stack:-60 in 2 locals: v50 at 30 Move v50 @ stack_-60_v1 (System.Int32), 0 and 64 CallVoid AsyncTaskMethodBuilder.Start, v70 @ X20_v3 (System.Int32), &v83 @ stack_-60_v2 (DG.Tweening.DOTweenModuleUnityVersion+<AsyncWaitForKill>d__12) are joined by a path across blocks
Unknown	DG.Tweening.DOTweenModuleUnityVersion::AsyncWaitForElapsedLoops stack:-70 in 2 locals: v55 at 33 Move v55 @ stack_-70_v1 (System.Int32), 0 and 68 CallVoid AsyncTaskMethodBuilder.Start, v75 @ X21_v3 (System.Int32), &v89 @ stack_-70_v2 (DG.Tweening.DOTweenModuleUnityVersion+<AsyncWaitForElapsedLoops>d__13) are joined by a path across blocks
Unknown	DG.Tweening.DOTweenModuleUnityVersion::AsyncWaitForPosition stack:-70 in 2 locals: v55 at 33 Move v55 @ stack_-70_v1 (System.Int32), 0 and 68 CallVoid AsyncTaskMethodBuilder.Start, v75 @ X20_v3 (System.Int32), &v89 @ stack_-70_v2 (DG.Tweening.DOTweenModuleUnityVersion+<AsyncWaitForPosition>d__14) are joined by a path across blocks
Unknown	DG.Tweening.DOTweenModuleUnityVersion::AsyncWaitForStart stack:-60 in 2 locals: v50 at 30 Move v50 @ stack_-60_v1 (System.Int32), 0 and 64 CallVoid AsyncTaskMethodBuilder.Start, v70 @ X20_v3 (System.Int32), &v83 @ stack_-60_v2 (DG.Tweening.DOTweenModuleUnityVersion+<AsyncWaitForStart>d__15) are joined by a path across blocks
Unknown	Mono.Security.ASN1Convert::ToOid stack:-31 in 2 locals: v324 at 178 Add v327 @ X9_v10 (System.Int32), v324 @ stack_-31_v8 (System.Int32), 1 and 122 Call Byte.ToString, v197 @ X0_v32 (System.String), &v183 @ stack_-31_v5 (System.Byte), v346 @ X0_v30 (System.Globalization.CultureInfo) are joined by a path across blocks
Unknown	Facebook.Unity.Utilities::ParsePurchasesFromResult stack:-78 in 2 locals: v395 at -1 Move v395 @ stack_-78 (System.Int32), [v685 @ X0_v14] and 261 Call Enumerator<System.Object>.MoveNext, v747 @ X0_v51 (System.Boolean), &v711 @ stack_-78_v7 (System.Collections.Generic.List`1<System.Object>+Enumerator<System.Object>) are joined by a path across blocks
Unknown	Facebook.Unity.Utilities::ParseSubscriptionsFromResult stack:-78 in 2 locals: v395 at -1 Move v395 @ stack_-78 (System.Int32), [v685 @ X0_v14] and 261 Call Enumerator<System.Object>.MoveNext, v747 @ X0_v51 (System.Boolean), &v711 @ stack_-78_v7 (System.Collections.Generic.List`1<System.Object>+Enumerator<System.Object>) are joined by a path across blocks
TrueAlias	Voodoo.UI.Particles.UIParticleUpdater::BakeMesh stack:-2D0 in 4 locals: v2626 written at 1243 Move v2626 @ stack_-2D0_v6 (System.Single), v1097.m_value (System.Single) before 1279 Call Matrix4x4.op_Multiply, v2638 @ X0_v235 (UnityEngine.Matrix4x4), &v1097 @ stack_-2D0_v15 (System.Single), &v2345 @ V0_v22 (System.Single)
Unknown	Voodoo.UI.Particles.UIParticle::ClearPreviousMaterials stack:-88 in 3 locals: v99 at -1 Move v99 @ stack_-88 (System.Int32), 0 and -1 Move v173 @ stack_-80_v2, &v219 @ stack_-88_v5 (System.Collections.Generic.List`1<System.Object>+Enumerator<System.Object>) are joined by a path across blocks
Unknown	Facebook.Unity.Utilities::ParseStringDictionaryFromString stack:-98 in 2 locals: v249 at -1 Move v249 @ stack_-98_v4 (System.Int32), [v521 @ X0_v27] and 292 CallVoid Enumerator<System.Object, System.Object>.Dispose, &v343 @ stack_-98_v2 (System.Collections.Generic.Dictionary`2<System.Object, System.Object>+Enumerator<System.Object, System.Object>) are joined by a path across blocks
Unknown	Voodoo.UI.Particles.Utils.MeshHelper::Clear stack:-48 in 2 locals: v50 at -1 Move v50 @ stack_-48_v11 (System.Int32), 0 and 116 Call Enumerator<System.Object>.MoveNext, v209 @ X0_v21 (System.Boolean), &v172 @ stack_-48_v4 (System.Collections.Generic.List`1<System.Object>+Enumerator<System.Object>) are joined by a path across blocks
TrueAlias	RayFire.DotNet.RFShatter::GetCombinedSubMesh stack:-270 in 2 locals: v258 written at 261 Move v258 @ stack_-270 (System.Single), v877._dictionary (System.Collections.Generic.Dictionary`2<System.Int32, System.Int32>) before 297 Call Matrix4x4.op_Multiply, v930 @ X0_v42 (UnityEngine.Matrix4x4), &v877 @ stack_-270_v5 (System.Collections.Generic.Dictionary`2<System.Int32, System.Int32>+Enumerator<System.Int32, System.Int32>), &v258 @ stack_-270 (System.Single)
Unknown	RayFire.DotNet.RFShatter::WeldMeshes stack:-100 in 2 locals: v965 at -1 Move v258 @ V0_v15 (System.Single), v965 @ stack_-100_v10 (System.Single) and 141 Move v104 @ X8_v67, &v357 @ stack_-100_v12 (System.Collections.Generic.Dictionary`2<System.Int32, System.Int32>) are joined by a path across blocks
