Unknown	Newtonsoft.Json.JsonTextReader+<ParseConstructorAsync>d__25::MoveNext stack:-70 in 2 locals: v1150 at 671 Move v1150 @ stack_-70_v5 (System.Char), v1131[v273 @ X9_v5] and 452 CallVoid StringReference..ctor, &v378 @ stack_-70_v16 (Newtonsoft.Json.Utilities.StringReference), v1063._chars (System.Char[]), v35.<initialPosition>5__2 (System.Int32), v652 @ X3_v22 (System.Int32) are joined by a path across blocks
Unknown	Newtonsoft.Json.JsonReader::SkipAsync stack:-80 in 2 locals: v47 at 29 Move v47 @ stack_-80_v1 (System.Int32), 0 and 60 CallVoid AsyncTaskMethodBuilder.Start, v74 @ X20_v2 (System.Int32), &v77 @ stack_-80_v2 (Newtonsoft.Json.JsonReader+<SkipAsync>d__1) are joined by a path across blocks
Unknown	Newtonsoft.Json.JsonReader::ReaderReadAndAssertAsync stack:-70 in 2 locals: v46 at 28 Move v46 @ stack_-70_v1 (System.Int32), 0 and 59 CallVoid AsyncTaskMethodBuilder.Start, v73 @ X20_v2 (System.Int32), &v76 @ stack_-70_v2 (Newtonsoft.Json.JsonReader+<ReaderReadAndAssertAsync>d__2) are joined by a path across blocks
Unknown	Newtonsoft.Json.JsonReader::ReadArrayIntoByteArrayAsync stack:-80 in 2 locals: v49 at 36 Move v49 @ stack_-80_v1 (System.Int32), 0 and 67 CallVoid AsyncTaskMethodBuilder`1<System.Object>.Start, v67 @ X21_v5 (System.Int32), &v82 @ stack_-80_v3 (Newtonsoft.Json.JsonReader+<ReadArrayIntoByteArrayAsync>d__5) are joined by a path across blocks
Unknown	Newtonsoft.Json.JsonReader::ReadAndMoveToContentAsync stack:-70 in 2 locals: v48 at 35 Move v48 @ stack_-70_v1 (System.Int32), 0 and 70 CallVoid AsyncTaskMethodBuilder`1<System.Boolean>.Start, v83 @ X20_v2 (System.Int32), &v86 @ stack_-70_v2 (Newtonsoft.Json.JsonReader+<ReadAndMoveToContentAsync>d__12) are joined by a path across blocks
Unknown	Newtonsoft.Json.JsonReader::MoveToContentFromNonContentAsync stack:-70 in 2 locals: v48 at 35 Move v48 @ stack_-70_v1 (System.Int32), 0 and 70 CallVoid AsyncTaskMethodBuilder`1<System.Boolean>.Start, v83 @ X20_v2 (System.Int32), &v86 @ stack_-70_v2 (Newtonsoft.Json.JsonReader+<MoveToContentFromNonContentAsync>d__14) are joined by a path across blocks
Unknown	Newtonsoft.Json.JsonTextWriter::DoWritePropertyNameAsync stack:-90 in 2 locals: v54 at 34 Move v54 @ stack_-90_v1 (System.Int32), 0 and 66 CallVoid AsyncTaskMethodBuilder.Start, v79 @ X20_v2 (System.Int32), &v82 @ stack_-90_v2 (Newtonsoft.Json.JsonTextWriter+<DoWritePropertyNameAsync>d__30) are joined by a path across blocks
Unknown	Newtonsoft.Json.JsonTextWriter::DoWritePropertyNameAsync stack:-90 in 2 locals: v54 at 34 Move v54 @ stack_-90_v1 (System.Int32), 0 and 67 CallVoid AsyncTaskMethodBuilder.Start, v81 @ X20_v2 (System.Int32), &v84 @ stack_-90_v2 (Newtonsoft.Json.JsonTextWriter+<DoWritePropertyNameAsync>d__32) are joined by a path across blocks
Unknown	Newtonsoft.Json.JsonTextWriter::DoWriteStartArrayAsync stack:-80 in 2 locals: v50 at 31 Move v50 @ stack_-80_v1 (System.Int32), 0 and 63 CallVoid AsyncTaskMethodBuilder.Start, v77 @ X20_v2 (System.Int32), &v80 @ stack_-80_v2 (Newtonsoft.Json.JsonTextWriter+<DoWriteStartArrayAsync>d__35) are joined by a path across blocks
Unknown	Newtonsoft.Json.JsonTextWriter::DoWriteStartObjectAsync stack:-80 in 2 locals: v50 at 31 Move v50 @ stack_-80_v1 (System.Int32), 0 and 63 CallVoid AsyncTaskMethodBuilder.Start, v77 @ X20_v2 (System.Int32), &v80 @ stack_-80_v2 (Newtonsoft.Json.JsonTextWriter+<DoWriteStartObjectAsync>d__38) are joined by a path across blocks
Unknown	Newtonsoft.Json.JsonTextWriter::DoWriteStartConstructorAsync stack:-80 in 2 locals: v50 at 31 Move v50 @ stack_-80_v1 (System.Int32), 0 and 63 CallVoid AsyncTaskMethodBuilder.Start, v77 @ X20_v2 (System.Int32), &v80 @ stack_-80_v2 (Newtonsoft.Json.JsonTextWriter+<DoWriteStartConstructorAsync>d__40) are joined by a path across blocks
Unknown	Newtonsoft.Json.JsonTextWriter::DoWriteUndefinedAsync stack:-80 in 2 locals: v50 at 31 Move v50 @ stack_-80_v1 (System.Int32), 0 and 63 CallVoid AsyncTaskMethodBuilder.Start, v77 @ X20_v2 (System.Int32), &v80 @ stack_-80_v2 (Newtonsoft.Json.JsonTextWriter+<DoWriteUndefinedAsync>d__43) are joined by a path across blocks
Unknown	Newtonsoft.Json.JsonTextWriter::WriteValueNonNullAsync stack:-80 in 2 locals: v50 at 31 Move v50 @ stack_-80_v1 (System.Int32), 0 and 63 CallVoid AsyncTaskMethodBuilder.Start, v77 @ X20_v2 (System.Int32), &v80 @ stack_-80_v2 (Newtonsoft.Json.JsonTextWriter+<WriteValueNonNullAsync>d__54) are joined by a path across blocks
Unknown	Newtonsoft.Json.JsonTextWriter::DoWriteValueAsync stack:-80 in 2 locals: v50 at 31 Move v50 @ stack_-80_v1 (System.Int32), 0 and 63 CallVoid AsyncTaskMethodBuilder.Start, v77 @ X20_v2 (System.Int32), &v80 @ stack_-80_v2 (Newtonsoft.Json.JsonTextWriter+<DoWriteValueAsync>d__60) are joined by a path across blocks
Unknown	Newtonsoft.Json.JsonTextWriter::DoWriteValueAsync stack:-90 in 2 locals: v54 at 34 Move v54 @ stack_-90_v1 (System.Int32), 0 and 66 CallVoid AsyncTaskMethodBuilder.Start, v80 @ X20_v2 (System.Int32), &v83 @ stack_-90_v2 (Newtonsoft.Json.JsonTextWriter+<DoWriteValueAsync>d__64) are joined by a path across blocks
Unknown	Newtonsoft.Json.JsonWriter::AutoCompleteAsync stack:-70 in 2 locals: v46 at 28 Move v46 @ stack_-70_v1 (System.Int32), 0 and 59 CallVoid AsyncTaskMethodBuilder.Start, v73 @ X20_v2 (System.Int32), &v76 @ stack_-70_v2 (Newtonsoft.Json.JsonWriter+<AutoCompleteAsync>d__1) are joined by a path across blocks
Unknown	Newtonsoft.Json.JsonWriter::InternalWriteStartAsync stack:-90 in 2 locals: v54 at 34 Move v54 @ stack_-90_v1 (System.Int32), 0 and 66 CallVoid AsyncTaskMethodBuilder.Start, v79 @ X20_v2 (System.Int32), &v82 @ stack_-90_v2 (Newtonsoft.Json.JsonWriter+<InternalWriteStartAsync>d__20) are joined by a path across blocks
Unknown	Newtonsoft.Json.JsonTextWriter::DoWriteValueAsync stack:-90 in 2 locals: v54 at 34 Move v54 @ stack_-90_v1 (System.Int32), 0 and 66 CallVoid AsyncTaskMethodBuilder.Start, v80 @ X20_v2 (System.Int32), &v83 @ stack_-90_v2 (Newtonsoft.Json.JsonTextWriter+<DoWriteValueAsync>d__78) are joined by a path across blocks
Unknown	Newtonsoft.Json.JsonWriter::WriteTokenAsync stack:-C0 in 2 locals: v61 at 39 Move v61 @ stack_-C0_v1 (System.Int32), 0 and 77 CallVoid AsyncTaskMethodBuilder.Start, v90 @ X20_v2 (System.Int32), &v93 @ stack_-C0_v2 (Newtonsoft.Json.JsonWriter+<WriteTokenAsync>d__30) are joined by a path across blocks
Unknown	Newtonsoft.Json.JsonWriter::WriteTokenSyncReadingAsync stack:-80 in 2 locals: v51 at 32 Move v51 @ stack_-80_v1 (System.Int32), 0 and 63 CallVoid AsyncTaskMethodBuilder.Start, v77 @ X20_v2 (System.Int32), &v80 @ stack_-80_v2 (Newtonsoft.Json.JsonWriter+<WriteTokenSyncReadingAsync>d__31) are joined by a path across blocks
Unknown	Newtonsoft.Json.JsonWriter::WriteConstructorDateAsync stack:-90 in 2 locals: v51 at 32 Move v51 @ stack_-90_v1 (System.Int32), 0 and 64 CallVoid AsyncTaskMethodBuilder.Start, v78 @ X20_v2 (System.Int32), &v81 @ stack_-90_v2 (Newtonsoft.Json.JsonWriter+<WriteConstructorDateAsync>d__32) are joined by a path across blocks
Unknown	Newtonsoft.Json.JsonTextReader::DoReadAsync stack:-90 in 2 locals: v52 at 38 Move v52 @ stack_-90_v1 (System.Int32), 0 and 74 CallVoid AsyncTaskMethodBuilder`1<System.Boolean>.Start, v87 @ X20_v2 (System.Int32), &v90 @ stack_-90_v2 (Newtonsoft.Json.JsonTextReader+<DoReadAsync>d__3) are joined by a path across blocks
Unknown	Newtonsoft.Json.JsonTextReader::ParsePostValueAsync stack:-A0 in 2 locals: v54 at 40 Move v54 @ stack_-A0_v1 (System.Int32), 0 and 76 CallVoid AsyncTaskMethodBuilder`1<System.Boolean>.Start, v89 @ X20_v2 (System.Int32), &v92 @ stack_-A0_v2 (Newtonsoft.Json.JsonTextReader+<ParsePostValueAsync>d__4) are joined by a path across blocks
Unknown	Newtonsoft.Json.JsonTextReader::ReadFromFinishedAsync stack:-80 in 2 locals: v50 at 37 Move v50 @ stack_-80_v1 (System.Int32), 0 and 71 CallVoid AsyncTaskMethodBuilder`1<System.Boolean>.Start, v84 @ X20_v2 (System.Int32), &v87 @ stack_-80_v2 (Newtonsoft.Json.JsonTextReader+<ReadFromFinishedAsync>d__5) are joined by a path across blocks
Unknown	Newtonsoft.Json.JsonTextReader::ReadDataAsync stack:-90 in 2 locals: v55 at 40 Move v55 @ stack_-90_v1 (System.Int32), 0 and 78 CallVoid AsyncTaskMethodBuilder`1<System.Int32>.Start, v90 @ X20_v2 (System.Int32), &v93 @ stack_-90_v2 (Newtonsoft.Json.JsonTextReader+<ReadDataAsync>d__7) are joined by a path across blocks
Unknown	Newtonsoft.Json.JsonTextReader::ParseValueAsync stack:-A0 in 2 locals: v52 at 39 Move v52 @ stack_-A0_v1 (System.Int32), 0 and 73 CallVoid AsyncTaskMethodBuilder`1<System.Boolean>.Start, v86 @ X20_v2 (System.Int32), &v89 @ stack_-A0_v2 (Newtonsoft.Json.JsonTextReader+<ParseValueAsync>d__8) are joined by a path across blocks
Unknown	Newtonsoft.Json.JsonTextReader::ProcessCarriageReturnAsync stack:-70 in 2 locals: v46 at 28 Move v46 @ stack_-70_v1 (System.Int32), 0 and 59 CallVoid AsyncTaskMethodBuilder.Start, v73 @ X20_v2 (System.Int32), &v76 @ stack_-70_v2 (Newtonsoft.Json.JsonTextReader+<ProcessCarriageReturnAsync>d__11) are joined by a path across blocks
Unknown	Newtonsoft.Json.JsonTextReader::ParseUnicodeAsync stack:-70 in 2 locals: v48 at 35 Move v48 @ stack_-70_v1 (System.Int32), 0 and 70 CallVoid AsyncTaskMethodBuilder`1<System.Char>.Start, v83 @ X20_v2 (System.Int32), &v86 @ stack_-70_v2 (Newtonsoft.Json.JsonTextReader+<ParseUnicodeAsync>d__12) are joined by a path across blocks
Unknown	Newtonsoft.Json.JsonTextReader::ReadCharsAsync stack:-90 in 2 locals: v56 at 41 Move v56 @ stack_-90_v1 (System.Int32), 0 and 78 CallVoid AsyncTaskMethodBuilder`1<System.Boolean>.Start, v90 @ X20_v2 (System.Int32), &v93 @ stack_-90_v2 (Newtonsoft.Json.JsonTextReader+<ReadCharsAsync>d__14) are joined by a path across blocks
Unknown	Newtonsoft.Json.JsonTextReader::ParseObjectAsync stack:-90 in 2 locals: v50 at 37 Move v50 @ stack_-90_v1 (System.Int32), 0 and 72 CallVoid AsyncTaskMethodBuilder`1<System.Boolean>.Start, v85 @ X20_v2 (System.Int32), &v88 @ stack_-90_v2 (Newtonsoft.Json.JsonTextReader+<ParseObjectAsync>d__15) are joined by a path across blocks
Unknown	Newtonsoft.Json.JsonTextReader::ParseCommentAsync stack:-A0 in 2 locals: v52 at 33 Move v52 @ stack_-A0_v1 (System.Int32), 0 and 66 CallVoid AsyncTaskMethodBuilder.Start, v80 @ X20_v2 (System.Int32), &v83 @ stack_-A0_v2 (Newtonsoft.Json.JsonTextReader+<ParseCommentAsync>d__16) are joined by a path across blocks
Unknown	Newtonsoft.Json.JsonTextReader::EatWhitespaceAsync stack:-80 in 2 locals: v48 at 30 Move v48 @ stack_-80_v1 (System.Int32), 0 and 60 CallVoid AsyncTaskMethodBuilder.Start, v74 @ X20_v2 (System.Int32), &v77 @ stack_-80_v2 (Newtonsoft.Json.JsonTextReader+<EatWhitespaceAsync>d__17) are joined by a path across blocks
Unknown	Newtonsoft.Json.JsonTextReader::ParseStringAsync stack:-90 in 2 locals: v53 at 33 Move v53 @ stack_-90_v1 (System.Int32), 0 and 66 CallVoid AsyncTaskMethodBuilder.Start, v79 @ X20_v2 (System.Int32), &v82 @ stack_-90_v2 (Newtonsoft.Json.JsonTextReader+<ParseStringAsync>d__18) are joined by a path across blocks
Unknown	Newtonsoft.Json.JsonTextReader::MatchValueAsync stack:-90 in 2 locals: v52 at 38 Move v52 @ stack_-90_v1 (System.Int32), 0 and 74 CallVoid AsyncTaskMethodBuilder`1<System.Boolean>.Start, v87 @ X20_v2 (System.Int32), &v90 @ stack_-90_v2 (Newtonsoft.Json.JsonTextReader+<MatchValueAsync>d__19) are joined by a path across blocks
Unknown	Newtonsoft.Json.JsonTextReader::MatchValueWithTrailingSeparatorAsync stack:-90 in 2 locals: v52 at 38 Move v52 @ stack_-90_v1 (System.Int32), 0 and 74 CallVoid AsyncTaskMethodBuilder`1<System.Boolean>.Start, v87 @ X20_v2 (System.Int32), &v90 @ stack_-90_v2 (Newtonsoft.Json.JsonTextReader+<MatchValueWithTrailingSeparatorAsync>d__20) are joined by a path across blocks
Unknown	Newtonsoft.Json.JsonTextReader::MatchAndSetAsync stack:-A0 in 2 locals: v58 at 37 Move v58 @ stack_-A0_v1 (System.Int32), 0 and 70 CallVoid AsyncTaskMethodBuilder.Start, v84 @ X20_v2 (System.Int32), &v87 @ stack_-A0_v2 (Newtonsoft.Json.JsonTextReader+<MatchAndSetAsync>d__21) are joined by a path across blocks
Unknown	Newtonsoft.Json.JsonTextReader::ParseConstructorAsync stack:-A0 in 2 locals: v50 at 32 Move v50 @ stack_-A0_v1 (System.Int32), 0 and 62 CallVoid AsyncTaskMethodBuilder.Start, v76 @ X20_v2 (System.Int32), &v79 @ stack_-A0_v2 (Newtonsoft.Json.JsonTextReader+<ParseConstructorAsync>d__25) are joined by a path across blocks
Unknown	Newtonsoft.Json.JsonTextReader::ParseNumberNaNAsync stack:-90 in 2 locals: v53 at 39 Move v53 @ stack_-90_v1 (System.Int32), 0 and 74 CallVoid AsyncTaskMethodBuilder`1<System.Object>.Start, v87 @ X19_v2 (System.Int32), &v90 @ stack_-90_v2 (Newtonsoft.Json.JsonTextReader+<ParseNumberNaNAsync>d__26) are joined by a path across blocks
Unknown	Newtonsoft.Json.JsonTextReader::ParseNumberPositiveInfinityAsync stack:-90 in 2 locals: v53 at 39 Move v53 @ stack_-90_v1 (System.Int32), 0 and 74 CallVoid AsyncTaskMethodBuilder`1<System.Object>.Start, v87 @ X19_v2 (System.Int32), &v90 @ stack_-90_v2 (Newtonsoft.Json.JsonTextReader+<ParseNumberPositiveInfinityAsync>d__27) are joined by a path across blocks
Unknown	Newtonsoft.Json.JsonTextReader::ParseNumberNegativeInfinityAsync stack:-90 in 2 locals: v53 at 39 Move v53 @ stack_-90_v1 (System.Int32), 0 and 74 CallVoid AsyncTaskMethodBuilder`1<System.Object>.Start, v87 @ X19_v2 (System.Int32), &v90 @ stack_-90_v2 (Newtonsoft.Json.JsonTextReader+<ParseNumberNegativeInfinityAsync>d__28) are joined by a path across blocks
Unknown	Newtonsoft.Json.JsonTextReader::ParseNumberAsync stack:-80 in 2 locals: v51 at 32 Move v51 @ stack_-80_v1 (System.Int32), 0 and 63 CallVoid AsyncTaskMethodBuilder.Start, v77 @ X20_v2 (System.Int32), &v80 @ stack_-80_v2 (Newtonsoft.Json.JsonTextReader+<ParseNumberAsync>d__29) are joined by a path across blocks
Unknown	Newtonsoft.Json.JsonTextReader::ParsePropertyAsync stack:-80 in 2 locals: v50 at 37 Move v50 @ stack_-80_v1 (System.Int32), 0 and 71 CallVoid AsyncTaskMethodBuilder`1<System.Boolean>.Start, v84 @ X20_v2 (System.Int32), &v87 @ stack_-80_v2 (Newtonsoft.Json.JsonTextReader+<ParsePropertyAsync>d__31) are joined by a path across blocks
Unknown	Newtonsoft.Json.JsonTextReader::ReadNumberIntoBufferAsync stack:-80 in 2 locals: v47 at 29 Move v47 @ stack_-80_v1 (System.Int32), 0 and 60 CallVoid AsyncTaskMethodBuilder.Start, v74 @ X20_v2 (System.Int32), &v77 @ stack_-80_v2 (Newtonsoft.Json.JsonTextReader+<ReadNumberIntoBufferAsync>d__32) are joined by a path across blocks
Unknown	Newtonsoft.Json.JsonTextReader::ParseUnquotedPropertyAsync stack:-80 in 2 locals: v47 at 29 Move v47 @ stack_-80_v1 (System.Int32), 0 and 60 CallVoid AsyncTaskMethodBuilder.Start, v74 @ X20_v2 (System.Int32), &v77 @ stack_-80_v2 (Newtonsoft.Json.JsonTextReader+<ParseUnquotedPropertyAsync>d__33) are joined by a path across blocks
Unknown	Newtonsoft.Json.JsonTextReader::ReadNullCharAsync stack:-70 in 2 locals: v48 at 35 Move v48 @ stack_-70_v1 (System.Int32), 0 and 70 CallVoid AsyncTaskMethodBuilder`1<System.Boolean>.Start, v83 @ X20_v2 (System.Int32), &v86 @ stack_-70_v2 (Newtonsoft.Json.JsonTextReader+<ReadNullCharAsync>d__34) are joined by a path across blocks
Unknown	Newtonsoft.Json.JsonTextReader::HandleNullAsync stack:-80 in 2 locals: v48 at 30 Move v48 @ stack_-80_v1 (System.Int32), 0 and 60 CallVoid AsyncTaskMethodBuilder.Start, v74 @ X20_v2 (System.Int32), &v77 @ stack_-80_v2 (Newtonsoft.Json.JsonTextReader+<HandleNullAsync>d__35) are joined by a path across blocks
Unknown	Newtonsoft.Json.JsonTextReader::ReadFinishedAsync stack:-80 in 2 locals: v48 at 30 Move v48 @ stack_-80_v1 (System.Int32), 0 and 60 CallVoid AsyncTaskMethodBuilder.Start, v74 @ X20_v2 (System.Int32), &v77 @ stack_-80_v2 (Newtonsoft.Json.JsonTextReader+<ReadFinishedAsync>d__36) are joined by a path across blocks
Unknown	Newtonsoft.Json.JsonTextReader::ReadStringValueAsync stack:-B0 in 2 locals: v55 at 41 Move v55 @ stack_-B0_v1 (System.Int32), 0 and 76 CallVoid AsyncTaskMethodBuilder`1<System.Object>.Start, v89 @ X20_v2 (System.Int32), &v92 @ stack_-B0_v2 (Newtonsoft.Json.JsonTextReader+<ReadStringValueAsync>d__37) are joined by a path across blocks
Unknown	Newtonsoft.Json.JsonTextReader::ReadNumberValueAsync stack:-B0 in 2 locals: v54 at 40 Move v54 @ stack_-B0_v1 (System.Int32), 0 and 76 CallVoid AsyncTaskMethodBuilder`1<System.Object>.Start, v89 @ X20_v2 (System.Int32), &v92 @ stack_-B0_v2 (Newtonsoft.Json.JsonTextReader+<ReadNumberValueAsync>d__38) are joined by a path across blocks
Unknown	Newtonsoft.Json.JsonTextWriter::DoWriteValueAsync stack:-90 in 2 locals: v54 at 34 Move v54 @ stack_-90_v1 (System.Int32), 0 and 66 CallVoid AsyncTaskMethodBuilder.Start, v79 @ X20_v2 (System.Int32), &v82 @ stack_-90_v2 (Newtonsoft.Json.JsonTextWriter+<DoWriteValueAsync>d__97) are joined by a path across blocks
Unknown	Newtonsoft.Json.JsonTextReader::DoReadAsBooleanAsync stack:-A0 in 2 locals: v51 at 38 Move v51 @ stack_-A0_v1 (System.Int32), 0 and 73 CallVoid AsyncTaskMethodBuilder`1<System.Nullable`1<System.Boolean>>.Start, v86 @ X20_v2 (System.Int32), &v89 @ stack_-A0_v2 (Newtonsoft.Json.JsonTextReader+<DoReadAsBooleanAsync>d__40) are joined by a path across blocks
Unknown	Newtonsoft.Json.JsonTextWriter::DoWriteValueAsync stack:-80 in 2 locals: v50 at 31 Move v50 @ stack_-80_v1 (System.Int32), 0 and 63 CallVoid AsyncTaskMethodBuilder.Start, v77 @ X20_v2 (System.Int32), &v80 @ stack_-80_v2 (Newtonsoft.Json.JsonTextWriter+<DoWriteValueAsync>d__99) are joined by a path across blocks
Unknown	Newtonsoft.Json.JsonTextReader::DoReadAsBytesAsync stack:-A0 in 2 locals: v52 at 39 Move v52 @ stack_-A0_v1 (System.Int32), 0 and 69 CallVoid AsyncTaskMethodBuilder`1<System.Object>.Start, v69 @ X21_v5 (System.Int32), &v84 @ stack_-A0_v3 (Newtonsoft.Json.JsonTextReader+<DoReadAsBytesAsync>d__42) are joined by a path across blocks
Unknown	Newtonsoft.Json.JsonTextReader::ReadIntoWrappedTypeObjectAsync stack:-70 in 2 locals: v46 at 28 Move v46 @ stack_-70_v1 (System.Int32), 0 and 59 CallVoid AsyncTaskMethodBuilder.Start, v73 @ X20_v2 (System.Int32), &v76 @ stack_-70_v2 (Newtonsoft.Json.JsonTextReader+<ReadIntoWrappedTypeObjectAsync>d__43) are joined by a path across blocks
Unknown	Newtonsoft.Json.JsonTextReader::DoReadAsDateTimeAsync stack:-70 in 2 locals: v48 at 35 Move v48 @ stack_-70_v1 (System.Int32), 0 and 70 CallVoid AsyncTaskMethodBuilder`1<System.Nullable`1<System.DateTime>>.Start, v83 @ X20_v2 (System.Int32), &v86 @ stack_-70_v2 (Newtonsoft.Json.JsonTextReader+<DoReadAsDateTimeAsync>d__45) are joined by a path across blocks
Unknown	Newtonsoft.Json.JsonTextReader::DoReadAsDateTimeOffsetAsync stack:-70 in 2 locals: v48 at 35 Move v48 @ stack_-70_v1 (System.Int32), 0 and 70 CallVoid AsyncTaskMethodBuilder`1<System.Nullable`1<System.DateTimeOffset>>.Start, v83 @ X20_v2 (System.Int32), &v86 @ stack_-70_v2 (Newtonsoft.Json.JsonTextReader+<DoReadAsDateTimeOffsetAsync>d__47) are joined by a path across blocks
Unknown	Newtonsoft.Json.JsonTextReader::DoReadAsDecimalAsync stack:-70 in 2 locals: v48 at 35 Move v48 @ stack_-70_v1 (System.Int32), 0 and 70 CallVoid AsyncTaskMethodBuilder`1<System.Nullable`1<System.Decimal>>.Start, v83 @ X20_v2 (System.Int32), &v86 @ stack_-70_v2 (Newtonsoft.Json.JsonTextReader+<DoReadAsDecimalAsync>d__49) are joined by a path across blocks
Unknown	Newtonsoft.Json.JsonTextReader::DoReadAsDoubleAsync stack:-70 in 2 locals: v48 at 35 Move v48 @ stack_-70_v1 (System.Int32), 0 and 70 CallVoid AsyncTaskMethodBuilder`1<System.Nullable`1<System.Double>>.Start, v83 @ X20_v2 (System.Int32), &v86 @ stack_-70_v2 (Newtonsoft.Json.JsonTextReader+<DoReadAsDoubleAsync>d__51) are joined by a path across blocks
Unknown	Newtonsoft.Json.JsonTextReader::DoReadAsInt32Async stack:-70 in 2 locals: v48 at 35 Move v48 @ stack_-70_v1 (System.Int32), 0 and 70 CallVoid AsyncTaskMethodBuilder`1<System.Nullable`1<System.Int32>>.Start, v83 @ X20_v2 (System.Int32), &v86 @ stack_-70_v2 (Newtonsoft.Json.JsonTextReader+<DoReadAsInt32Async>d__53) are joined by a path across blocks
Unknown	Newtonsoft.Json.JsonTextReader::DoReadAsStringAsync stack:-70 in 2 locals: v48 at 35 Move v48 @ stack_-70_v1 (System.Int32), 0 and 66 CallVoid AsyncTaskMethodBuilder`1<System.Object>.Start, v66 @ X21_v5 (System.Int32), &v81 @ stack_-70_v3 (Newtonsoft.Json.JsonTextReader+<DoReadAsStringAsync>d__55) are joined by a path across blocks
Unknown	Newtonsoft.Json.JsonTextWriter::WriteValueNotNullAsync stack:-90 in 2 locals: v54 at 34 Move v54 @ stack_-90_v1 (System.Int32), 0 and 66 CallVoid AsyncTaskMethodBuilder.Start, v79 @ X20_v2 (System.Int32), &v82 @ stack_-90_v2 (Newtonsoft.Json.JsonTextWriter+<WriteValueNotNullAsync>d__110) are joined by a path across blocks
Unknown	Newtonsoft.Json.JsonTextWriter::DoWriteCommentAsync stack:-80 in 2 locals: v50 at 31 Move v50 @ stack_-80_v1 (System.Int32), 0 and 63 CallVoid AsyncTaskMethodBuilder.Start, v77 @ X20_v2 (System.Int32), &v80 @ stack_-80_v2 (Newtonsoft.Json.JsonTextWriter+<DoWriteCommentAsync>d__115) are joined by a path across blocks
Unknown	Newtonsoft.Json.JsonTextWriter::DoWriteRawValueAsync stack:-90 in 2 locals: v54 at 34 Move v54 @ stack_-90_v1 (System.Int32), 0 and 66 CallVoid AsyncTaskMethodBuilder.Start, v79 @ X20_v2 (System.Int32), &v82 @ stack_-90_v2 (Newtonsoft.Json.JsonTextWriter+<DoWriteRawValueAsync>d__121) are joined by a path across blocks
Unknown	Newtonsoft.Json.JsonWriter::<InternalWriteEndAsync>g__AwaitProperty|11_0 stack:-90 in 2 locals: v57 at 36 Move v57 @ stack_-90_v1 (System.Int32), 0 and 69 CallVoid AsyncTaskMethodBuilder.Start, v83 @ X20_v2 (System.Int32), &v86 @ stack_-90_v2 (Newtonsoft.Json.JsonWriter+<<InternalWriteEndAsync>g__AwaitProperty|11_0>d) are joined by a path across blocks
Unknown	Newtonsoft.Json.JsonWriter::<InternalWriteEndAsync>g__AwaitIndent|11_1 stack:-A0 in 2 locals: v58 at 37 Move v58 @ stack_-A0_v1 (System.Int32), 0 and 70 CallVoid AsyncTaskMethodBuilder.Start, v83 @ X20_v2 (System.Int32), &v86 @ stack_-A0_v2 (Newtonsoft.Json.JsonWriter+<<InternalWriteEndAsync>g__AwaitIndent|11_1>d) are joined by a path across blocks
Unknown	Newtonsoft.Json.JsonWriter::<InternalWriteEndAsync>g__AwaitEnd|11_2 stack:-90 in 2 locals: v54 at 34 Move v54 @ stack_-90_v1 (System.Int32), 0 and 66 CallVoid AsyncTaskMethodBuilder.Start, v79 @ X20_v2 (System.Int32), &v82 @ stack_-90_v2 (Newtonsoft.Json.JsonWriter+<<InternalWriteEndAsync>g__AwaitEnd|11_2>d) are joined by a path across blocks
Unknown	Newtonsoft.Json.JsonWriter::<InternalWriteEndAsync>g__AwaitRemaining|11_3 stack:-80 in 2 locals: v50 at 31 Move v50 @ stack_-80_v1 (System.Int32), 0 and 63 CallVoid AsyncTaskMethodBuilder.Start, v77 @ X20_v2 (System.Int32), &v80 @ stack_-80_v2 (Newtonsoft.Json.JsonWriter+<<InternalWriteEndAsync>g__AwaitRemaining|11_3>d) are joined by a path across blocks
Unknown	Newtonsoft.Json.JsonTextWriter::DoCloseAsync stack:-70 in 2 locals: v46 at 28 Move v46 @ stack_-70_v1 (System.Int32), 0 and 59 CallVoid AsyncTaskMethodBuilder.Start, v73 @ X20_v2 (System.Int32), &v76 @ stack_-70_v2 (Newtonsoft.Json.JsonTextWriter+<DoCloseAsync>d__8) are joined by a path across blocks
Unknown	Newtonsoft.Json.JsonTextWriter::CloseBufferAndWriterAsync stack:-60 in 2 locals: v44 at 27 Move v44 @ stack_-60_v1 (System.Int32), 0 and 56 CallVoid AsyncTaskMethodBuilder.Start, v68 @ X20_v5 (System.Int32), &v71 @ stack_-60_v2 (Newtonsoft.Json.JsonTextWriter+<CloseBufferAndWriterAsync>d__9) are joined by a path across blocks
Unknown	Newtonsoft.Json.JsonTextWriter::WriteIndentAsync stack:-90 in 2 locals: v53 at 33 Move v53 @ stack_-90_v1 (System.Int32), 0 and 66 CallVoid AsyncTaskMethodBuilder.Start, v79 @ X20_v2 (System.Int32), &v82 @ stack_-90_v2 (Newtonsoft.Json.JsonTextWriter+<WriteIndentAsync>d__13) are joined by a path across blocks
Unknown	Newtonsoft.Json.JsonTextWriter::WriteValueInternalAsync stack:-90 in 2 locals: v54 at 34 Move v54 @ stack_-90_v1 (System.Int32), 0 and 66 CallVoid AsyncTaskMethodBuilder.Start, v79 @ X20_v2 (System.Int32), &v82 @ stack_-90_v2 (Newtonsoft.Json.JsonTextWriter+<WriteValueInternalAsync>d__15) are joined by a path across blocks
Unknown	Newtonsoft.Json.JsonTextWriter::WriteIntegerValueAsync stack:-A0 in 2 locals: v58 at 37 Move v58 @ stack_-A0_v1 (System.Int32), 0 and 71 CallVoid AsyncTaskMethodBuilder.Start, v84 @ X20_v2 (System.Int32), &v87 @ stack_-A0_v2 (Newtonsoft.Json.JsonTextWriter+<WriteIntegerValueAsync>d__24) are joined by a path across blocks
Unknown	Newtonsoft.Json.Utilities.Base64Encoder::EncodeAsync stack:-A0 in 2 locals: v58 at 37 Move v58 @ stack_-A0_v1 (System.Int32), 0 and 70 CallVoid AsyncTaskMethodBuilder.Start, v83 @ X20_v2 (System.Int32), &v86 @ stack_-A0_v2 (Newtonsoft.Json.Utilities.Base64Encoder+<EncodeAsync>d__13) are joined by a path across blocks
Unknown	Newtonsoft.Json.Serialization.DefaultContractResolver::SetPropertySettingsFromAttributes stack:-68 in 2 locals: v695 at 395 Move v695 @ stack_-68_v8 (System.Nullable`1<System.Int32>), 0 and 444 CallVoid Nullable`1<System.Int32Enum>..ctor, &v623 @ stack_-68_v4 (System.Nullable`1<System.Int32Enum>), 2 are joined by a path across blocks
Unknown	Newtonsoft.Json.Serialization.JsonObjectContract::get_HasRequiredOrDefaultValueProperties stack:-68 in 2 locals: v795 at -1 Move v395 @ X8_v36 (System.Nullable`1<System.Int32Enum>), v795 @ stack_-68_v13 (System.Nullable`1<System.Int32Enum>) and 248 CallVoid Nullable`1<System.Boolean>..ctor, &v61 @ stack_-68_v2 (System.Nullable`1<System.Boolean>), 1 are joined by a path across blocks
Unknown	Newtonsoft.Json.Utilities.JavaScriptUtils::WriteEscapedJavaScriptStringWithDelimitersAsync stack:-E0 in 2 locals: v69 at 45 Move v69 @ stack_-E0_v1 (System.Int32), 0 and 83 CallVoid AsyncTaskMethodBuilder.Start, v97 @ X19_v2 (System.Int32), &v100 @ stack_-E0_v2 (Newtonsoft.Json.Utilities.JavaScriptUtils+<WriteEscapedJavaScriptStringWithDelimitersAsync>d__13) are joined by a path across blocks
Unknown	Newtonsoft.Json.Utilities.JavaScriptUtils::WriteCharAsync stack:-90 in 2 locals: v54 at 34 Move v54 @ stack_-90_v1 (System.Int32), 0 and 66 CallVoid AsyncTaskMethodBuilder.Start, v79 @ X20_v2 (System.Int32), &v82 @ stack_-90_v2 (Newtonsoft.Json.Utilities.JavaScriptUtils+<WriteCharAsync>d__14) are joined by a path across blocks
Unknown	Newtonsoft.Json.Utilities.JavaScriptUtils::WriteDefinitelyEscapedJavaScriptStringWithoutDelimitersAsync stack:-E0 in 2 locals: v68 at 44 Move v68 @ stack_-E0_v1 (System.Int32), 0 and 81 CallVoid AsyncTaskMethodBuilder.Start, v95 @ X20_v2 (System.Int32), &v98 @ stack_-E0_v2 (Newtonsoft.Json.Utilities.JavaScriptUtils+<WriteDefinitelyEscapedJavaScriptStringWithoutDelimitersAsync>d__16) are joined by a path across blocks
NonAlias	Newtonsoft.Json.Utilities.JavaScriptUtils::TryGetDateConstructorValue stack:-48 in 2 locals: no path joins the address-take and the other names
Unknown	Newtonsoft.Json.Schema.JsonSchemaBuilder::ProcessSchemaProperties stack:-70 in 9 locals: v194 at 1399 Move v223.<ReadOnly>k__BackingField (System.Nullable`1<System.Boolean>), v194 @ stack_-70_v36 (System.Nullable`1<System.Boolean>) and 1479 CallVoid Nullable`1<System.Boolean>..ctor, &v195 @ stack_-70_v30 (System.Nullable`1<System.Boolean>), v2151 @ X0_v97 (System.Boolean) are joined by a path across blocks
Unknown	Newtonsoft.Json.Linq.JArray::WriteToAsync stack:-A0 in 2 locals: v55 at 35 Move v55 @ stack_-A0_v1 (System.Int32), 0 and 67 CallVoid AsyncTaskMethodBuilder.Start, v80 @ X20_v2 (System.Int32), &v83 @ stack_-A0_v2 (Newtonsoft.Json.Linq.JArray+<WriteToAsync>d__0) are joined by a path across blocks
Unknown	Newtonsoft.Json.Linq.JArray::LoadAsync stack:-A0 in 2 locals: v53 at 39 Move v53 @ stack_-A0_v1 (System.Int32), 0 and 71 CallVoid AsyncTaskMethodBuilder`1<System.Object>.Start, v71 @ X22_v5 (System.Int32), &v86 @ stack_-A0_v3 (Newtonsoft.Json.Linq.JArray+<LoadAsync>d__2) are joined by a path across blocks
Unknown	Newtonsoft.Json.Linq.JConstructor::WriteToAsync stack:-A0 in 2 locals: v55 at 35 Move v55 @ stack_-A0_v1 (System.Int32), 0 and 67 CallVoid AsyncTaskMethodBuilder.Start, v80 @ X20_v2 (System.Int32), &v83 @ stack_-A0_v2 (Newtonsoft.Json.Linq.JConstructor+<WriteToAsync>d__0) are joined by a path across blocks
Unknown	Newtonsoft.Json.Linq.JConstructor::LoadAsync stack:-A0 in 2 locals: v53 at 39 Move v53 @ stack_-A0_v1 (System.Int32), 0 and 71 CallVoid AsyncTaskMethodBuilder`1<System.Object>.Start, v71 @ X22_v5 (System.Int32), &v86 @ stack_-A0_v3 (Newtonsoft.Json.Linq.JConstructor+<LoadAsync>d__2) are joined by a path across blocks
Unknown	Newtonsoft.Json.Schema.JsonSchemaGenerator::GenerateInternal stack:-78 in 4 locals: v121 at 309 Move v121 @ stack_-78_v10 (System.Nullable`1<System.Boolean>), 0 and 337 CallVoid Nullable`1<System.Int32Enum>..ctor, &v365 @ stack_-78_v9 (System.Nullable`1<Newtonsoft.Json.Schema.JsonSchemaType>), 127 are joined by a path across blocks
Unknown	Newtonsoft.Json.Linq.JRaw::CreateAsync stack:-80 in 2 locals: v50 at 37 Move v50 @ stack_-80_v1 (System.Int32), 0 and 67 CallVoid AsyncTaskMethodBuilder`1<System.Object>.Start, v67 @ X21_v5 (System.Int32), &v82 @ stack_-80_v3 (Newtonsoft.Json.Linq.JRaw+<CreateAsync>d__0) are joined by a path across blocks
Unknown	Newtonsoft.Json.Linq.JContainer::ReadTokenFromAsync stack:-B0 in 2 locals: v55 at 35 Move v55 @ stack_-B0_v1 (System.Int32), 0 and 68 CallVoid AsyncTaskMethodBuilder.Start, v82 @ X20_v2 (System.Int32), &v85 @ stack_-B0_v2 (Newtonsoft.Json.Linq.JContainer+<ReadTokenFromAsync>d__0) are joined by a path across blocks
Unknown	Newtonsoft.Json.Linq.JContainer::ReadContentFromAsync stack:-B0 in 2 locals: v56 at 36 Move v56 @ stack_-B0_v1 (System.Int32), 0 and 68 CallVoid AsyncTaskMethodBuilder.Start, v81 @ X20_v2 (System.Int32), &v84 @ stack_-B0_v2 (Newtonsoft.Json.Linq.JContainer+<ReadContentFromAsync>d__1) are joined by a path across blocks
Unknown	Newtonsoft.Json.Linq.JObject::LoadAsync stack:-A0 in 2 locals: v53 at 39 Move v53 @ stack_-A0_v1 (System.Int32), 0 and 71 CallVoid AsyncTaskMethodBuilder`1<System.Object>.Start, v71 @ X22_v5 (System.Int32), &v86 @ stack_-A0_v3 (Newtonsoft.Json.Linq.JObject+<LoadAsync>d__2) are joined by a path across blocks
Unknown	Newtonsoft.Json.Linq.JObject::<WriteToAsync>g__AwaitProperties|0_0 stack:-B0 in 2 locals: v60 at 38 Move v60 @ stack_-B0_v1 (System.Int32), 0 and 73 CallVoid AsyncTaskMethodBuilder.Start, v86 @ X20_v2 (System.Int32), &v89 @ stack_-B0_v2 (Newtonsoft.Json.Linq.JObject+<<WriteToAsync>g__AwaitProperties|0_0>d) are joined by a path across blocks
Unknown	Newtonsoft.Json.Linq.JProperty::WriteToAsync stack:-A0 in 2 locals: v58 at 37 Move v58 @ stack_-A0_v1 (System.Int32), 0 and 70 CallVoid AsyncTaskMethodBuilder.Start, v84 @ X20_v2 (System.Int32), &v87 @ stack_-A0_v2 (Newtonsoft.Json.Linq.JProperty+<WriteToAsync>d__1) are joined by a path across blocks
Unknown	Newtonsoft.Json.Linq.JProperty::LoadAsync stack:-A0 in 2 locals: v53 at 39 Move v53 @ stack_-A0_v1 (System.Int32), 0 and 71 CallVoid AsyncTaskMethodBuilder`1<System.Object>.Start, v71 @ X22_v5 (System.Int32), &v86 @ stack_-A0_v3 (Newtonsoft.Json.Linq.JProperty+<LoadAsync>d__4) are joined by a path across blocks
Unknown	Newtonsoft.Json.Serialization.JsonSerializerInternalReader::CreateObjectUsingCreatorWithParameters stack:-A0 in 3 locals: v492 at 580 Move v642.Presence (System.Nullable`1<Newtonsoft.Json.Serialization.JsonSerializerInternalReader+PropertyPresence>), v492 @ stack_-A0_v66 (System.Nullable`1<System.Int32Enum>) and 786 CallVoid Nullable`1<System.Int32Enum>..ctor, &v2300 @ stack_-A0_v62 (System.Nullable`1<System.Int32Enum>), v2311 @ X1_v175 (System.Int32Enum) are joined by a path across blocks
Unknown	Newtonsoft.Json.Serialization.JsonSerializerInternalWriter::CheckForCircularReference stack:-48 in 2 locals: v376 at -1 Move v93 @ stack_-48_v6 (System.Nullable`1<System.Int32Enum>), v376 @ stack_-48_v8 (System.Nullable`1<Newtonsoft.Json.ReferenceLoopHandling>) and 200 Call Nullable`1<System.Int32Enum>.GetValueOrDefault, v157 @ X0_v21, &v93 @ stack_-48_v6 (System.Nullable`1<System.Int32Enum>), v265._referenceLoopHandling (Newtonsoft.Json.ReferenceLoopHandling) are joined by a path across blocks
Unknown	Mono.Security.ASN1Convert::ToOid stack:-24 in 2 locals: v212 at -1 Move v385 @ X9_v10 (System.Int32), v212 @ stack_-24_v9 (System.Int32) and 88 Call Byte.ToString, v177 @ X0_v29 (System.String), &v166 @ stack_-24_v6 (System.Byte), v237 @ X0_v27 (System.Globalization.CultureInfo) are joined by a path across blocks
NonAlias	Newtonsoft.Json.Converters.IsoDateTimeConverter::ReadJson stack:-50 in 2 locals: no path joins the address-take and the other names
NonAlias	Newtonsoft.Json.Utilities.ConvertUtils::FromBigInteger stack:-58 in 2 locals: no path joins the address-take and the other names
Unknown	Mono.Security.Protocol.Ntlm.Type3Message::Decode stack:-34 in 11 locals: v85 at 138 Move v85 @ stack_-34_v11 (System.Int32), 0 and 59 CallVoid BitConverterLE.UShortFromBytes, &v121 @ stack_-34_v3 (System.Int32), message @ X1 (System.Byte[]), 16 are joined by a path across blocks
NonAlias	Newtonsoft.Json.Utilities.ConvertUtils::TryConvertInternal stack:-88 in 4 locals: no path joins the address-take and the other names
Unknown	Newtonsoft.Json.Utilities.ConvertUtils::DecimalTryParse stack:-90 in 3 locals: v1244 at 988 Move v1244 @ stack_-90_v11 (System.Nullable`1<System.Int32>), 0 and 1228 CallVoid Decimal..ctor, &v1060 @ stack_-90_v20 (System.Decimal), 1, 0, 0, 0, v1273 @ X5_v25 (System.Byte) are joined by a path across blocks
